max-rss,error,input,job-name,account,cpus-per-task,ntasks,elapsed,all-states,start,MaxDegree,job-id,time,script-file,Flags,max-witness-size,mem-per-cpu,Search Options,finish,conjecture-status, Search Type,error-output,status,width,iteration,ntasks-per-node,command
0,,../../inputs/MaxDegree_1,19562052,NN9535K,1,1,00:00:01,9,Wed Dec 22 18:58:56 CET 2021,1,4728446,14-00:00:00,/cluster/projects/nn9535k/farhad/2021/22dec/max-degree-iso-bfs/main-script/job-generation/../../jobs/19562052.sh, -pl -pdbgn ,1,2G, ,22 18:58:58 CET 2021,"Conjecture: Satisfied
",IsomorphismBreadthFirstSearch,,DONE, pw = 1,7,1,/cluster/home/farhadvadiee/2021/22dec/max-degree-iso-bfs/Build/./treewidzard -search   pw = 1  -pl -pdbgn    IsomorphismBreadthFirstSearch ../../inputs/MaxDegree_1.txt > /cluster/projects/nn9535k/farhad/2021/22dec/max-degree-iso-bfs/main-script/job-generation/../../program-outputs/19562052.txt
0,,../../inputs/MaxDegree_1,19562057,NN9535K,1,1,00:00:01,6,Wed Dec 22 18:58:56 CET 2021,1,4728447,14-00:00:00,/cluster/projects/nn9535k/farhad/2021/22dec/max-degree-iso-bfs/main-script/job-generation/../../jobs/19562057.sh, -pl -pdbgn ,1,2G,-premise,22 18:58:58 CET 2021,"Conjecture: Satisfied
",IsomorphismBreadthFirstSearch,,DONE, pw = 1,6,1,/cluster/home/farhadvadiee/2021/22dec/max-degree-iso-bfs/Build/./treewidzard -search   pw = 1  -pl -pdbgn  -premise IsomorphismBreadthFirstSearch ../../inputs/MaxDegree_1.txt > /cluster/projects/nn9535k/farhad/2021/22dec/max-degree-iso-bfs/main-script/job-generation/../../program-outputs/19562057.txt
0,,../../inputs/MaxDegree_1,19562063,NN9535K,1,1,00:00:01,14,Wed Dec 22 18:58:56 CET 2021,1,4728448,14-00:00:00,/cluster/projects/nn9535k/farhad/2021/22dec/max-degree-iso-bfs/main-script/job-generation/../../jobs/19562063.sh, -pl -pdbgn ,1,2G, ,22 18:58:58 CET 2021,"Conjecture: Satisfied
",IsomorphismBreadthFirstSearch,,DONE, pw = 2,8,1,/cluster/home/farhadvadiee/2021/22dec/max-degree-iso-bfs/Build/./treewidzard -search   pw = 2  -pl -pdbgn    IsomorphismBreadthFirstSearch ../../inputs/MaxDegree_1.txt > /cluster/projects/nn9535k/farhad/2021/22dec/max-degree-iso-bfs/main-script/job-generation/../../program-outputs/19562063.txt
0,,../../inputs/MaxDegree_1,19562068,NN9535K,1,1,00:00:01,10,Wed Dec 22 18:58:56 CET 2021,1,4728449,14-00:00:00,/cluster/projects/nn9535k/farhad/2021/22dec/max-degree-iso-bfs/main-script/job-generation/../../jobs/19562068.sh, -pl -pdbgn ,1,2G,-premise,22 18:58:58 CET 2021,"Conjecture: Satisfied
",IsomorphismBreadthFirstSearch,,DONE, pw = 2,8,1,/cluster/home/farhadvadiee/2021/22dec/max-degree-iso-bfs/Build/./treewidzard -search   pw = 2  -pl -pdbgn  -premise IsomorphismBreadthFirstSearch ../../inputs/MaxDegree_1.txt > /cluster/projects/nn9535k/farhad/2021/22dec/max-degree-iso-bfs/main-script/job-generation/../../program-outputs/19562068.txt
0,,../../inputs/MaxDegree_1,19562073,NN9535K,1,1,00:00:01,20,Wed Dec 22 18:58:56 CET 2021,1,4728450,14-00:00:00,/cluster/projects/nn9535k/farhad/2021/22dec/max-degree-iso-bfs/main-script/job-generation/../../jobs/19562073.sh, -pl -pdbgn ,1,2G, ,22 18:58:57 CET 2021,"Conjecture: Satisfied
",IsomorphismBreadthFirstSearch,,DONE, pw = 3,9,1,/cluster/home/farhadvadiee/2021/22dec/max-degree-iso-bfs/Build/./treewidzard -search   pw = 3  -pl -pdbgn    IsomorphismBreadthFirstSearch ../../inputs/MaxDegree_1.txt > /cluster/projects/nn9535k/farhad/2021/22dec/max-degree-iso-bfs/main-script/job-generation/../../program-outputs/19562073.txt
0,,../../inputs/MaxDegree_1,19562078,NN9535K,1,1,00:00:01,15,Wed Dec 22 18:58:56 CET 2021,1,4728451,14-00:00:00,/cluster/projects/nn9535k/farhad/2021/22dec/max-degree-iso-bfs/main-script/job-generation/../../jobs/19562078.sh, -pl -pdbgn ,1,2G,-premise,22 18:58:57 CET 2021,"Conjecture: Satisfied
",IsomorphismBreadthFirstSearch,,DONE, pw = 3,9,1,/cluster/home/farhadvadiee/2021/22dec/max-degree-iso-bfs/Build/./treewidzard -search   pw = 3  -pl -pdbgn  -premise IsomorphismBreadthFirstSearch ../../inputs/MaxDegree_1.txt > /cluster/projects/nn9535k/farhad/2021/22dec/max-degree-iso-bfs/main-script/job-generation/../../program-outputs/19562078.txt
0,,../../inputs/MaxDegree_1,19562083,NN9535K,1,1,00:00:01,27,Wed Dec 22 18:58:56 CET 2021,1,4728452,14-00:00:00,/cluster/projects/nn9535k/farhad/2021/22dec/max-degree-iso-bfs/main-script/job-generation/../../jobs/19562083.sh, -pl -pdbgn ,1,2G, ,22 18:58:58 CET 2021,"Conjecture: Satisfied
",IsomorphismBreadthFirstSearch,,DONE, pw = 4,11,1,/cluster/home/farhadvadiee/2021/22dec/max-degree-iso-bfs/Build/./treewidzard -search   pw = 4  -pl -pdbgn    IsomorphismBreadthFirstSearch ../../inputs/MaxDegree_1.txt > /cluster/projects/nn9535k/farhad/2021/22dec/max-degree-iso-bfs/main-script/job-generation/../../program-outputs/19562083.txt
0,,../../inputs/MaxDegree_1,19562088,NN9535K,1,1,00:00:01,21,Wed Dec 22 18:58:57 CET 2021,1,4728453,14-00:00:00,/cluster/projects/nn9535k/farhad/2021/22dec/max-degree-iso-bfs/main-script/job-generation/../../jobs/19562088.sh, -pl -pdbgn ,1,2G,-premise,22 18:58:58 CET 2021,"Conjecture: Satisfied
",IsomorphismBreadthFirstSearch,,DONE, pw = 4,11,1,/cluster/home/farhadvadiee/2021/22dec/max-degree-iso-bfs/Build/./treewidzard -search   pw = 4  -pl -pdbgn  -premise IsomorphismBreadthFirstSearch ../../inputs/MaxDegree_1.txt > /cluster/projects/nn9535k/farhad/2021/22dec/max-degree-iso-bfs/main-script/job-generation/../../program-outputs/19562088.txt
0,,../../inputs/MaxDegree_1,19562093,NN9535K,1,1,00:00:05,35,Wed Dec 22 18:58:56 CET 2021,1,4728454,14-00:00:00,/cluster/projects/nn9535k/farhad/2021/22dec/max-degree-iso-bfs/main-script/job-generation/../../jobs/19562093.sh, -pl -pdbgn ,1,2G, ,22 18:59:03 CET 2021,"Conjecture: Satisfied
",IsomorphismBreadthFirstSearch,,DONE, pw = 5,12,1,/cluster/home/farhadvadiee/2021/22dec/max-degree-iso-bfs/Build/./treewidzard -search   pw = 5  -pl -pdbgn    IsomorphismBreadthFirstSearch ../../inputs/MaxDegree_1.txt > /cluster/projects/nn9535k/farhad/2021/22dec/max-degree-iso-bfs/main-script/job-generation/../../program-outputs/19562093.txt
0,,../../inputs/MaxDegree_1,19562099,NN9535K,1,1,00:00:04,28,Wed Dec 22 18:58:56 CET 2021,1,4728455,14-00:00:00,/cluster/projects/nn9535k/farhad/2021/22dec/max-degree-iso-bfs/main-script/job-generation/../../jobs/19562099.sh, -pl -pdbgn ,1,2G,-premise,22 18:59:01 CET 2021,"Conjecture: Satisfied
",IsomorphismBreadthFirstSearch,,DONE, pw = 5,12,1,/cluster/home/farhadvadiee/2021/22dec/max-degree-iso-bfs/Build/./treewidzard -search   pw = 5  -pl -pdbgn  -premise IsomorphismBreadthFirstSearch ../../inputs/MaxDegree_1.txt > /cluster/projects/nn9535k/farhad/2021/22dec/max-degree-iso-bfs/main-script/job-generation/../../program-outputs/19562099.txt
1220K,,../../inputs/MaxDegree_1,19562104,NN9535K,1,1,00:00:40,44,Wed Dec 22 18:58:56 CET 2021,1,4728456,14-00:00:00,/cluster/projects/nn9535k/farhad/2021/22dec/max-degree-iso-bfs/main-script/job-generation/../../jobs/19562104.sh, -pl -pdbgn ,1,2G, ,22 18:59:36 CET 2021,"Conjecture: Satisfied
",IsomorphismBreadthFirstSearch,,DONE, pw = 6,14,1,/cluster/home/farhadvadiee/2021/22dec/max-degree-iso-bfs/Build/./treewidzard -search   pw = 6  -pl -pdbgn    IsomorphismBreadthFirstSearch ../../inputs/MaxDegree_1.txt > /cluster/projects/nn9535k/farhad/2021/22dec/max-degree-iso-bfs/main-script/job-generation/../../program-outputs/19562104.txt
1208K,,../../inputs/MaxDegree_1,19562109,NN9535K,1,1,00:00:37,36,Wed Dec 22 18:58:56 CET 2021,1,4728457,14-00:00:00,/cluster/projects/nn9535k/farhad/2021/22dec/max-degree-iso-bfs/main-script/job-generation/../../jobs/19562109.sh, -pl -pdbgn ,1,2G,-premise,22 18:59:34 CET 2021,"Conjecture: Satisfied
",IsomorphismBreadthFirstSearch,,DONE, pw = 6,14,1,/cluster/home/farhadvadiee/2021/22dec/max-degree-iso-bfs/Build/./treewidzard -search   pw = 6  -pl -pdbgn  -premise IsomorphismBreadthFirstSearch ../../inputs/MaxDegree_1.txt > /cluster/projects/nn9535k/farhad/2021/22dec/max-degree-iso-bfs/main-script/job-generation/../../program-outputs/19562109.txt
1428K,,../../inputs/MaxDegree_1,19562115,NN9535K,1,1,00:09:09,54,Wed Dec 22 18:58:57 CET 2021,1,4728458,14-00:00:00,/cluster/projects/nn9535k/farhad/2021/22dec/max-degree-iso-bfs/main-script/job-generation/../../jobs/19562115.sh, -pl -pdbgn ,1,2G, ,22 19:08:05 CET 2021,"Conjecture: Satisfied
",IsomorphismBreadthFirstSearch,,DONE, pw = 7,15,1,/cluster/home/farhadvadiee/2021/22dec/max-degree-iso-bfs/Build/./treewidzard -search   pw = 7  -pl -pdbgn    IsomorphismBreadthFirstSearch ../../inputs/MaxDegree_1.txt > /cluster/projects/nn9535k/farhad/2021/22dec/max-degree-iso-bfs/main-script/job-generation/../../program-outputs/19562115.txt
1416K,,../../inputs/MaxDegree_1,19562120,NN9535K,1,1,00:08:44,45,Wed Dec 22 18:58:57 CET 2021,1,4728459,14-00:00:00,/cluster/projects/nn9535k/farhad/2021/22dec/max-degree-iso-bfs/main-script/job-generation/../../jobs/19562120.sh, -pl -pdbgn ,1,2G,-premise,22 19:07:41 CET 2021,"Conjecture: Satisfied
",IsomorphismBreadthFirstSearch,,DONE, pw = 7,15,1,/cluster/home/farhadvadiee/2021/22dec/max-degree-iso-bfs/Build/./treewidzard -search   pw = 7  -pl -pdbgn  -premise IsomorphismBreadthFirstSearch ../../inputs/MaxDegree_1.txt > /cluster/projects/nn9535k/farhad/2021/22dec/max-degree-iso-bfs/main-script/job-generation/../../program-outputs/19562120.txt
0,,../../inputs/MaxDegree_2,19562126,NN9535K,1,1,00:00:02,13,Wed Dec 22 18:58:57 CET 2021,2,4728460,14-00:00:00,/cluster/projects/nn9535k/farhad/2021/22dec/max-degree-iso-bfs/main-script/job-generation/../../jobs/19562126.sh, -pl -pdbgn ,1,2G, ,22 18:58:59 CET 2021,"Conjecture: Satisfied
",IsomorphismBreadthFirstSearch,,DONE, pw = 1,8,1,/cluster/home/farhadvadiee/2021/22dec/max-degree-iso-bfs/Build/./treewidzard -search   pw = 1  -pl -pdbgn    IsomorphismBreadthFirstSearch ../../inputs/MaxDegree_2.txt > /cluster/projects/nn9535k/farhad/2021/22dec/max-degree-iso-bfs/main-script/job-generation/../../program-outputs/19562126.txt
0,,../../inputs/MaxDegree_2,19562132,NN9535K,1,1,00:00:02,10,Wed Dec 22 18:58:57 CET 2021,2,4728461,14-00:00:00,/cluster/projects/nn9535k/farhad/2021/22dec/max-degree-iso-bfs/main-script/job-generation/../../jobs/19562132.sh, -pl -pdbgn ,1,2G,-premise,22 18:59:00 CET 2021,"Conjecture: Satisfied
",IsomorphismBreadthFirstSearch,,DONE, pw = 1,7,1,/cluster/home/farhadvadiee/2021/22dec/max-degree-iso-bfs/Build/./treewidzard -search   pw = 1  -pl -pdbgn  -premise IsomorphismBreadthFirstSearch ../../inputs/MaxDegree_2.txt > /cluster/projects/nn9535k/farhad/2021/22dec/max-degree-iso-bfs/main-script/job-generation/../../program-outputs/19562132.txt
0,,../../inputs/MaxDegree_2,19562137,NN9535K,1,1,00:00:02,24,Wed Dec 22 18:58:57 CET 2021,2,4728462,14-00:00:00,/cluster/projects/nn9535k/farhad/2021/22dec/max-degree-iso-bfs/main-script/job-generation/../../jobs/19562137.sh, -pl -pdbgn ,1,2G, ,22 18:59:00 CET 2021,"Conjecture: Satisfied
",IsomorphismBreadthFirstSearch,,DONE, pw = 2,9,1,/cluster/home/farhadvadiee/2021/22dec/max-degree-iso-bfs/Build/./treewidzard -search   pw = 2  -pl -pdbgn    IsomorphismBreadthFirstSearch ../../inputs/MaxDegree_2.txt > /cluster/projects/nn9535k/farhad/2021/22dec/max-degree-iso-bfs/main-script/job-generation/../../program-outputs/19562137.txt
0,,../../inputs/MaxDegree_2,19562142,NN9535K,1,1,00:00:02,20,Wed Dec 22 18:58:57 CET 2021,2,4728463,14-00:00:00,/cluster/projects/nn9535k/farhad/2021/22dec/max-degree-iso-bfs/main-script/job-generation/../../jobs/19562142.sh, -pl -pdbgn ,1,2G,-premise,22 18:59:00 CET 2021,"Conjecture: Satisfied
",IsomorphismBreadthFirstSearch,,DONE, pw = 2,9,1,/cluster/home/farhadvadiee/2021/22dec/max-degree-iso-bfs/Build/./treewidzard -search   pw = 2  -pl -pdbgn  -premise IsomorphismBreadthFirstSearch ../../inputs/MaxDegree_2.txt > /cluster/projects/nn9535k/farhad/2021/22dec/max-degree-iso-bfs/main-script/job-generation/../../program-outputs/19562142.txt
0,,../../inputs/MaxDegree_2,19562147,NN9535K,1,1,00:00:03,40,Wed Dec 22 18:58:57 CET 2021,2,4728464,14-00:00:00,/cluster/projects/nn9535k/farhad/2021/22dec/max-degree-iso-bfs/main-script/job-generation/../../jobs/19562147.sh, -pl -pdbgn ,1,2G, ,22 18:58:59 CET 2021,"Conjecture: Satisfied
",IsomorphismBreadthFirstSearch,,DONE, pw = 3,11,1,/cluster/home/farhadvadiee/2021/22dec/max-degree-iso-bfs/Build/./treewidzard -search   pw = 3  -pl -pdbgn    IsomorphismBreadthFirstSearch ../../inputs/MaxDegree_2.txt > /cluster/projects/nn9535k/farhad/2021/22dec/max-degree-iso-bfs/main-script/job-generation/../../program-outputs/19562147.txt
0,,../../inputs/MaxDegree_2,19562153,NN9535K,1,1,00:00:03,35,Wed Dec 22 18:58:57 CET 2021,2,4728465,14-00:00:00,/cluster/projects/nn9535k/farhad/2021/22dec/max-degree-iso-bfs/main-script/job-generation/../../jobs/19562153.sh, -pl -pdbgn ,1,2G,-premise,22 18:59:00 CET 2021,"Conjecture: Satisfied
",IsomorphismBreadthFirstSearch,,DONE, pw = 3,11,1,/cluster/home/farhadvadiee/2021/22dec/max-degree-iso-bfs/Build/./treewidzard -search   pw = 3  -pl -pdbgn  -premise IsomorphismBreadthFirstSearch ../../inputs/MaxDegree_2.txt > /cluster/projects/nn9535k/farhad/2021/22dec/max-degree-iso-bfs/main-script/job-generation/../../program-outputs/19562153.txt
0,,../../inputs/MaxDegree_2,19562158,NN9535K,1,1,00:00:06,62,Wed Dec 22 18:58:57 CET 2021,2,4728466,14-00:00:00,/cluster/projects/nn9535k/farhad/2021/22dec/max-degree-iso-bfs/main-script/job-generation/../../jobs/19562158.sh, -pl -pdbgn ,1,2G, ,22 18:59:02 CET 2021,"Conjecture: Satisfied
",IsomorphismBreadthFirstSearch,,DONE, pw = 4,13,1,/cluster/home/farhadvadiee/2021/22dec/max-degree-iso-bfs/Build/./treewidzard -search   pw = 4  -pl -pdbgn    IsomorphismBreadthFirstSearch ../../inputs/MaxDegree_2.txt > /cluster/projects/nn9535k/farhad/2021/22dec/max-degree-iso-bfs/main-script/job-generation/../../program-outputs/19562158.txt
0,,../../inputs/MaxDegree_2,19562163,NN9535K,1,1,00:00:06,56,Wed Dec 22 18:58:57 CET 2021,2,4728467,14-00:00:00,/cluster/projects/nn9535k/farhad/2021/22dec/max-degree-iso-bfs/main-script/job-generation/../../jobs/19562163.sh, -pl -pdbgn ,1,2G,-premise,22 18:59:02 CET 2021,"Conjecture: Satisfied
",IsomorphismBreadthFirstSearch,,DONE, pw = 4,13,1,/cluster/home/farhadvadiee/2021/22dec/max-degree-iso-bfs/Build/./treewidzard -search   pw = 4  -pl -pdbgn  -premise IsomorphismBreadthFirstSearch ../../inputs/MaxDegree_2.txt > /cluster/projects/nn9535k/farhad/2021/22dec/max-degree-iso-bfs/main-script/job-generation/../../program-outputs/19562163.txt
0,,../../inputs/MaxDegree_2,19562169,NN9535K,1,1,00:00:30,91,Wed Dec 22 18:58:57 CET 2021,2,4728468,14-00:00:00,/cluster/projects/nn9535k/farhad/2021/22dec/max-degree-iso-bfs/main-script/job-generation/../../jobs/19562169.sh, -pl -pdbgn ,1,2G, ,22 18:59:26 CET 2021,"Conjecture: Satisfied
",IsomorphismBreadthFirstSearch,,DONE, pw = 5,15,1,/cluster/home/farhadvadiee/2021/22dec/max-degree-iso-bfs/Build/./treewidzard -search   pw = 5  -pl -pdbgn    IsomorphismBreadthFirstSearch ../../inputs/MaxDegree_2.txt > /cluster/projects/nn9535k/farhad/2021/22dec/max-degree-iso-bfs/main-script/job-generation/../../program-outputs/19562169.txt
0,,../../inputs/MaxDegree_2,19562174,NN9535K,1,1,00:00:29,84,Wed Dec 22 18:58:57 CET 2021,2,4728469,14-00:00:00,/cluster/projects/nn9535k/farhad/2021/22dec/max-degree-iso-bfs/main-script/job-generation/../../jobs/19562174.sh, -pl -pdbgn ,1,2G,-premise,22 18:59:25 CET 2021,"Conjecture: Satisfied
",IsomorphismBreadthFirstSearch,,DONE, pw = 5,15,1,/cluster/home/farhadvadiee/2021/22dec/max-degree-iso-bfs/Build/./treewidzard -search   pw = 5  -pl -pdbgn  -premise IsomorphismBreadthFirstSearch ../../inputs/MaxDegree_2.txt > /cluster/projects/nn9535k/farhad/2021/22dec/max-degree-iso-bfs/main-script/job-generation/../../program-outputs/19562174.txt
3008K,,../../inputs/MaxDegree_2,19562179,NN9535K,1,1,00:11:01,128,Wed Dec 22 18:58:58 CET 2021,2,4728470,14-00:00:00,/cluster/projects/nn9535k/farhad/2021/22dec/max-degree-iso-bfs/main-script/job-generation/../../jobs/19562179.sh, -pl -pdbgn ,1,2G, ,22 19:09:57 CET 2021,"Conjecture: Satisfied
",IsomorphismBreadthFirstSearch,,DONE, pw = 6,17,1,/cluster/home/farhadvadiee/2021/22dec/max-degree-iso-bfs/Build/./treewidzard -search   pw = 6  -pl -pdbgn    IsomorphismBreadthFirstSearch ../../inputs/MaxDegree_2.txt > /cluster/projects/nn9535k/farhad/2021/22dec/max-degree-iso-bfs/main-script/job-generation/../../program-outputs/19562179.txt
3000K,,../../inputs/MaxDegree_2,19562184,NN9535K,1,1,00:11:00,120,Wed Dec 22 18:58:58 CET 2021,2,4728471,14-00:00:00,/cluster/projects/nn9535k/farhad/2021/22dec/max-degree-iso-bfs/main-script/job-generation/../../jobs/19562184.sh, -pl -pdbgn ,1,2G,-premise,22 19:09:56 CET 2021,"Conjecture: Satisfied
",IsomorphismBreadthFirstSearch,,DONE, pw = 6,17,1,/cluster/home/farhadvadiee/2021/22dec/max-degree-iso-bfs/Build/./treewidzard -search   pw = 6  -pl -pdbgn  -premise IsomorphismBreadthFirstSearch ../../inputs/MaxDegree_2.txt > /cluster/projects/nn9535k/farhad/2021/22dec/max-degree-iso-bfs/main-script/job-generation/../../program-outputs/19562184.txt
7132K,,../../inputs/MaxDegree_2,19562189,NN9535K,1,1,05:45:08,174,Wed Dec 22 18:58:58 CET 2021,2,4728472,14-00:00:00,/cluster/projects/nn9535k/farhad/2021/22dec/max-degree-iso-bfs/main-script/job-generation/../../jobs/19562189.sh, -pl -pdbgn ,1,2G, ,23 00:44:05 CET 2021,"Conjecture: Satisfied
",IsomorphismBreadthFirstSearch,,DONE, pw = 7,19,1,/cluster/home/farhadvadiee/2021/22dec/max-degree-iso-bfs/Build/./treewidzard -search   pw = 7  -pl -pdbgn    IsomorphismBreadthFirstSearch ../../inputs/MaxDegree_2.txt > /cluster/projects/nn9535k/farhad/2021/22dec/max-degree-iso-bfs/main-script/job-generation/../../program-outputs/19562189.txt
7128K,,../../inputs/MaxDegree_2,19562194,NN9535K,1,1,05:44:42,165,Wed Dec 22 18:58:58 CET 2021,2,4728473,14-00:00:00,/cluster/projects/nn9535k/farhad/2021/22dec/max-degree-iso-bfs/main-script/job-generation/../../jobs/19562194.sh, -pl -pdbgn ,1,2G,-premise,23 00:43:38 CET 2021,"Conjecture: Satisfied
",IsomorphismBreadthFirstSearch,,DONE, pw = 7,19,1,/cluster/home/farhadvadiee/2021/22dec/max-degree-iso-bfs/Build/./treewidzard -search   pw = 7  -pl -pdbgn  -premise IsomorphismBreadthFirstSearch ../../inputs/MaxDegree_2.txt > /cluster/projects/nn9535k/farhad/2021/22dec/max-degree-iso-bfs/main-script/job-generation/../../program-outputs/19562194.txt
0,,../../inputs/MaxDegree_3,19562200,NN9535K,1,1,00:00:00,18,Wed Dec 22 18:59:23 CET 2021,3,4728474,14-00:00:00,/cluster/projects/nn9535k/farhad/2021/22dec/max-degree-iso-bfs/main-script/job-generation/../../jobs/19562200.sh, -pl -pdbgn ,1,2G, ,22 18:59:25 CET 2021,"Conjecture: Satisfied
",IsomorphismBreadthFirstSearch,,DONE, pw = 1,9,1,/cluster/home/farhadvadiee/2021/22dec/max-degree-iso-bfs/Build/./treewidzard -search   pw = 1  -pl -pdbgn    IsomorphismBreadthFirstSearch ../../inputs/MaxDegree_3.txt > /cluster/projects/nn9535k/farhad/2021/22dec/max-degree-iso-bfs/main-script/job-generation/../../program-outputs/19562200.txt
0,,../../inputs/MaxDegree_3,19562206,NN9535K,1,1,00:00:01,15,Wed Dec 22 18:59:23 CET 2021,3,4728475,14-00:00:00,/cluster/projects/nn9535k/farhad/2021/22dec/max-degree-iso-bfs/main-script/job-generation/../../jobs/19562206.sh, -pl -pdbgn ,1,2G,-premise,22 18:59:25 CET 2021,"Conjecture: Satisfied
",IsomorphismBreadthFirstSearch,,DONE, pw = 1,8,1,/cluster/home/farhadvadiee/2021/22dec/max-degree-iso-bfs/Build/./treewidzard -search   pw = 1  -pl -pdbgn  -premise IsomorphismBreadthFirstSearch ../../inputs/MaxDegree_3.txt > /cluster/projects/nn9535k/farhad/2021/22dec/max-degree-iso-bfs/main-script/job-generation/../../program-outputs/19562206.txt
0,,../../inputs/MaxDegree_3,19562211,NN9535K,1,1,00:00:01,39,Wed Dec 22 18:59:23 CET 2021,3,4728476,14-00:00:00,/cluster/projects/nn9535k/farhad/2021/22dec/max-degree-iso-bfs/main-script/job-generation/../../jobs/19562211.sh, -pl -pdbgn ,1,2G, ,22 18:59:25 CET 2021,"Conjecture: Satisfied
",IsomorphismBreadthFirstSearch,,DONE, pw = 2,11,1,/cluster/home/farhadvadiee/2021/22dec/max-degree-iso-bfs/Build/./treewidzard -search   pw = 2  -pl -pdbgn    IsomorphismBreadthFirstSearch ../../inputs/MaxDegree_3.txt > /cluster/projects/nn9535k/farhad/2021/22dec/max-degree-iso-bfs/main-script/job-generation/../../program-outputs/19562211.txt
0,,../../inputs/MaxDegree_3,19562216,NN9535K,1,1,00:00:00,35,Wed Dec 22 18:59:23 CET 2021,3,4728477,14-00:00:00,/cluster/projects/nn9535k/farhad/2021/22dec/max-degree-iso-bfs/main-script/job-generation/../../jobs/19562216.sh, -pl -pdbgn ,1,2G,-premise,22 18:59:24 CET 2021,"Conjecture: Satisfied
",IsomorphismBreadthFirstSearch,,DONE, pw = 2,11,1,/cluster/home/farhadvadiee/2021/22dec/max-degree-iso-bfs/Build/./treewidzard -search   pw = 2  -pl -pdbgn  -premise IsomorphismBreadthFirstSearch ../../inputs/MaxDegree_3.txt > /cluster/projects/nn9535k/farhad/2021/22dec/max-degree-iso-bfs/main-script/job-generation/../../program-outputs/19562216.txt
0,,../../inputs/MaxDegree_3,19562223,NN9535K,1,1,00:00:02,75,Wed Dec 22 18:59:23 CET 2021,3,4728478,14-00:00:00,/cluster/projects/nn9535k/farhad/2021/22dec/max-degree-iso-bfs/main-script/job-generation/../../jobs/19562223.sh, -pl -pdbgn ,1,2G, ,22 18:59:25 CET 2021,"Conjecture: Satisfied
",IsomorphismBreadthFirstSearch,,DONE, pw = 3,13,1,/cluster/home/farhadvadiee/2021/22dec/max-degree-iso-bfs/Build/./treewidzard -search   pw = 3  -pl -pdbgn    IsomorphismBreadthFirstSearch ../../inputs/MaxDegree_3.txt > /cluster/projects/nn9535k/farhad/2021/22dec/max-degree-iso-bfs/main-script/job-generation/../../program-outputs/19562223.txt
0,,../../inputs/MaxDegree_3,19562228,NN9535K,1,1,00:00:01,70,Wed Dec 22 18:59:23 CET 2021,3,4728479,14-00:00:00,/cluster/projects/nn9535k/farhad/2021/22dec/max-degree-iso-bfs/main-script/job-generation/../../jobs/19562228.sh, -pl -pdbgn ,1,2G,-premise,22 18:59:24 CET 2021,"Conjecture: Satisfied
",IsomorphismBreadthFirstSearch,,DONE, pw = 3,13,1,/cluster/home/farhadvadiee/2021/22dec/max-degree-iso-bfs/Build/./treewidzard -search   pw = 3  -pl -pdbgn  -premise IsomorphismBreadthFirstSearch ../../inputs/MaxDegree_3.txt > /cluster/projects/nn9535k/farhad/2021/22dec/max-degree-iso-bfs/main-script/job-generation/../../program-outputs/19562228.txt
0,,../../inputs/MaxDegree_3,19562233,NN9535K,1,1,00:00:09,132,Wed Dec 22 18:59:23 CET 2021,3,4728480,14-00:00:00,/cluster/projects/nn9535k/farhad/2021/22dec/max-degree-iso-bfs/main-script/job-generation/../../jobs/19562233.sh, -pl -pdbgn ,1,2G, ,22 18:59:32 CET 2021,"Conjecture: Satisfied
",IsomorphismBreadthFirstSearch,,DONE, pw = 4,16,1,/cluster/home/farhadvadiee/2021/22dec/max-degree-iso-bfs/Build/./treewidzard -search   pw = 4  -pl -pdbgn    IsomorphismBreadthFirstSearch ../../inputs/MaxDegree_3.txt > /cluster/projects/nn9535k/farhad/2021/22dec/max-degree-iso-bfs/main-script/job-generation/../../program-outputs/19562233.txt
0,,../../inputs/MaxDegree_3,19562237,NN9535K,1,1,00:00:09,126,Wed Dec 22 18:59:23 CET 2021,3,4728481,14-00:00:00,/cluster/projects/nn9535k/farhad/2021/22dec/max-degree-iso-bfs/main-script/job-generation/../../jobs/19562237.sh, -pl -pdbgn ,1,2G,-premise,22 18:59:32 CET 2021,"Conjecture: Satisfied
",IsomorphismBreadthFirstSearch,,DONE, pw = 4,16,1,/cluster/home/farhadvadiee/2021/22dec/max-degree-iso-bfs/Build/./treewidzard -search   pw = 4  -pl -pdbgn  -premise IsomorphismBreadthFirstSearch ../../inputs/MaxDegree_3.txt > /cluster/projects/nn9535k/farhad/2021/22dec/max-degree-iso-bfs/main-script/job-generation/../../program-outputs/19562237.txt
4016K,,../../inputs/MaxDegree_3,19562242,NN9535K,1,1,00:04:58,217,Wed Dec 22 18:59:23 CET 2021,3,4728482,14-00:00:00,/cluster/projects/nn9535k/farhad/2021/22dec/max-degree-iso-bfs/main-script/job-generation/../../jobs/19562242.sh, -pl -pdbgn ,1,2G, ,22 19:04:22 CET 2021,"Conjecture: Satisfied
",IsomorphismBreadthFirstSearch,,DONE, pw = 5,18,1,/cluster/home/farhadvadiee/2021/22dec/max-degree-iso-bfs/Build/./treewidzard -search   pw = 5  -pl -pdbgn    IsomorphismBreadthFirstSearch ../../inputs/MaxDegree_3.txt > /cluster/projects/nn9535k/farhad/2021/22dec/max-degree-iso-bfs/main-script/job-generation/../../program-outputs/19562242.txt
4024K,,../../inputs/MaxDegree_3,19562247,NN9535K,1,1,00:04:58,210,Wed Dec 22 18:59:23 CET 2021,3,4728483,14-00:00:00,/cluster/projects/nn9535k/farhad/2021/22dec/max-degree-iso-bfs/main-script/job-generation/../../jobs/19562247.sh, -pl -pdbgn ,1,2G,-premise,22 19:04:21 CET 2021,"Conjecture: Satisfied
",IsomorphismBreadthFirstSearch,,DONE, pw = 5,18,1,/cluster/home/farhadvadiee/2021/22dec/max-degree-iso-bfs/Build/./treewidzard -search   pw = 5  -pl -pdbgn  -premise IsomorphismBreadthFirstSearch ../../inputs/MaxDegree_3.txt > /cluster/projects/nn9535k/farhad/2021/22dec/max-degree-iso-bfs/main-script/job-generation/../../program-outputs/19562247.txt
13660K,,../../inputs/MaxDegree_3,19562252,NN9535K,1,1,03:31:49,338,Wed Dec 22 18:59:23 CET 2021,3,4728484,14-00:00:00,/cluster/projects/nn9535k/farhad/2021/22dec/max-degree-iso-bfs/main-script/job-generation/../../jobs/19562252.sh, -pl -pdbgn ,1,2G, ,22 22:31:12 CET 2021,"Conjecture: Satisfied
",IsomorphismBreadthFirstSearch,,DONE, pw = 6,21,1,/cluster/home/farhadvadiee/2021/22dec/max-degree-iso-bfs/Build/./treewidzard -search   pw = 6  -pl -pdbgn    IsomorphismBreadthFirstSearch ../../inputs/MaxDegree_3.txt > /cluster/projects/nn9535k/farhad/2021/22dec/max-degree-iso-bfs/main-script/job-generation/../../program-outputs/19562252.txt
13656K,,../../inputs/MaxDegree_3,19562258,NN9535K,1,1,03:31:45,330,Wed Dec 22 18:59:23 CET 2021,3,4728485,14-00:00:00,/cluster/projects/nn9535k/farhad/2021/22dec/max-degree-iso-bfs/main-script/job-generation/../../jobs/19562258.sh, -pl -pdbgn ,1,2G,-premise,22 22:31:08 CET 2021,"Conjecture: Satisfied
",IsomorphismBreadthFirstSearch,,DONE, pw = 6,21,1,/cluster/home/farhadvadiee/2021/22dec/max-degree-iso-bfs/Build/./treewidzard -search   pw = 6  -pl -pdbgn  -premise IsomorphismBreadthFirstSearch ../../inputs/MaxDegree_3.txt > /cluster/projects/nn9535k/farhad/2021/22dec/max-degree-iso-bfs/main-script/job-generation/../../program-outputs/19562258.txt
54732K,,../../inputs/MaxDegree_3,19562263,NN9535K,1,1,7-18:51:37,504,Wed Dec 22 18:59:23 CET 2021,3,4728486,14-00:00:00,/cluster/projects/nn9535k/farhad/2021/22dec/max-degree-iso-bfs/main-script/job-generation/../../jobs/19562263.sh, -pl -pdbgn ,1,2G, ,30 13:51:01 CET 2021,"Conjecture: Satisfied
",IsomorphismBreadthFirstSearch,,DONE, pw = 7,23,1,/cluster/home/farhadvadiee/2021/22dec/max-degree-iso-bfs/Build/./treewidzard -search   pw = 7  -pl -pdbgn    IsomorphismBreadthFirstSearch ../../inputs/MaxDegree_3.txt > /cluster/projects/nn9535k/farhad/2021/22dec/max-degree-iso-bfs/main-script/job-generation/../../program-outputs/19562263.txt
54720K,,../../inputs/MaxDegree_3,19562269,NN9535K,1,1,7-18:33:49,495,Wed Dec 22 18:59:23 CET 2021,3,4728487,14-00:00:00,/cluster/projects/nn9535k/farhad/2021/22dec/max-degree-iso-bfs/main-script/job-generation/../../jobs/19562269.sh, -pl -pdbgn ,1,2G,-premise,30 13:33:13 CET 2021,"Conjecture: Satisfied
",IsomorphismBreadthFirstSearch,,DONE, pw = 7,23,1,/cluster/home/farhadvadiee/2021/22dec/max-degree-iso-bfs/Build/./treewidzard -search   pw = 7  -pl -pdbgn  -premise IsomorphismBreadthFirstSearch ../../inputs/MaxDegree_3.txt > /cluster/projects/nn9535k/farhad/2021/22dec/max-degree-iso-bfs/main-script/job-generation/../../program-outputs/19562269.txt
0,,../../inputs/MaxDegree_4,19562274,NN9535K,1,1,00:00:01,24,Wed Dec 22 18:59:23 CET 2021,4,4728488,14-00:00:00,/cluster/projects/nn9535k/farhad/2021/22dec/max-degree-iso-bfs/main-script/job-generation/../../jobs/19562274.sh, -pl -pdbgn ,1,2G, ,22 18:59:25 CET 2021,"Conjecture: Satisfied
",IsomorphismBreadthFirstSearch,,DONE, pw = 1,10,1,/cluster/home/farhadvadiee/2021/22dec/max-degree-iso-bfs/Build/./treewidzard -search   pw = 1  -pl -pdbgn    IsomorphismBreadthFirstSearch ../../inputs/MaxDegree_4.txt > /cluster/projects/nn9535k/farhad/2021/22dec/max-degree-iso-bfs/main-script/job-generation/../../program-outputs/19562274.txt
0,,../../inputs/MaxDegree_4,19562279,NN9535K,1,1,00:00:01,21,Wed Dec 22 18:59:23 CET 2021,4,4728489,14-00:00:00,/cluster/projects/nn9535k/farhad/2021/22dec/max-degree-iso-bfs/main-script/job-generation/../../jobs/19562279.sh, -pl -pdbgn ,1,2G,-premise,22 18:59:26 CET 2021,"Conjecture: Satisfied
",IsomorphismBreadthFirstSearch,,DONE, pw = 1,9,1,/cluster/home/farhadvadiee/2021/22dec/max-degree-iso-bfs/Build/./treewidzard -search   pw = 1  -pl -pdbgn  -premise IsomorphismBreadthFirstSearch ../../inputs/MaxDegree_4.txt > /cluster/projects/nn9535k/farhad/2021/22dec/max-degree-iso-bfs/main-script/job-generation/../../program-outputs/19562279.txt
0,,../../inputs/MaxDegree_4,19562284,NN9535K,1,1,00:00:01,60,Wed Dec 22 18:59:23 CET 2021,4,4728490,14-00:00:00,/cluster/projects/nn9535k/farhad/2021/22dec/max-degree-iso-bfs/main-script/job-generation/../../jobs/19562284.sh, -pl -pdbgn ,1,2G, ,22 18:59:26 CET 2021,"Conjecture: Satisfied
",IsomorphismBreadthFirstSearch,,DONE, pw = 2,12,1,/cluster/home/farhadvadiee/2021/22dec/max-degree-iso-bfs/Build/./treewidzard -search   pw = 2  -pl -pdbgn    IsomorphismBreadthFirstSearch ../../inputs/MaxDegree_4.txt > /cluster/projects/nn9535k/farhad/2021/22dec/max-degree-iso-bfs/main-script/job-generation/../../program-outputs/19562284.txt
0,,../../inputs/MaxDegree_4,19562289,NN9535K,1,1,00:00:01,56,Wed Dec 22 18:59:23 CET 2021,4,4728491,14-00:00:00,/cluster/projects/nn9535k/farhad/2021/22dec/max-degree-iso-bfs/main-script/job-generation/../../jobs/19562289.sh, -pl -pdbgn ,1,2G,-premise,22 18:59:25 CET 2021,"Conjecture: Satisfied
",IsomorphismBreadthFirstSearch,,DONE, pw = 2,12,1,/cluster/home/farhadvadiee/2021/22dec/max-degree-iso-bfs/Build/./treewidzard -search   pw = 2  -pl -pdbgn  -premise IsomorphismBreadthFirstSearch ../../inputs/MaxDegree_4.txt > /cluster/projects/nn9535k/farhad/2021/22dec/max-degree-iso-bfs/main-script/job-generation/../../program-outputs/19562289.txt
0,,../../inputs/MaxDegree_4,19562294,NN9535K,1,1,00:00:03,131,Wed Dec 22 18:59:24 CET 2021,4,4728492,14-00:00:00,/cluster/projects/nn9535k/farhad/2021/22dec/max-degree-iso-bfs/main-script/job-generation/../../jobs/19562294.sh, -pl -pdbgn ,1,2G, ,22 18:59:27 CET 2021,"Conjecture: Satisfied
",IsomorphismBreadthFirstSearch,,DONE, pw = 3,15,1,/cluster/home/farhadvadiee/2021/22dec/max-degree-iso-bfs/Build/./treewidzard -search   pw = 3  -pl -pdbgn    IsomorphismBreadthFirstSearch ../../inputs/MaxDegree_4.txt > /cluster/projects/nn9535k/farhad/2021/22dec/max-degree-iso-bfs/main-script/job-generation/../../program-outputs/19562294.txt
0,,../../inputs/MaxDegree_4,19562299,NN9535K,1,1,00:00:04,126,Wed Dec 22 18:59:24 CET 2021,4,4728493,14-00:00:00,/cluster/projects/nn9535k/farhad/2021/22dec/max-degree-iso-bfs/main-script/job-generation/../../jobs/19562299.sh, -pl -pdbgn ,1,2G,-premise,22 18:59:27 CET 2021,"Conjecture: Satisfied
",IsomorphismBreadthFirstSearch,,DONE, pw = 3,15,1,/cluster/home/farhadvadiee/2021/22dec/max-degree-iso-bfs/Build/./treewidzard -search   pw = 3  -pl -pdbgn  -premise IsomorphismBreadthFirstSearch ../../inputs/MaxDegree_4.txt > /cluster/projects/nn9535k/farhad/2021/22dec/max-degree-iso-bfs/main-script/job-generation/../../program-outputs/19562299.txt
2844K,,../../inputs/MaxDegree_4,19562304,NN9535K,1,1,00:00:47,258,Wed Dec 22 18:59:23 CET 2021,4,4728494,14-00:00:00,/cluster/projects/nn9535k/farhad/2021/22dec/max-degree-iso-bfs/main-script/job-generation/../../jobs/19562304.sh, -pl -pdbgn ,1,2G, ,22 19:00:10 CET 2021,"Conjecture: Satisfied
",IsomorphismBreadthFirstSearch,,DONE, pw = 4,18,1,/cluster/home/farhadvadiee/2021/22dec/max-degree-iso-bfs/Build/./treewidzard -search   pw = 4  -pl -pdbgn    IsomorphismBreadthFirstSearch ../../inputs/MaxDegree_4.txt > /cluster/projects/nn9535k/farhad/2021/22dec/max-degree-iso-bfs/main-script/job-generation/../../program-outputs/19562304.txt
2840K,,../../inputs/MaxDegree_4,19562309,NN9535K,1,1,00:00:47,252,Wed Dec 22 18:59:23 CET 2021,4,4728495,14-00:00:00,/cluster/projects/nn9535k/farhad/2021/22dec/max-degree-iso-bfs/main-script/job-generation/../../jobs/19562309.sh, -pl -pdbgn ,1,2G,-premise,22 19:00:10 CET 2021,"Conjecture: Satisfied
",IsomorphismBreadthFirstSearch,,DONE, pw = 4,18,1,/cluster/home/farhadvadiee/2021/22dec/max-degree-iso-bfs/Build/./treewidzard -search   pw = 4  -pl -pdbgn  -premise IsomorphismBreadthFirstSearch ../../inputs/MaxDegree_4.txt > /cluster/projects/nn9535k/farhad/2021/22dec/max-degree-iso-bfs/main-script/job-generation/../../program-outputs/19562309.txt
11804K,,../../inputs/MaxDegree_4,19562315,NN9535K,1,1,00:39:56,469,Wed Dec 22 18:59:23 CET 2021,4,4728496,14-00:00:00,/cluster/projects/nn9535k/farhad/2021/22dec/max-degree-iso-bfs/main-script/job-generation/../../jobs/19562315.sh, -pl -pdbgn ,1,2G, ,22 19:39:19 CET 2021,"Conjecture: Satisfied
",IsomorphismBreadthFirstSearch,,DONE, pw = 5,21,1,/cluster/home/farhadvadiee/2021/22dec/max-degree-iso-bfs/Build/./treewidzard -search   pw = 5  -pl -pdbgn    IsomorphismBreadthFirstSearch ../../inputs/MaxDegree_4.txt > /cluster/projects/nn9535k/farhad/2021/22dec/max-degree-iso-bfs/main-script/job-generation/../../program-outputs/19562315.txt
11792K,,../../inputs/MaxDegree_4,19562320,NN9535K,1,1,00:39:55,462,Wed Dec 22 18:59:23 CET 2021,4,4728497,14-00:00:00,/cluster/projects/nn9535k/farhad/2021/22dec/max-degree-iso-bfs/main-script/job-generation/../../jobs/19562320.sh, -pl -pdbgn ,1,2G,-premise,22 19:39:18 CET 2021,"Conjecture: Satisfied
",IsomorphismBreadthFirstSearch,,DONE, pw = 5,21,1,/cluster/home/farhadvadiee/2021/22dec/max-degree-iso-bfs/Build/./treewidzard -search   pw = 5  -pl -pdbgn  -premise IsomorphismBreadthFirstSearch ../../inputs/MaxDegree_4.txt > /cluster/projects/nn9535k/farhad/2021/22dec/max-degree-iso-bfs/main-script/job-generation/../../program-outputs/19562320.txt
59040K,,../../inputs/MaxDegree_4,19562325,NN9535K,1,1,1-20:13:08,800,Wed Dec 22 18:59:23 CET 2021,4,4728498,14-00:00:00,/cluster/projects/nn9535k/farhad/2021/22dec/max-degree-iso-bfs/main-script/job-generation/../../jobs/19562325.sh, -pl -pdbgn ,1,2G, ,24 15:12:31 CET 2021,"Conjecture: Satisfied
",IsomorphismBreadthFirstSearch,,DONE, pw = 6,24,1,/cluster/home/farhadvadiee/2021/22dec/max-degree-iso-bfs/Build/./treewidzard -search   pw = 6  -pl -pdbgn    IsomorphismBreadthFirstSearch ../../inputs/MaxDegree_4.txt > /cluster/projects/nn9535k/farhad/2021/22dec/max-degree-iso-bfs/main-script/job-generation/../../program-outputs/19562325.txt
59008K,,../../inputs/MaxDegree_4,19562331,NN9535K,1,1,1-20:13:40,792,Wed Dec 22 18:59:23 CET 2021,4,4728499,14-00:00:00,/cluster/projects/nn9535k/farhad/2021/22dec/max-degree-iso-bfs/main-script/job-generation/../../jobs/19562331.sh, -pl -pdbgn ,1,2G,-premise,24 15:13:04 CET 2021,"Conjecture: Satisfied
",IsomorphismBreadthFirstSearch,,DONE, pw = 6,24,1,/cluster/home/farhadvadiee/2021/22dec/max-degree-iso-bfs/Build/./treewidzard -search   pw = 6  -pl -pdbgn  -premise IsomorphismBreadthFirstSearch ../../inputs/MaxDegree_4.txt > /cluster/projects/nn9535k/farhad/2021/22dec/max-degree-iso-bfs/main-script/job-generation/../../program-outputs/19562331.txt
134784K,"slurmstepd: error: *** JOB 4728500 ON c3-53 CANCELLED AT 2022-01-05T19:37:50 DUE TO TIME LIMIT ***
",../../inputs/MaxDegree_4,19562336,NN9535K,1,1,14-00:00:0,751,Wed Dec 22 18:59:23 CET 2021,4,4728500,14-00:00:00,/cluster/projects/nn9535k/farhad/2021/22dec/max-degree-iso-bfs/main-script/job-generation/../../jobs/19562336.sh, -pl -pdbgn ,1,2G, ,5 19:37:51 CET 2022,Not Finished,IsomorphismBreadthFirstSearch,Error,DONE, pw = 7,15,1,/cluster/home/farhadvadiee/2021/22dec/max-degree-iso-bfs/Build/./treewidzard -search   pw = 7  -pl -pdbgn    IsomorphismBreadthFirstSearch ../../inputs/MaxDegree_4.txt > /cluster/projects/nn9535k/farhad/2021/22dec/max-degree-iso-bfs/main-script/job-generation/../../program-outputs/19562336.txt
135236K,"slurmstepd: error: *** JOB 4728501 ON c3-53 CANCELLED AT 2022-01-05T19:37:50 DUE TO TIME LIMIT ***
",../../inputs/MaxDegree_4,19562341,NN9535K,1,1,14-00:00:0,742,Wed Dec 22 18:59:23 CET 2021,4,4728501,14-00:00:00,/cluster/projects/nn9535k/farhad/2021/22dec/max-degree-iso-bfs/main-script/job-generation/../../jobs/19562341.sh, -pl -pdbgn ,1,2G,-premise,5 19:37:52 CET 2022,Not Finished,IsomorphismBreadthFirstSearch,Error,DONE, pw = 7,15,1,/cluster/home/farhadvadiee/2021/22dec/max-degree-iso-bfs/Build/./treewidzard -search   pw = 7  -pl -pdbgn  -premise IsomorphismBreadthFirstSearch ../../inputs/MaxDegree_4.txt > /cluster/projects/nn9535k/farhad/2021/22dec/max-degree-iso-bfs/main-script/job-generation/../../program-outputs/19562341.txt
0,,../../inputs/MaxDegree_5,19562346,NN9535K,1,1,00:00:02,31,Wed Dec 22 18:59:24 CET 2021,5,4728502,14-00:00:00,/cluster/projects/nn9535k/farhad/2021/22dec/max-degree-iso-bfs/main-script/job-generation/../../jobs/19562346.sh, -pl -pdbgn ,1,2G, ,22 18:59:27 CET 2021,"Conjecture: Satisfied
",IsomorphismBreadthFirstSearch,,DONE, pw = 1,11,1,/cluster/home/farhadvadiee/2021/22dec/max-degree-iso-bfs/Build/./treewidzard -search   pw = 1  -pl -pdbgn    IsomorphismBreadthFirstSearch ../../inputs/MaxDegree_5.txt > /cluster/projects/nn9535k/farhad/2021/22dec/max-degree-iso-bfs/main-script/job-generation/../../program-outputs/19562346.txt
0,,../../inputs/MaxDegree_5,19562351,NN9535K,1,1,00:00:02,28,Wed Dec 22 18:59:24 CET 2021,5,4728503,14-00:00:00,/cluster/projects/nn9535k/farhad/2021/22dec/max-degree-iso-bfs/main-script/job-generation/../../jobs/19562351.sh, -pl -pdbgn ,1,2G,-premise,22 18:59:27 CET 2021,"Conjecture: Satisfied
",IsomorphismBreadthFirstSearch,,DONE, pw = 1,10,1,/cluster/home/farhadvadiee/2021/22dec/max-degree-iso-bfs/Build/./treewidzard -search   pw = 1  -pl -pdbgn  -premise IsomorphismBreadthFirstSearch ../../inputs/MaxDegree_5.txt > /cluster/projects/nn9535k/farhad/2021/22dec/max-degree-iso-bfs/main-script/job-generation/../../program-outputs/19562351.txt
0,,../../inputs/MaxDegree_5,19562356,NN9535K,1,1,00:00:03,88,Wed Dec 22 18:59:24 CET 2021,5,4728504,14-00:00:00,/cluster/projects/nn9535k/farhad/2021/22dec/max-degree-iso-bfs/main-script/job-generation/../../jobs/19562356.sh, -pl -pdbgn ,1,2G, ,22 18:59:27 CET 2021,"Conjecture: Satisfied
",IsomorphismBreadthFirstSearch,,DONE, pw = 2,14,1,/cluster/home/farhadvadiee/2021/22dec/max-degree-iso-bfs/Build/./treewidzard -search   pw = 2  -pl -pdbgn    IsomorphismBreadthFirstSearch ../../inputs/MaxDegree_5.txt > /cluster/projects/nn9535k/farhad/2021/22dec/max-degree-iso-bfs/main-script/job-generation/../../program-outputs/19562356.txt
0,,../../inputs/MaxDegree_5,19562361,NN9535K,1,1,00:00:03,84,Wed Dec 22 18:59:24 CET 2021,5,4728505,14-00:00:00,/cluster/projects/nn9535k/farhad/2021/22dec/max-degree-iso-bfs/main-script/job-generation/../../jobs/19562361.sh, -pl -pdbgn ,1,2G,-premise,22 18:59:27 CET 2021,"Conjecture: Satisfied
",IsomorphismBreadthFirstSearch,,DONE, pw = 2,14,1,/cluster/home/farhadvadiee/2021/22dec/max-degree-iso-bfs/Build/./treewidzard -search   pw = 2  -pl -pdbgn  -premise IsomorphismBreadthFirstSearch ../../inputs/MaxDegree_5.txt > /cluster/projects/nn9535k/farhad/2021/22dec/max-degree-iso-bfs/main-script/job-generation/../../program-outputs/19562361.txt
0,,../../inputs/MaxDegree_5,19562366,NN9535K,1,1,00:00:06,215,Wed Dec 22 18:59:24 CET 2021,5,4728506,14-00:00:00,/cluster/projects/nn9535k/farhad/2021/22dec/max-degree-iso-bfs/main-script/job-generation/../../jobs/19562366.sh, -pl -pdbgn ,1,2G, ,22 18:59:30 CET 2021,"Conjecture: Satisfied
",IsomorphismBreadthFirstSearch,,DONE, pw = 3,17,1,/cluster/home/farhadvadiee/2021/22dec/max-degree-iso-bfs/Build/./treewidzard -search   pw = 3  -pl -pdbgn    IsomorphismBreadthFirstSearch ../../inputs/MaxDegree_5.txt > /cluster/projects/nn9535k/farhad/2021/22dec/max-degree-iso-bfs/main-script/job-generation/../../program-outputs/19562366.txt
0,,../../inputs/MaxDegree_5,19562372,NN9535K,1,1,00:00:07,210,Wed Dec 22 18:59:24 CET 2021,5,4728507,14-00:00:00,/cluster/projects/nn9535k/farhad/2021/22dec/max-degree-iso-bfs/main-script/job-generation/../../jobs/19562372.sh, -pl -pdbgn ,1,2G,-premise,22 18:59:30 CET 2021,"Conjecture: Satisfied
",IsomorphismBreadthFirstSearch,,DONE, pw = 3,17,1,/cluster/home/farhadvadiee/2021/22dec/max-degree-iso-bfs/Build/./treewidzard -search   pw = 3  -pl -pdbgn  -premise IsomorphismBreadthFirstSearch ../../inputs/MaxDegree_5.txt > /cluster/projects/nn9535k/farhad/2021/22dec/max-degree-iso-bfs/main-script/job-generation/../../program-outputs/19562372.txt
6004K,,../../inputs/MaxDegree_5,19562377,NN9535K,1,1,00:03:10,468,Wed Dec 22 18:59:24 CET 2021,5,4728508,14-00:00:00,/cluster/projects/nn9535k/farhad/2021/22dec/max-degree-iso-bfs/main-script/job-generation/../../jobs/19562377.sh, -pl -pdbgn ,1,2G, ,22 19:02:33 CET 2021,"Conjecture: Satisfied
",IsomorphismBreadthFirstSearch,,DONE, pw = 4,21,1,/cluster/home/farhadvadiee/2021/22dec/max-degree-iso-bfs/Build/./treewidzard -search   pw = 4  -pl -pdbgn    IsomorphismBreadthFirstSearch ../../inputs/MaxDegree_5.txt > /cluster/projects/nn9535k/farhad/2021/22dec/max-degree-iso-bfs/main-script/job-generation/../../program-outputs/19562377.txt
5996K,,../../inputs/MaxDegree_5,19562383,NN9535K,1,1,00:03:10,462,Wed Dec 22 18:59:24 CET 2021,5,4728509,14-00:00:00,/cluster/projects/nn9535k/farhad/2021/22dec/max-degree-iso-bfs/main-script/job-generation/../../jobs/19562383.sh, -pl -pdbgn ,1,2G,-premise,22 19:02:34 CET 2021,"Conjecture: Satisfied
",IsomorphismBreadthFirstSearch,,DONE, pw = 4,21,1,/cluster/home/farhadvadiee/2021/22dec/max-degree-iso-bfs/Build/./treewidzard -search   pw = 4  -pl -pdbgn  -premise IsomorphismBreadthFirstSearch ../../inputs/MaxDegree_5.txt > /cluster/projects/nn9535k/farhad/2021/22dec/max-degree-iso-bfs/main-script/job-generation/../../program-outputs/19562383.txt
32876K,,../../inputs/MaxDegree_5,19562388,NN9535K,1,1,04:00:51,931,Wed Dec 22 18:59:24 CET 2021,5,4728510,14-00:00:00,/cluster/projects/nn9535k/farhad/2021/22dec/max-degree-iso-bfs/main-script/job-generation/../../jobs/19562388.sh, -pl -pdbgn ,1,2G, ,22 23:00:15 CET 2021,"Conjecture: Satisfied
",IsomorphismBreadthFirstSearch,,DONE, pw = 5,24,1,/cluster/home/farhadvadiee/2021/22dec/max-degree-iso-bfs/Build/./treewidzard -search   pw = 5  -pl -pdbgn    IsomorphismBreadthFirstSearch ../../inputs/MaxDegree_5.txt > /cluster/projects/nn9535k/farhad/2021/22dec/max-degree-iso-bfs/main-script/job-generation/../../program-outputs/19562388.txt
32888K,,../../inputs/MaxDegree_5,19562393,NN9535K,1,1,03:59:47,924,Wed Dec 22 18:59:24 CET 2021,5,4728511,14-00:00:00,/cluster/projects/nn9535k/farhad/2021/22dec/max-degree-iso-bfs/main-script/job-generation/../../jobs/19562393.sh, -pl -pdbgn ,1,2G,-premise,22 22:59:10 CET 2021,"Conjecture: Satisfied
",IsomorphismBreadthFirstSearch,,DONE, pw = 5,24,1,/cluster/home/farhadvadiee/2021/22dec/max-degree-iso-bfs/Build/./treewidzard -search   pw = 5  -pl -pdbgn  -premise IsomorphismBreadthFirstSearch ../../inputs/MaxDegree_5.txt > /cluster/projects/nn9535k/farhad/2021/22dec/max-degree-iso-bfs/main-script/job-generation/../../program-outputs/19562393.txt
214452K,"slurmstepd: error: *** JOB 4728512 ON c3-53 CANCELLED AT 2022-01-05T19:37:50 DUE TO TIME LIMIT ***
",../../inputs/MaxDegree_5,19562398,NN9535K,1,1,14-00:00:0,1648,Wed Dec 22 18:59:24 CET 2021,5,4728512,14-00:00:00,/cluster/projects/nn9535k/farhad/2021/22dec/max-degree-iso-bfs/main-script/job-generation/../../jobs/19562398.sh, -pl -pdbgn ,1,2G, ,5 19:37:52 CET 2022,Not Finished,IsomorphismBreadthFirstSearch,Error,DONE, pw = 6,21,1,/cluster/home/farhadvadiee/2021/22dec/max-degree-iso-bfs/Build/./treewidzard -search   pw = 6  -pl -pdbgn    IsomorphismBreadthFirstSearch ../../inputs/MaxDegree_5.txt > /cluster/projects/nn9535k/farhad/2021/22dec/max-degree-iso-bfs/main-script/job-generation/../../program-outputs/19562398.txt
215688K,"slurmstepd: error: *** JOB 4728513 ON c3-53 CANCELLED AT 2022-01-05T19:37:50 DUE TO TIME LIMIT ***
",../../inputs/MaxDegree_5,19562403,NN9535K,1,1,14-00:00:0,1640,Wed Dec 22 18:59:24 CET 2021,5,4728513,14-00:00:00,/cluster/projects/nn9535k/farhad/2021/22dec/max-degree-iso-bfs/main-script/job-generation/../../jobs/19562403.sh, -pl -pdbgn ,1,2G,-premise,5 19:37:52 CET 2022,Not Finished,IsomorphismBreadthFirstSearch,Error,DONE, pw = 6,21,1,/cluster/home/farhadvadiee/2021/22dec/max-degree-iso-bfs/Build/./treewidzard -search   pw = 6  -pl -pdbgn  -premise IsomorphismBreadthFirstSearch ../../inputs/MaxDegree_5.txt > /cluster/projects/nn9535k/farhad/2021/22dec/max-degree-iso-bfs/main-script/job-generation/../../program-outputs/19562403.txt
161204K,"slurmstepd: error: *** JOB 4728514 ON c3-53 CANCELLED AT 2022-01-05T19:37:50 DUE TO TIME LIMIT ***
",../../inputs/MaxDegree_5,19562410,NN9535K,1,1,14-00:00:0,929,Wed Dec 22 18:59:24 CET 2021,5,4728514,14-00:00:00,/cluster/projects/nn9535k/farhad/2021/22dec/max-degree-iso-bfs/main-script/job-generation/../../jobs/19562410.sh, -pl -pdbgn ,1,2G, ,5 19:37:52 CET 2022,Not Finished,IsomorphismBreadthFirstSearch,Error,DONE, pw = 7,14,1,/cluster/home/farhadvadiee/2021/22dec/max-degree-iso-bfs/Build/./treewidzard -search   pw = 7  -pl -pdbgn    IsomorphismBreadthFirstSearch ../../inputs/MaxDegree_5.txt > /cluster/projects/nn9535k/farhad/2021/22dec/max-degree-iso-bfs/main-script/job-generation/../../program-outputs/19562410.txt
161192K,"slurmstepd: error: *** JOB 4728515 ON c3-53 CANCELLED AT 2022-01-05T19:37:50 DUE TO TIME LIMIT ***
",../../inputs/MaxDegree_5,19562415,NN9535K,1,1,14-00:00:0,920,Wed Dec 22 18:59:25 CET 2021,5,4728515,14-00:00:00,/cluster/projects/nn9535k/farhad/2021/22dec/max-degree-iso-bfs/main-script/job-generation/../../jobs/19562415.sh, -pl -pdbgn ,1,2G,-premise,5 19:37:53 CET 2022,Not Finished,IsomorphismBreadthFirstSearch,Error,DONE, pw = 7,14,1,/cluster/home/farhadvadiee/2021/22dec/max-degree-iso-bfs/Build/./treewidzard -search   pw = 7  -pl -pdbgn  -premise IsomorphismBreadthFirstSearch ../../inputs/MaxDegree_5.txt > /cluster/projects/nn9535k/farhad/2021/22dec/max-degree-iso-bfs/main-script/job-generation/../../program-outputs/19562415.txt
0,,../../inputs/MaxDegree_6,19562420,NN9535K,1,1,00:00:05,39,Wed Dec 22 18:59:25 CET 2021,6,4728516,14-00:00:00,/cluster/projects/nn9535k/farhad/2021/22dec/max-degree-iso-bfs/main-script/job-generation/../../jobs/19562420.sh, -pl -pdbgn ,1,2G, ,22 18:59:30 CET 2021,"Conjecture: Satisfied
",IsomorphismBreadthFirstSearch,,DONE, pw = 1,12,1,/cluster/home/farhadvadiee/2021/22dec/max-degree-iso-bfs/Build/./treewidzard -search   pw = 1  -pl -pdbgn    IsomorphismBreadthFirstSearch ../../inputs/MaxDegree_6.txt > /cluster/projects/nn9535k/farhad/2021/22dec/max-degree-iso-bfs/main-script/job-generation/../../program-outputs/19562420.txt
0,,../../inputs/MaxDegree_6,19562426,NN9535K,1,1,00:00:05,36,Wed Dec 22 18:59:25 CET 2021,6,4728517,14-00:00:00,/cluster/projects/nn9535k/farhad/2021/22dec/max-degree-iso-bfs/main-script/job-generation/../../jobs/19562426.sh, -pl -pdbgn ,1,2G,-premise,22 18:59:30 CET 2021,"Conjecture: Satisfied
",IsomorphismBreadthFirstSearch,,DONE, pw = 1,11,1,/cluster/home/farhadvadiee/2021/22dec/max-degree-iso-bfs/Build/./treewidzard -search   pw = 1  -pl -pdbgn  -premise IsomorphismBreadthFirstSearch ../../inputs/MaxDegree_6.txt > /cluster/projects/nn9535k/farhad/2021/22dec/max-degree-iso-bfs/main-script/job-generation/../../program-outputs/19562426.txt
0,,../../inputs/MaxDegree_6,19562432,NN9535K,1,1,00:00:06,124,Wed Dec 22 18:59:25 CET 2021,6,4728518,14-00:00:00,/cluster/projects/nn9535k/farhad/2021/22dec/max-degree-iso-bfs/main-script/job-generation/../../jobs/19562432.sh, -pl -pdbgn ,1,2G, ,22 18:59:30 CET 2021,"Conjecture: Satisfied
",IsomorphismBreadthFirstSearch,,DONE, pw = 2,15,1,/cluster/home/farhadvadiee/2021/22dec/max-degree-iso-bfs/Build/./treewidzard -search   pw = 2  -pl -pdbgn    IsomorphismBreadthFirstSearch ../../inputs/MaxDegree_6.txt > /cluster/projects/nn9535k/farhad/2021/22dec/max-degree-iso-bfs/main-script/job-generation/../../program-outputs/19562432.txt
0,,../../inputs/MaxDegree_6,19562437,NN9535K,1,1,00:00:06,120,Wed Dec 22 18:59:25 CET 2021,6,4728519,14-00:00:00,/cluster/projects/nn9535k/farhad/2021/22dec/max-degree-iso-bfs/main-script/job-generation/../../jobs/19562437.sh, -pl -pdbgn ,1,2G,-premise,22 18:59:29 CET 2021,"Conjecture: Satisfied
",IsomorphismBreadthFirstSearch,,DONE, pw = 2,15,1,/cluster/home/farhadvadiee/2021/22dec/max-degree-iso-bfs/Build/./treewidzard -search   pw = 2  -pl -pdbgn  -premise IsomorphismBreadthFirstSearch ../../inputs/MaxDegree_6.txt > /cluster/projects/nn9535k/farhad/2021/22dec/max-degree-iso-bfs/main-script/job-generation/../../program-outputs/19562437.txt
0,,../../inputs/MaxDegree_6,19562443,NN9535K,1,1,00:00:16,335,Wed Dec 22 18:59:25 CET 2021,6,4728520,14-00:00:00,/cluster/projects/nn9535k/farhad/2021/22dec/max-degree-iso-bfs/main-script/job-generation/../../jobs/19562443.sh, -pl -pdbgn ,1,2G, ,22 18:59:39 CET 2021,"Conjecture: Satisfied
",IsomorphismBreadthFirstSearch,,DONE, pw = 3,19,1,/cluster/home/farhadvadiee/2021/22dec/max-degree-iso-bfs/Build/./treewidzard -search   pw = 3  -pl -pdbgn    IsomorphismBreadthFirstSearch ../../inputs/MaxDegree_6.txt > /cluster/projects/nn9535k/farhad/2021/22dec/max-degree-iso-bfs/main-script/job-generation/../../program-outputs/19562443.txt
0,,../../inputs/MaxDegree_6,19562448,NN9535K,1,1,00:00:15,330,Wed Dec 22 18:59:25 CET 2021,6,4728521,14-00:00:00,/cluster/projects/nn9535k/farhad/2021/22dec/max-degree-iso-bfs/main-script/job-generation/../../jobs/19562448.sh, -pl -pdbgn ,1,2G,-premise,22 18:59:39 CET 2021,"Conjecture: Satisfied
",IsomorphismBreadthFirstSearch,,DONE, pw = 3,19,1,/cluster/home/farhadvadiee/2021/22dec/max-degree-iso-bfs/Build/./treewidzard -search   pw = 3  -pl -pdbgn  -premise IsomorphismBreadthFirstSearch ../../inputs/MaxDegree_6.txt > /cluster/projects/nn9535k/farhad/2021/22dec/max-degree-iso-bfs/main-script/job-generation/../../program-outputs/19562448.txt
11816K,,../../inputs/MaxDegree_6,19562453,NN9535K,1,1,00:11:47,798,Wed Dec 22 18:59:25 CET 2021,6,4728522,14-00:00:00,/cluster/projects/nn9535k/farhad/2021/22dec/max-degree-iso-bfs/main-script/job-generation/../../jobs/19562453.sh, -pl -pdbgn ,1,2G, ,22 19:11:11 CET 2021,"Conjecture: Satisfied
",IsomorphismBreadthFirstSearch,,DONE, pw = 4,23,1,/cluster/home/farhadvadiee/2021/22dec/max-degree-iso-bfs/Build/./treewidzard -search   pw = 4  -pl -pdbgn    IsomorphismBreadthFirstSearch ../../inputs/MaxDegree_6.txt > /cluster/projects/nn9535k/farhad/2021/22dec/max-degree-iso-bfs/main-script/job-generation/../../program-outputs/19562453.txt
11804K,,../../inputs/MaxDegree_6,19562458,NN9535K,1,1,00:11:47,792,Wed Dec 22 18:59:25 CET 2021,6,4728523,14-00:00:00,/cluster/projects/nn9535k/farhad/2021/22dec/max-degree-iso-bfs/main-script/job-generation/../../jobs/19562458.sh, -pl -pdbgn ,1,2G,-premise,22 19:11:10 CET 2021,"Conjecture: Satisfied
",IsomorphismBreadthFirstSearch,,DONE, pw = 4,23,1,/cluster/home/farhadvadiee/2021/22dec/max-degree-iso-bfs/Build/./treewidzard -search   pw = 4  -pl -pdbgn  -premise IsomorphismBreadthFirstSearch ../../inputs/MaxDegree_6.txt > /cluster/projects/nn9535k/farhad/2021/22dec/max-degree-iso-bfs/main-script/job-generation/../../program-outputs/19562458.txt
85720K,,../../inputs/MaxDegree_6,19562463,NN9535K,1,1,19:43:54,1723,Wed Dec 22 18:59:31 CET 2021,6,4728524,14-00:00:00,/cluster/projects/nn9535k/farhad/2021/22dec/max-degree-iso-bfs/main-script/job-generation/../../jobs/19562463.sh, -pl -pdbgn ,1,2G, ,23 14:43:26 CET 2021,"Conjecture: Satisfied
",IsomorphismBreadthFirstSearch,,DONE, pw = 5,27,1,/cluster/home/farhadvadiee/2021/22dec/max-degree-iso-bfs/Build/./treewidzard -search   pw = 5  -pl -pdbgn    IsomorphismBreadthFirstSearch ../../inputs/MaxDegree_6.txt > /cluster/projects/nn9535k/farhad/2021/22dec/max-degree-iso-bfs/main-script/job-generation/../../program-outputs/19562463.txt
86900K,,../../inputs/MaxDegree_6,19562469,NN9535K,1,1,19:41:56,1716,Wed Dec 22 18:59:31 CET 2021,6,4728525,14-00:00:00,/cluster/projects/nn9535k/farhad/2021/22dec/max-degree-iso-bfs/main-script/job-generation/../../jobs/19562469.sh, -pl -pdbgn ,1,2G,-premise,23 14:41:27 CET 2021,"Conjecture: Satisfied
",IsomorphismBreadthFirstSearch,,DONE, pw = 5,27,1,/cluster/home/farhadvadiee/2021/22dec/max-degree-iso-bfs/Build/./treewidzard -search   pw = 5  -pl -pdbgn  -premise IsomorphismBreadthFirstSearch ../../inputs/MaxDegree_6.txt > /cluster/projects/nn9535k/farhad/2021/22dec/max-degree-iso-bfs/main-script/job-generation/../../program-outputs/19562469.txt
309504K,"slurmstepd: error: *** JOB 4728526 ON c3-56 CANCELLED AT 2022-01-05T19:38:20 DUE TO TIME LIMIT ***
",../../inputs/MaxDegree_6,19562474,NN9535K,1,1,14-00:00:2,1983,Wed Dec 22 18:59:31 CET 2021,6,4728526,14-00:00:00,/cluster/projects/nn9535k/farhad/2021/22dec/max-degree-iso-bfs/main-script/job-generation/../../jobs/19562474.sh, -pl -pdbgn ,1,2G, ,5 19:38:22 CET 2022,Not Finished,IsomorphismBreadthFirstSearch,Error,DONE, pw = 6,17,1,/cluster/home/farhadvadiee/2021/22dec/max-degree-iso-bfs/Build/./treewidzard -search   pw = 6  -pl -pdbgn    IsomorphismBreadthFirstSearch ../../inputs/MaxDegree_6.txt > /cluster/projects/nn9535k/farhad/2021/22dec/max-degree-iso-bfs/main-script/job-generation/../../program-outputs/19562474.txt
309692K,"slurmstepd: error: *** JOB 4728527 ON c3-55 CANCELLED AT 2022-01-05T19:38:20 DUE TO TIME LIMIT ***
",../../inputs/MaxDegree_6,19562479,NN9535K,1,1,14-00:00:2,1975,Wed Dec 22 18:59:31 CET 2021,6,4728527,14-00:00:00,/cluster/projects/nn9535k/farhad/2021/22dec/max-degree-iso-bfs/main-script/job-generation/../../jobs/19562479.sh, -pl -pdbgn ,1,2G,-premise,5 19:38:21 CET 2022,Not Finished,IsomorphismBreadthFirstSearch,Error,DONE, pw = 6,17,1,/cluster/home/farhadvadiee/2021/22dec/max-degree-iso-bfs/Build/./treewidzard -search   pw = 6  -pl -pdbgn  -premise IsomorphismBreadthFirstSearch ../../inputs/MaxDegree_6.txt > /cluster/projects/nn9535k/farhad/2021/22dec/max-degree-iso-bfs/main-script/job-generation/../../program-outputs/19562479.txt
189972K,"slurmstepd: error: *** JOB 4728528 ON c3-55 CANCELLED AT 2022-01-05T19:38:20 DUE TO TIME LIMIT ***
",../../inputs/MaxDegree_6,19562484,NN9535K,1,1,14-00:00:2,1221,Wed Dec 22 18:59:31 CET 2021,6,4728528,14-00:00:00,/cluster/projects/nn9535k/farhad/2021/22dec/max-degree-iso-bfs/main-script/job-generation/../../jobs/19562484.sh, -pl -pdbgn ,1,2G, ,5 19:38:22 CET 2022,Not Finished,IsomorphismBreadthFirstSearch,Error,DONE, pw = 7,14,1,/cluster/home/farhadvadiee/2021/22dec/max-degree-iso-bfs/Build/./treewidzard -search   pw = 7  -pl -pdbgn    IsomorphismBreadthFirstSearch ../../inputs/MaxDegree_6.txt > /cluster/projects/nn9535k/farhad/2021/22dec/max-degree-iso-bfs/main-script/job-generation/../../program-outputs/19562484.txt
188628K,"slurmstepd: error: *** JOB 4728529 ON c3-55 CANCELLED AT 2022-01-05T19:38:20 DUE TO TIME LIMIT ***
",../../inputs/MaxDegree_6,19562490,NN9535K,1,1,14-00:00:2,1213,Wed Dec 22 18:59:31 CET 2021,6,4728529,14-00:00:00,/cluster/projects/nn9535k/farhad/2021/22dec/max-degree-iso-bfs/main-script/job-generation/../../jobs/19562490.sh, -pl -pdbgn ,1,2G,-premise,5 19:38:22 CET 2022,Not Finished,IsomorphismBreadthFirstSearch,Error,DONE, pw = 7,14,1,/cluster/home/farhadvadiee/2021/22dec/max-degree-iso-bfs/Build/./treewidzard -search   pw = 7  -pl -pdbgn  -premise IsomorphismBreadthFirstSearch ../../inputs/MaxDegree_6.txt > /cluster/projects/nn9535k/farhad/2021/22dec/max-degree-iso-bfs/main-script/job-generation/../../program-outputs/19562490.txt
0,,../../inputs/MaxDegree_7,19562495,NN9535K,1,1,00:00:02,48,Wed Dec 22 18:59:31 CET 2021,7,4728530,14-00:00:00,/cluster/projects/nn9535k/farhad/2021/22dec/max-degree-iso-bfs/main-script/job-generation/../../jobs/19562495.sh, -pl -pdbgn ,1,2G, ,22 18:59:34 CET 2021,"Conjecture: Satisfied
",IsomorphismBreadthFirstSearch,,DONE, pw = 1,13,1,/cluster/home/farhadvadiee/2021/22dec/max-degree-iso-bfs/Build/./treewidzard -search   pw = 1  -pl -pdbgn    IsomorphismBreadthFirstSearch ../../inputs/MaxDegree_7.txt > /cluster/projects/nn9535k/farhad/2021/22dec/max-degree-iso-bfs/main-script/job-generation/../../program-outputs/19562495.txt
0,,../../inputs/MaxDegree_7,19562501,NN9535K,1,1,00:00:01,45,Wed Dec 22 18:59:31 CET 2021,7,4728531,14-00:00:00,/cluster/projects/nn9535k/farhad/2021/22dec/max-degree-iso-bfs/main-script/job-generation/../../jobs/19562501.sh, -pl -pdbgn ,1,2G,-premise,22 18:59:34 CET 2021,"Conjecture: Satisfied
",IsomorphismBreadthFirstSearch,,DONE, pw = 1,12,1,/cluster/home/farhadvadiee/2021/22dec/max-degree-iso-bfs/Build/./treewidzard -search   pw = 1  -pl -pdbgn  -premise IsomorphismBreadthFirstSearch ../../inputs/MaxDegree_7.txt > /cluster/projects/nn9535k/farhad/2021/22dec/max-degree-iso-bfs/main-script/job-generation/../../program-outputs/19562501.txt
0,,../../inputs/MaxDegree_7,19562507,NN9535K,1,1,00:00:02,169,Wed Dec 22 18:59:31 CET 2021,7,4728532,14-00:00:00,/cluster/projects/nn9535k/farhad/2021/22dec/max-degree-iso-bfs/main-script/job-generation/../../jobs/19562507.sh, -pl -pdbgn ,1,2G, ,22 18:59:33 CET 2021,"Conjecture: Satisfied
",IsomorphismBreadthFirstSearch,,DONE, pw = 2,17,1,/cluster/home/farhadvadiee/2021/22dec/max-degree-iso-bfs/Build/./treewidzard -search   pw = 2  -pl -pdbgn    IsomorphismBreadthFirstSearch ../../inputs/MaxDegree_7.txt > /cluster/projects/nn9535k/farhad/2021/22dec/max-degree-iso-bfs/main-script/job-generation/../../program-outputs/19562507.txt
0,,../../inputs/MaxDegree_7,19562512,NN9535K,1,1,00:00:02,165,Wed Dec 22 18:59:31 CET 2021,7,4728533,14-00:00:00,/cluster/projects/nn9535k/farhad/2021/22dec/max-degree-iso-bfs/main-script/job-generation/../../jobs/19562512.sh, -pl -pdbgn ,1,2G,-premise,22 18:59:33 CET 2021,"Conjecture: Satisfied
",IsomorphismBreadthFirstSearch,,DONE, pw = 2,17,1,/cluster/home/farhadvadiee/2021/22dec/max-degree-iso-bfs/Build/./treewidzard -search   pw = 2  -pl -pdbgn  -premise IsomorphismBreadthFirstSearch ../../inputs/MaxDegree_7.txt > /cluster/projects/nn9535k/farhad/2021/22dec/max-degree-iso-bfs/main-script/job-generation/../../program-outputs/19562512.txt
0,,../../inputs/MaxDegree_7,19562517,NN9535K,1,1,00:00:28,500,Wed Dec 22 18:59:32 CET 2021,7,4728534,14-00:00:00,/cluster/projects/nn9535k/farhad/2021/22dec/max-degree-iso-bfs/main-script/job-generation/../../jobs/19562517.sh, -pl -pdbgn ,1,2G, ,22 19:00:00 CET 2021,"Conjecture: Satisfied
",IsomorphismBreadthFirstSearch,,DONE, pw = 3,21,1,/cluster/home/farhadvadiee/2021/22dec/max-degree-iso-bfs/Build/./treewidzard -search   pw = 3  -pl -pdbgn    IsomorphismBreadthFirstSearch ../../inputs/MaxDegree_7.txt > /cluster/projects/nn9535k/farhad/2021/22dec/max-degree-iso-bfs/main-script/job-generation/../../program-outputs/19562517.txt
0,,../../inputs/MaxDegree_7,19562522,NN9535K,1,1,00:00:28,495,Wed Dec 22 18:59:32 CET 2021,7,4728535,14-00:00:00,/cluster/projects/nn9535k/farhad/2021/22dec/max-degree-iso-bfs/main-script/job-generation/../../jobs/19562522.sh, -pl -pdbgn ,1,2G,-premise,22 19:00:00 CET 2021,"Conjecture: Satisfied
",IsomorphismBreadthFirstSearch,,DONE, pw = 3,21,1,/cluster/home/farhadvadiee/2021/22dec/max-degree-iso-bfs/Build/./treewidzard -search   pw = 3  -pl -pdbgn  -premise IsomorphismBreadthFirstSearch ../../inputs/MaxDegree_7.txt > /cluster/projects/nn9535k/farhad/2021/22dec/max-degree-iso-bfs/main-script/job-generation/../../program-outputs/19562522.txt
22856K,,../../inputs/MaxDegree_7,19562528,NN9535K,1,1,00:38:14,1293,Wed Dec 22 18:59:32 CET 2021,7,4728536,14-00:00:00,/cluster/projects/nn9535k/farhad/2021/22dec/max-degree-iso-bfs/main-script/job-generation/../../jobs/19562528.sh, -pl -pdbgn ,1,2G, ,22 19:37:46 CET 2021,"Conjecture: Satisfied
",IsomorphismBreadthFirstSearch,,DONE, pw = 4,26,1,/cluster/home/farhadvadiee/2021/22dec/max-degree-iso-bfs/Build/./treewidzard -search   pw = 4  -pl -pdbgn    IsomorphismBreadthFirstSearch ../../inputs/MaxDegree_7.txt > /cluster/projects/nn9535k/farhad/2021/22dec/max-degree-iso-bfs/main-script/job-generation/../../program-outputs/19562528.txt
22848K,,../../inputs/MaxDegree_7,19562533,NN9535K,1,1,00:38:17,1287,Wed Dec 22 18:59:32 CET 2021,7,4728537,14-00:00:00,/cluster/projects/nn9535k/farhad/2021/22dec/max-degree-iso-bfs/main-script/job-generation/../../jobs/19562533.sh, -pl -pdbgn ,1,2G,-premise,22 19:37:48 CET 2021,"Conjecture: Satisfied
",IsomorphismBreadthFirstSearch,,DONE, pw = 4,26,1,/cluster/home/farhadvadiee/2021/22dec/max-degree-iso-bfs/Build/./treewidzard -search   pw = 4  -pl -pdbgn  -premise IsomorphismBreadthFirstSearch ../../inputs/MaxDegree_7.txt > /cluster/projects/nn9535k/farhad/2021/22dec/max-degree-iso-bfs/main-script/job-generation/../../program-outputs/19562533.txt
214948K,,../../inputs/MaxDegree_7,19562538,NN9535K,1,1,3-08:48:58,3010,Wed Dec 22 18:59:31 CET 2021,7,4728538,14-00:00:00,/cluster/projects/nn9535k/farhad/2021/22dec/max-degree-iso-bfs/main-script/job-generation/../../jobs/19562538.sh, -pl -pdbgn ,1,2G, ,26 03:48:30 CET 2021,"Conjecture: Satisfied
",IsomorphismBreadthFirstSearch,,DONE, pw = 5,30,1,/cluster/home/farhadvadiee/2021/22dec/max-degree-iso-bfs/Build/./treewidzard -search   pw = 5  -pl -pdbgn    IsomorphismBreadthFirstSearch ../../inputs/MaxDegree_7.txt > /cluster/projects/nn9535k/farhad/2021/22dec/max-degree-iso-bfs/main-script/job-generation/../../program-outputs/19562538.txt
214516K,,../../inputs/MaxDegree_7,19562543,NN9535K,1,1,3-09:10:10,3003,Wed Dec 22 18:59:31 CET 2021,7,4728539,14-00:00:00,/cluster/projects/nn9535k/farhad/2021/22dec/max-degree-iso-bfs/main-script/job-generation/../../jobs/19562543.sh, -pl -pdbgn ,1,2G,-premise,26 04:09:41 CET 2021,"Conjecture: Satisfied
",IsomorphismBreadthFirstSearch,,DONE, pw = 5,30,1,/cluster/home/farhadvadiee/2021/22dec/max-degree-iso-bfs/Build/./treewidzard -search   pw = 5  -pl -pdbgn  -premise IsomorphismBreadthFirstSearch ../../inputs/MaxDegree_7.txt > /cluster/projects/nn9535k/farhad/2021/22dec/max-degree-iso-bfs/main-script/job-generation/../../program-outputs/19562543.txt
344928K,"slurmstepd: error: *** JOB 4728540 ON c3-53 CANCELLED AT 2022-01-05T19:38:20 DUE TO TIME LIMIT ***
",../../inputs/MaxDegree_7,19562548,NN9535K,1,1,14-00:00:2,2232,Wed Dec 22 18:59:31 CET 2021,7,4728540,14-00:00:00,/cluster/projects/nn9535k/farhad/2021/22dec/max-degree-iso-bfs/main-script/job-generation/../../jobs/19562548.sh, -pl -pdbgn ,1,2G, ,5 19:38:21 CET 2022,Not Finished,IsomorphismBreadthFirstSearch,Error,DONE, pw = 6,16,1,/cluster/home/farhadvadiee/2021/22dec/max-degree-iso-bfs/Build/./treewidzard -search   pw = 6  -pl -pdbgn    IsomorphismBreadthFirstSearch ../../inputs/MaxDegree_7.txt > /cluster/projects/nn9535k/farhad/2021/22dec/max-degree-iso-bfs/main-script/job-generation/../../program-outputs/19562548.txt
345112K,"slurmstepd: error: *** JOB 4728541 ON c3-53 CANCELLED AT 2022-01-05T19:38:20 DUE TO TIME LIMIT ***
",../../inputs/MaxDegree_7,19562553,NN9535K,1,1,14-00:00:2,1745,Wed Dec 22 18:59:31 CET 2021,7,4728541,14-00:00:00,/cluster/projects/nn9535k/farhad/2021/22dec/max-degree-iso-bfs/main-script/job-generation/../../jobs/19562553.sh, -pl -pdbgn ,1,2G,-premise,5 19:38:22 CET 2022,Not Finished,IsomorphismBreadthFirstSearch,Error,DONE, pw = 6,15,1,/cluster/home/farhadvadiee/2021/22dec/max-degree-iso-bfs/Build/./treewidzard -search   pw = 6  -pl -pdbgn  -premise IsomorphismBreadthFirstSearch ../../inputs/MaxDegree_7.txt > /cluster/projects/nn9535k/farhad/2021/22dec/max-degree-iso-bfs/main-script/job-generation/../../program-outputs/19562553.txt
170M,"slurmstepd: error: *** JOB 4728542 ON c3-53 CANCELLED AT 2022-01-05T19:38:20 DUE TO TIME LIMIT ***
",../../inputs/MaxDegree_7,19562559,NN9535K,1,1,14-00:00:2,1453,Wed Dec 22 18:59:32 CET 2021,7,4728542,14-00:00:00,/cluster/projects/nn9535k/farhad/2021/22dec/max-degree-iso-bfs/main-script/job-generation/../../jobs/19562559.sh, -pl -pdbgn ,1,2G, ,5 19:38:22 CET 2022,Not Finished,IsomorphismBreadthFirstSearch,Error,DONE, pw = 7,14,1,/cluster/home/farhadvadiee/2021/22dec/max-degree-iso-bfs/Build/./treewidzard -search   pw = 7  -pl -pdbgn    IsomorphismBreadthFirstSearch ../../inputs/MaxDegree_7.txt > /cluster/projects/nn9535k/farhad/2021/22dec/max-degree-iso-bfs/main-script/job-generation/../../program-outputs/19562559.txt
172072K,"slurmstepd: error: *** JOB 4728543 ON c3-53 CANCELLED AT 2022-01-05T19:38:20 DUE TO TIME LIMIT ***
",../../inputs/MaxDegree_7,19562564,NN9535K,1,1,14-00:00:2,1446,Wed Dec 22 18:59:32 CET 2021,7,4728543,14-00:00:00,/cluster/projects/nn9535k/farhad/2021/22dec/max-degree-iso-bfs/main-script/job-generation/../../jobs/19562564.sh, -pl -pdbgn ,1,2G,-premise,5 19:38:21 CET 2022,Not Finished,IsomorphismBreadthFirstSearch,Error,DONE, pw = 7,14,1,/cluster/home/farhadvadiee/2021/22dec/max-degree-iso-bfs/Build/./treewidzard -search   pw = 7  -pl -pdbgn  -premise IsomorphismBreadthFirstSearch ../../inputs/MaxDegree_7.txt > /cluster/projects/nn9535k/farhad/2021/22dec/max-degree-iso-bfs/main-script/job-generation/../../program-outputs/19562564.txt
