job-id,finish,cpus-per-task,max-rss,start, Search Type,job-name,conjecture-status,account,ChromaticNumber,error-output,error,ntasks,Search Options,ntasks-per-node,status,Flags,elapsed,width,iteration,max-witness-size,mem-per-cpu,time,input,all-states,script-file,command
4728322,22 18:15:18 CET 2021,1,0,Wed Dec 22 18:15:15 CET 2021,IsomorphismBreadthFirstSearch,19317898,"Conjecture: Satisfied
",NN9535K,1,,,1, ,1,DONE, -pl -pdbgn ,00:00:01, pw = 1,6,1,2G,14-00:00:00,../../inputs/ChromaticNumber_1,6,/cluster/projects/nn9535k/farhad/2021/22dec/chromatic-number-iso-bfs-pw/main-script/job-generation/../../jobs/19317898.sh,/cluster/home/farhadvadiee/2021/22dec/chromatic-number-iso-bfs/Build/./treewidzard -search   pw = 1  -pl -pdbgn    IsomorphismBreadthFirstSearch ../../inputs/ChromaticNumber_1.txt > /cluster/projects/nn9535k/farhad/2021/22dec/chromatic-number-iso-bfs-pw/main-script/job-generation/../../program-outputs/19317898.txt
4728323,22 18:15:18 CET 2021,1,0,Wed Dec 22 18:15:15 CET 2021,IsomorphismBreadthFirstSearch,19317903,"Conjecture: Satisfied
",NN9535K,1,,,1,-premise,1,DONE, -pl -pdbgn ,00:00:01, pw = 1,3,1,2G,14-00:00:00,../../inputs/ChromaticNumber_1,3,/cluster/projects/nn9535k/farhad/2021/22dec/chromatic-number-iso-bfs-pw/main-script/job-generation/../../jobs/19317903.sh,/cluster/home/farhadvadiee/2021/22dec/chromatic-number-iso-bfs/Build/./treewidzard -search   pw = 1  -pl -pdbgn  -premise IsomorphismBreadthFirstSearch ../../inputs/ChromaticNumber_1.txt > /cluster/projects/nn9535k/farhad/2021/22dec/chromatic-number-iso-bfs-pw/main-script/job-generation/../../program-outputs/19317903.txt
4728324,22 18:15:18 CET 2021,1,0,Wed Dec 22 18:15:16 CET 2021,IsomorphismBreadthFirstSearch,19317908,"Conjecture: Satisfied
",NN9535K,1,,,1, ,1,DONE, -pl -pdbgn ,00:00:01, pw = 2,6,1,2G,14-00:00:00,../../inputs/ChromaticNumber_1,8,/cluster/projects/nn9535k/farhad/2021/22dec/chromatic-number-iso-bfs-pw/main-script/job-generation/../../jobs/19317908.sh,/cluster/home/farhadvadiee/2021/22dec/chromatic-number-iso-bfs/Build/./treewidzard -search   pw = 2  -pl -pdbgn    IsomorphismBreadthFirstSearch ../../inputs/ChromaticNumber_1.txt > /cluster/projects/nn9535k/farhad/2021/22dec/chromatic-number-iso-bfs-pw/main-script/job-generation/../../program-outputs/19317908.txt
4728325,22 18:15:19 CET 2021,1,0,Wed Dec 22 18:15:16 CET 2021,IsomorphismBreadthFirstSearch,19317913,"Conjecture: Satisfied
",NN9535K,1,,,1,-premise,1,DONE, -pl -pdbgn ,00:00:01, pw = 2,4,1,2G,14-00:00:00,../../inputs/ChromaticNumber_1,4,/cluster/projects/nn9535k/farhad/2021/22dec/chromatic-number-iso-bfs-pw/main-script/job-generation/../../jobs/19317913.sh,/cluster/home/farhadvadiee/2021/22dec/chromatic-number-iso-bfs/Build/./treewidzard -search   pw = 2  -pl -pdbgn  -premise IsomorphismBreadthFirstSearch ../../inputs/ChromaticNumber_1.txt > /cluster/projects/nn9535k/farhad/2021/22dec/chromatic-number-iso-bfs-pw/main-script/job-generation/../../program-outputs/19317913.txt
4728326,22 18:15:19 CET 2021,1,0,Wed Dec 22 18:15:16 CET 2021,IsomorphismBreadthFirstSearch,19317918,"Conjecture: Satisfied
",NN9535K,1,,,1, ,1,DONE, -pl -pdbgn ,00:00:02, pw = 3,6,1,2G,14-00:00:00,../../inputs/ChromaticNumber_1,10,/cluster/projects/nn9535k/farhad/2021/22dec/chromatic-number-iso-bfs-pw/main-script/job-generation/../../jobs/19317918.sh,/cluster/home/farhadvadiee/2021/22dec/chromatic-number-iso-bfs/Build/./treewidzard -search   pw = 3  -pl -pdbgn    IsomorphismBreadthFirstSearch ../../inputs/ChromaticNumber_1.txt > /cluster/projects/nn9535k/farhad/2021/22dec/chromatic-number-iso-bfs-pw/main-script/job-generation/../../program-outputs/19317918.txt
4728327,22 18:15:23 CET 2021,1,0,Wed Dec 22 18:15:16 CET 2021,IsomorphismBreadthFirstSearch,19317923,"Conjecture: Satisfied
",NN9535K,1,,,1,-premise,1,DONE, -pl -pdbgn ,00:00:04, pw = 3,5,1,2G,14-00:00:00,../../inputs/ChromaticNumber_1,5,/cluster/projects/nn9535k/farhad/2021/22dec/chromatic-number-iso-bfs-pw/main-script/job-generation/../../jobs/19317923.sh,/cluster/home/farhadvadiee/2021/22dec/chromatic-number-iso-bfs/Build/./treewidzard -search   pw = 3  -pl -pdbgn  -premise IsomorphismBreadthFirstSearch ../../inputs/ChromaticNumber_1.txt > /cluster/projects/nn9535k/farhad/2021/22dec/chromatic-number-iso-bfs-pw/main-script/job-generation/../../program-outputs/19317923.txt
4728328,22 18:15:22 CET 2021,1,0,Wed Dec 22 18:15:16 CET 2021,IsomorphismBreadthFirstSearch,19317928,"Conjecture: Satisfied
",NN9535K,1,,,1, ,1,DONE, -pl -pdbgn ,00:00:05, pw = 4,7,1,2G,14-00:00:00,../../inputs/ChromaticNumber_1,12,/cluster/projects/nn9535k/farhad/2021/22dec/chromatic-number-iso-bfs-pw/main-script/job-generation/../../jobs/19317928.sh,/cluster/home/farhadvadiee/2021/22dec/chromatic-number-iso-bfs/Build/./treewidzard -search   pw = 4  -pl -pdbgn    IsomorphismBreadthFirstSearch ../../inputs/ChromaticNumber_1.txt > /cluster/projects/nn9535k/farhad/2021/22dec/chromatic-number-iso-bfs-pw/main-script/job-generation/../../program-outputs/19317928.txt
4728329,22 18:15:23 CET 2021,1,0,Wed Dec 22 18:15:16 CET 2021,IsomorphismBreadthFirstSearch,19317933,"Conjecture: Satisfied
",NN9535K,1,,,1,-premise,1,DONE, -pl -pdbgn ,00:00:05, pw = 4,6,1,2G,14-00:00:00,../../inputs/ChromaticNumber_1,6,/cluster/projects/nn9535k/farhad/2021/22dec/chromatic-number-iso-bfs-pw/main-script/job-generation/../../jobs/19317933.sh,/cluster/home/farhadvadiee/2021/22dec/chromatic-number-iso-bfs/Build/./treewidzard -search   pw = 4  -pl -pdbgn  -premise IsomorphismBreadthFirstSearch ../../inputs/ChromaticNumber_1.txt > /cluster/projects/nn9535k/farhad/2021/22dec/chromatic-number-iso-bfs-pw/main-script/job-generation/../../program-outputs/19317933.txt
4728330,22 18:15:22 CET 2021,1,0,Wed Dec 22 18:15:16 CET 2021,IsomorphismBreadthFirstSearch,19317938,"Conjecture: Satisfied
",NN9535K,1,,,1, ,1,DONE, -pl -pdbgn ,00:00:04, pw = 5,8,1,2G,14-00:00:00,../../inputs/ChromaticNumber_1,14,/cluster/projects/nn9535k/farhad/2021/22dec/chromatic-number-iso-bfs-pw/main-script/job-generation/../../jobs/19317938.sh,/cluster/home/farhadvadiee/2021/22dec/chromatic-number-iso-bfs/Build/./treewidzard -search   pw = 5  -pl -pdbgn    IsomorphismBreadthFirstSearch ../../inputs/ChromaticNumber_1.txt > /cluster/projects/nn9535k/farhad/2021/22dec/chromatic-number-iso-bfs-pw/main-script/job-generation/../../program-outputs/19317938.txt
4728331,22 18:15:22 CET 2021,1,0,Wed Dec 22 18:15:16 CET 2021,IsomorphismBreadthFirstSearch,19317943,"Conjecture: Satisfied
",NN9535K,1,,,1,-premise,1,DONE, -pl -pdbgn ,00:00:04, pw = 5,7,1,2G,14-00:00:00,../../inputs/ChromaticNumber_1,7,/cluster/projects/nn9535k/farhad/2021/22dec/chromatic-number-iso-bfs-pw/main-script/job-generation/../../jobs/19317943.sh,/cluster/home/farhadvadiee/2021/22dec/chromatic-number-iso-bfs/Build/./treewidzard -search   pw = 5  -pl -pdbgn  -premise IsomorphismBreadthFirstSearch ../../inputs/ChromaticNumber_1.txt > /cluster/projects/nn9535k/farhad/2021/22dec/chromatic-number-iso-bfs-pw/main-script/job-generation/../../program-outputs/19317943.txt
4728332,22 18:15:23 CET 2021,1,0,Wed Dec 22 18:15:16 CET 2021,IsomorphismBreadthFirstSearch,19317947,"Conjecture: Satisfied
",NN9535K,1,,,1, ,1,DONE, -pl -pdbgn ,00:00:06, pw = 6,9,1,2G,14-00:00:00,../../inputs/ChromaticNumber_1,16,/cluster/projects/nn9535k/farhad/2021/22dec/chromatic-number-iso-bfs-pw/main-script/job-generation/../../jobs/19317947.sh,/cluster/home/farhadvadiee/2021/22dec/chromatic-number-iso-bfs/Build/./treewidzard -search   pw = 6  -pl -pdbgn    IsomorphismBreadthFirstSearch ../../inputs/ChromaticNumber_1.txt > /cluster/projects/nn9535k/farhad/2021/22dec/chromatic-number-iso-bfs-pw/main-script/job-generation/../../program-outputs/19317947.txt
4728333,22 18:15:23 CET 2021,1,0,Wed Dec 22 18:15:16 CET 2021,IsomorphismBreadthFirstSearch,19317952,"Conjecture: Satisfied
",NN9535K,1,,,1,-premise,1,DONE, -pl -pdbgn ,00:00:06, pw = 6,8,1,2G,14-00:00:00,../../inputs/ChromaticNumber_1,8,/cluster/projects/nn9535k/farhad/2021/22dec/chromatic-number-iso-bfs-pw/main-script/job-generation/../../jobs/19317952.sh,/cluster/home/farhadvadiee/2021/22dec/chromatic-number-iso-bfs/Build/./treewidzard -search   pw = 6  -pl -pdbgn  -premise IsomorphismBreadthFirstSearch ../../inputs/ChromaticNumber_1.txt > /cluster/projects/nn9535k/farhad/2021/22dec/chromatic-number-iso-bfs-pw/main-script/job-generation/../../program-outputs/19317952.txt
4728334,22 18:15:49 CET 2021,1,0,Wed Dec 22 18:15:16 CET 2021,IsomorphismBreadthFirstSearch,19317957,"Conjecture: Satisfied
",NN9535K,1,,,1, ,1,DONE, -pl -pdbgn ,00:00:33, pw = 7,10,1,2G,14-00:00:00,../../inputs/ChromaticNumber_1,18,/cluster/projects/nn9535k/farhad/2021/22dec/chromatic-number-iso-bfs-pw/main-script/job-generation/../../jobs/19317957.sh,/cluster/home/farhadvadiee/2021/22dec/chromatic-number-iso-bfs/Build/./treewidzard -search   pw = 7  -pl -pdbgn    IsomorphismBreadthFirstSearch ../../inputs/ChromaticNumber_1.txt > /cluster/projects/nn9535k/farhad/2021/22dec/chromatic-number-iso-bfs-pw/main-script/job-generation/../../program-outputs/19317957.txt
4728335,22 18:15:35 CET 2021,1,0,Wed Dec 22 18:15:16 CET 2021,IsomorphismBreadthFirstSearch,19317962,"Conjecture: Satisfied
",NN9535K,1,,,1,-premise,1,DONE, -pl -pdbgn ,00:00:19, pw = 7,9,1,2G,14-00:00:00,../../inputs/ChromaticNumber_1,9,/cluster/projects/nn9535k/farhad/2021/22dec/chromatic-number-iso-bfs-pw/main-script/job-generation/../../jobs/19317962.sh,/cluster/home/farhadvadiee/2021/22dec/chromatic-number-iso-bfs/Build/./treewidzard -search   pw = 7  -pl -pdbgn  -premise IsomorphismBreadthFirstSearch ../../inputs/ChromaticNumber_1.txt > /cluster/projects/nn9535k/farhad/2021/22dec/chromatic-number-iso-bfs-pw/main-script/job-generation/../../program-outputs/19317962.txt
4728336,22 18:15:21 CET 2021,1,0,Wed Dec 22 18:15:16 CET 2021,IsomorphismBreadthFirstSearch,19317967,"Conjecture: Satisfied
",NN9535K,2,,,1, ,1,DONE, -pl -pdbgn ,00:00:05, pw = 1,4,2,2G,14-00:00:00,../../inputs/ChromaticNumber_2,4,/cluster/projects/nn9535k/farhad/2021/22dec/chromatic-number-iso-bfs-pw/main-script/job-generation/../../jobs/19317967.sh,/cluster/home/farhadvadiee/2021/22dec/chromatic-number-iso-bfs/Build/./treewidzard -search   pw = 1  -pl -pdbgn    IsomorphismBreadthFirstSearch ../../inputs/ChromaticNumber_2.txt > /cluster/projects/nn9535k/farhad/2021/22dec/chromatic-number-iso-bfs-pw/main-script/job-generation/../../program-outputs/19317967.txt
4728337,22 18:15:21 CET 2021,1,0,Wed Dec 22 18:15:16 CET 2021,IsomorphismBreadthFirstSearch,19317975,"Conjecture: Satisfied
",NN9535K,2,,,1,-premise,1,DONE, -pl -pdbgn ,00:00:04, pw = 1,4,2,2G,14-00:00:00,../../inputs/ChromaticNumber_2,4,/cluster/projects/nn9535k/farhad/2021/22dec/chromatic-number-iso-bfs-pw/main-script/job-generation/../../jobs/19317975.sh,/cluster/home/farhadvadiee/2021/22dec/chromatic-number-iso-bfs/Build/./treewidzard -search   pw = 1  -pl -pdbgn  -premise IsomorphismBreadthFirstSearch ../../inputs/ChromaticNumber_2.txt > /cluster/projects/nn9535k/farhad/2021/22dec/chromatic-number-iso-bfs-pw/main-script/job-generation/../../program-outputs/19317975.txt
4728338,22 18:15:22 CET 2021,1,0,Wed Dec 22 18:15:17 CET 2021,IsomorphismBreadthFirstSearch,19317980,"Conjecture: Satisfied
",NN9535K,2,,,1, ,1,DONE, -pl -pdbgn ,00:00:04, pw = 2,10,4,2G,14-00:00:00,../../inputs/ChromaticNumber_2,13,/cluster/projects/nn9535k/farhad/2021/22dec/chromatic-number-iso-bfs-pw/main-script/job-generation/../../jobs/19317980.sh,/cluster/home/farhadvadiee/2021/22dec/chromatic-number-iso-bfs/Build/./treewidzard -search   pw = 2  -pl -pdbgn    IsomorphismBreadthFirstSearch ../../inputs/ChromaticNumber_2.txt > /cluster/projects/nn9535k/farhad/2021/22dec/chromatic-number-iso-bfs-pw/main-script/job-generation/../../program-outputs/19317980.txt
4728339,22 18:15:21 CET 2021,1,0,Wed Dec 22 18:15:17 CET 2021,IsomorphismBreadthFirstSearch,19317984,"Conjecture: Satisfied
",NN9535K,2,,,1,-premise,1,DONE, -pl -pdbgn ,00:00:05, pw = 2,8,4,2G,14-00:00:00,../../inputs/ChromaticNumber_2,9,/cluster/projects/nn9535k/farhad/2021/22dec/chromatic-number-iso-bfs-pw/main-script/job-generation/../../jobs/19317984.sh,/cluster/home/farhadvadiee/2021/22dec/chromatic-number-iso-bfs/Build/./treewidzard -search   pw = 2  -pl -pdbgn  -premise IsomorphismBreadthFirstSearch ../../inputs/ChromaticNumber_2.txt > /cluster/projects/nn9535k/farhad/2021/22dec/chromatic-number-iso-bfs-pw/main-script/job-generation/../../program-outputs/19317984.txt
4728340,22 18:15:21 CET 2021,1,0,Wed Dec 22 18:15:17 CET 2021,IsomorphismBreadthFirstSearch,19317989,"Conjecture: Satisfied
",NN9535K,2,,,1, ,1,DONE, -pl -pdbgn ,00:00:05, pw = 3,10,8,2G,14-00:00:00,../../inputs/ChromaticNumber_2,24,/cluster/projects/nn9535k/farhad/2021/22dec/chromatic-number-iso-bfs-pw/main-script/job-generation/../../jobs/19317989.sh,/cluster/home/farhadvadiee/2021/22dec/chromatic-number-iso-bfs/Build/./treewidzard -search   pw = 3  -pl -pdbgn    IsomorphismBreadthFirstSearch ../../inputs/ChromaticNumber_2.txt > /cluster/projects/nn9535k/farhad/2021/22dec/chromatic-number-iso-bfs-pw/main-script/job-generation/../../program-outputs/19317989.txt
4728341,22 18:15:22 CET 2021,1,0,Wed Dec 22 18:15:17 CET 2021,IsomorphismBreadthFirstSearch,19317994,"Conjecture: Satisfied
",NN9535K,2,,,1,-premise,1,DONE, -pl -pdbgn ,00:00:04, pw = 3,10,8,2G,14-00:00:00,../../inputs/ChromaticNumber_2,19,/cluster/projects/nn9535k/farhad/2021/22dec/chromatic-number-iso-bfs-pw/main-script/job-generation/../../jobs/19317994.sh,/cluster/home/farhadvadiee/2021/22dec/chromatic-number-iso-bfs/Build/./treewidzard -search   pw = 3  -pl -pdbgn  -premise IsomorphismBreadthFirstSearch ../../inputs/ChromaticNumber_2.txt > /cluster/projects/nn9535k/farhad/2021/22dec/chromatic-number-iso-bfs-pw/main-script/job-generation/../../program-outputs/19317994.txt
4728342,22 18:15:21 CET 2021,1,0,Wed Dec 22 18:15:17 CET 2021,IsomorphismBreadthFirstSearch,19317999,"Conjecture: Satisfied
",NN9535K,2,,,1, ,1,DONE, -pl -pdbgn ,00:00:05, pw = 4,14,16,2G,14-00:00:00,../../inputs/ChromaticNumber_2,43,/cluster/projects/nn9535k/farhad/2021/22dec/chromatic-number-iso-bfs-pw/main-script/job-generation/../../jobs/19317999.sh,/cluster/home/farhadvadiee/2021/22dec/chromatic-number-iso-bfs/Build/./treewidzard -search   pw = 4  -pl -pdbgn    IsomorphismBreadthFirstSearch ../../inputs/ChromaticNumber_2.txt > /cluster/projects/nn9535k/farhad/2021/22dec/chromatic-number-iso-bfs-pw/main-script/job-generation/../../program-outputs/19317999.txt
4728343,22 18:15:23 CET 2021,1,0,Wed Dec 22 18:15:17 CET 2021,IsomorphismBreadthFirstSearch,19318004,"Conjecture: Satisfied
",NN9535K,2,,,1,-premise,1,DONE, -pl -pdbgn ,00:00:05, pw = 4,14,16,2G,14-00:00:00,../../inputs/ChromaticNumber_2,37,/cluster/projects/nn9535k/farhad/2021/22dec/chromatic-number-iso-bfs-pw/main-script/job-generation/../../jobs/19318004.sh,/cluster/home/farhadvadiee/2021/22dec/chromatic-number-iso-bfs/Build/./treewidzard -search   pw = 4  -pl -pdbgn  -premise IsomorphismBreadthFirstSearch ../../inputs/ChromaticNumber_2.txt > /cluster/projects/nn9535k/farhad/2021/22dec/chromatic-number-iso-bfs-pw/main-script/job-generation/../../program-outputs/19318004.txt
4728344,22 18:15:48 CET 2021,1,0,Wed Dec 22 18:15:17 CET 2021,IsomorphismBreadthFirstSearch,19318009,"Conjecture: Satisfied
",NN9535K,2,,,1, ,1,DONE, -pl -pdbgn ,00:00:33, pw = 5,16,32,2G,14-00:00:00,../../inputs/ChromaticNumber_2,77,/cluster/projects/nn9535k/farhad/2021/22dec/chromatic-number-iso-bfs-pw/main-script/job-generation/../../jobs/19318009.sh,/cluster/home/farhadvadiee/2021/22dec/chromatic-number-iso-bfs/Build/./treewidzard -search   pw = 5  -pl -pdbgn    IsomorphismBreadthFirstSearch ../../inputs/ChromaticNumber_2.txt > /cluster/projects/nn9535k/farhad/2021/22dec/chromatic-number-iso-bfs-pw/main-script/job-generation/../../program-outputs/19318009.txt
4728345,22 18:15:49 CET 2021,1,0,Wed Dec 22 18:15:17 CET 2021,IsomorphismBreadthFirstSearch,19318013,"Conjecture: Satisfied
",NN9535K,2,,,1,-premise,1,DONE, -pl -pdbgn ,00:00:33, pw = 5,16,32,2G,14-00:00:00,../../inputs/ChromaticNumber_2,70,/cluster/projects/nn9535k/farhad/2021/22dec/chromatic-number-iso-bfs-pw/main-script/job-generation/../../jobs/19318013.sh,/cluster/home/farhadvadiee/2021/22dec/chromatic-number-iso-bfs/Build/./treewidzard -search   pw = 5  -pl -pdbgn  -premise IsomorphismBreadthFirstSearch ../../inputs/ChromaticNumber_2.txt > /cluster/projects/nn9535k/farhad/2021/22dec/chromatic-number-iso-bfs-pw/main-script/job-generation/../../program-outputs/19318013.txt
4728346,22 18:26:49 CET 2021,1,1428K,Wed Dec 22 18:15:17 CET 2021,IsomorphismBreadthFirstSearch,19318018,"Conjecture: Satisfied
",NN9535K,2,,,1, ,1,DONE, -pl -pdbgn ,00:11:34, pw = 6,20,64,2G,14-00:00:00,../../inputs/ChromaticNumber_2,135,/cluster/projects/nn9535k/farhad/2021/22dec/chromatic-number-iso-bfs-pw/main-script/job-generation/../../jobs/19318018.sh,/cluster/home/farhadvadiee/2021/22dec/chromatic-number-iso-bfs/Build/./treewidzard -search   pw = 6  -pl -pdbgn    IsomorphismBreadthFirstSearch ../../inputs/ChromaticNumber_2.txt > /cluster/projects/nn9535k/farhad/2021/22dec/chromatic-number-iso-bfs-pw/main-script/job-generation/../../program-outputs/19318018.txt
4728347,22 18:26:43 CET 2021,1,1424K,Wed Dec 22 18:15:17 CET 2021,IsomorphismBreadthFirstSearch,19318023,"Conjecture: Satisfied
",NN9535K,2,,,1,-premise,1,DONE, -pl -pdbgn ,00:11:27, pw = 6,20,64,2G,14-00:00:00,../../inputs/ChromaticNumber_2,127,/cluster/projects/nn9535k/farhad/2021/22dec/chromatic-number-iso-bfs-pw/main-script/job-generation/../../jobs/19318023.sh,/cluster/home/farhadvadiee/2021/22dec/chromatic-number-iso-bfs/Build/./treewidzard -search   pw = 6  -pl -pdbgn  -premise IsomorphismBreadthFirstSearch ../../inputs/ChromaticNumber_2.txt > /cluster/projects/nn9535k/farhad/2021/22dec/chromatic-number-iso-bfs-pw/main-script/job-generation/../../program-outputs/19318023.txt
4728348,22 23:41:42 CET 2021,1,1996K,Wed Dec 22 18:15:17 CET 2021,IsomorphismBreadthFirstSearch,19318028,"Conjecture: Satisfied
",NN9535K,2,,,1, ,1,DONE, -pl -pdbgn ,05:26:26, pw = 7,22,128,2G,14-00:00:00,../../inputs/ChromaticNumber_2,235,/cluster/projects/nn9535k/farhad/2021/22dec/chromatic-number-iso-bfs-pw/main-script/job-generation/../../jobs/19318028.sh,/cluster/home/farhadvadiee/2021/22dec/chromatic-number-iso-bfs/Build/./treewidzard -search   pw = 7  -pl -pdbgn    IsomorphismBreadthFirstSearch ../../inputs/ChromaticNumber_2.txt > /cluster/projects/nn9535k/farhad/2021/22dec/chromatic-number-iso-bfs-pw/main-script/job-generation/../../program-outputs/19318028.txt
4728349,22 23:42:01 CET 2021,1,1992K,Wed Dec 22 18:15:18 CET 2021,IsomorphismBreadthFirstSearch,19318033,"Conjecture: Satisfied
",NN9535K,2,,,1,-premise,1,DONE, -pl -pdbgn ,05:26:46, pw = 7,22,128,2G,14-00:00:00,../../inputs/ChromaticNumber_2,226,/cluster/projects/nn9535k/farhad/2021/22dec/chromatic-number-iso-bfs-pw/main-script/job-generation/../../jobs/19318033.sh,/cluster/home/farhadvadiee/2021/22dec/chromatic-number-iso-bfs/Build/./treewidzard -search   pw = 7  -pl -pdbgn  -premise IsomorphismBreadthFirstSearch ../../inputs/ChromaticNumber_2.txt > /cluster/projects/nn9535k/farhad/2021/22dec/chromatic-number-iso-bfs-pw/main-script/job-generation/../../program-outputs/19318033.txt
4728350,22 18:15:17 CET 2021,1,0,Wed Dec 22 18:15:16 CET 2021,IsomorphismBreadthFirstSearch,19318038,"Conjecture: Satisfied
",NN9535K,3,,,1, ,1,DONE, -pl -pdbgn ,00:00:01, pw = 1,4,2,2G,14-00:00:00,../../inputs/ChromaticNumber_3,4,/cluster/projects/nn9535k/farhad/2021/22dec/chromatic-number-iso-bfs-pw/main-script/job-generation/../../jobs/19318038.sh,/cluster/home/farhadvadiee/2021/22dec/chromatic-number-iso-bfs/Build/./treewidzard -search   pw = 1  -pl -pdbgn    IsomorphismBreadthFirstSearch ../../inputs/ChromaticNumber_3.txt > /cluster/projects/nn9535k/farhad/2021/22dec/chromatic-number-iso-bfs-pw/main-script/job-generation/../../program-outputs/19318038.txt
4728351,22 18:15:18 CET 2021,1,0,Wed Dec 22 18:15:16 CET 2021,IsomorphismBreadthFirstSearch,19318042,"Conjecture: Satisfied
",NN9535K,3,,,1,-premise,1,DONE, -pl -pdbgn ,00:00:01, pw = 1,4,2,2G,14-00:00:00,../../inputs/ChromaticNumber_3,4,/cluster/projects/nn9535k/farhad/2021/22dec/chromatic-number-iso-bfs-pw/main-script/job-generation/../../jobs/19318042.sh,/cluster/home/farhadvadiee/2021/22dec/chromatic-number-iso-bfs/Build/./treewidzard -search   pw = 1  -pl -pdbgn  -premise IsomorphismBreadthFirstSearch ../../inputs/ChromaticNumber_3.txt > /cluster/projects/nn9535k/farhad/2021/22dec/chromatic-number-iso-bfs-pw/main-script/job-generation/../../program-outputs/19318042.txt
4728352,22 18:15:18 CET 2021,1,0,Wed Dec 22 18:15:16 CET 2021,IsomorphismBreadthFirstSearch,19318047,"Conjecture: Satisfied
",NN9535K,3,,,1, ,1,DONE, -pl -pdbgn ,00:00:01, pw = 2,7,5,2G,14-00:00:00,../../inputs/ChromaticNumber_3,8,/cluster/projects/nn9535k/farhad/2021/22dec/chromatic-number-iso-bfs-pw/main-script/job-generation/../../jobs/19318047.sh,/cluster/home/farhadvadiee/2021/22dec/chromatic-number-iso-bfs/Build/./treewidzard -search   pw = 2  -pl -pdbgn    IsomorphismBreadthFirstSearch ../../inputs/ChromaticNumber_3.txt > /cluster/projects/nn9535k/farhad/2021/22dec/chromatic-number-iso-bfs-pw/main-script/job-generation/../../program-outputs/19318047.txt
4728353,22 18:15:17 CET 2021,1,0,Wed Dec 22 18:15:16 CET 2021,IsomorphismBreadthFirstSearch,19318052,"Conjecture: Satisfied
",NN9535K,3,,,1,-premise,1,DONE, -pl -pdbgn ,00:00:02, pw = 2,7,5,2G,14-00:00:00,../../inputs/ChromaticNumber_3,8,/cluster/projects/nn9535k/farhad/2021/22dec/chromatic-number-iso-bfs-pw/main-script/job-generation/../../jobs/19318052.sh,/cluster/home/farhadvadiee/2021/22dec/chromatic-number-iso-bfs/Build/./treewidzard -search   pw = 2  -pl -pdbgn  -premise IsomorphismBreadthFirstSearch ../../inputs/ChromaticNumber_3.txt > /cluster/projects/nn9535k/farhad/2021/22dec/chromatic-number-iso-bfs-pw/main-script/job-generation/../../program-outputs/19318052.txt
4728354,22 18:15:18 CET 2021,1,0,Wed Dec 22 18:15:16 CET 2021,IsomorphismBreadthFirstSearch,19318057,"Conjecture: Satisfied
",NN9535K,3,,,1, ,1,DONE, -pl -pdbgn ,00:00:02, pw = 3,24,14,2G,14-00:00:00,../../inputs/ChromaticNumber_3,61,/cluster/projects/nn9535k/farhad/2021/22dec/chromatic-number-iso-bfs-pw/main-script/job-generation/../../jobs/19318057.sh,/cluster/home/farhadvadiee/2021/22dec/chromatic-number-iso-bfs/Build/./treewidzard -search   pw = 3  -pl -pdbgn    IsomorphismBreadthFirstSearch ../../inputs/ChromaticNumber_3.txt > /cluster/projects/nn9535k/farhad/2021/22dec/chromatic-number-iso-bfs-pw/main-script/job-generation/../../program-outputs/19318057.txt
4728355,22 18:15:19 CET 2021,1,0,Wed Dec 22 18:15:16 CET 2021,IsomorphismBreadthFirstSearch,19318061,"Conjecture: Satisfied
",NN9535K,3,,,1,-premise,1,DONE, -pl -pdbgn ,00:00:02, pw = 3,24,14,2G,14-00:00:00,../../inputs/ChromaticNumber_3,56,/cluster/projects/nn9535k/farhad/2021/22dec/chromatic-number-iso-bfs-pw/main-script/job-generation/../../jobs/19318061.sh,/cluster/home/farhadvadiee/2021/22dec/chromatic-number-iso-bfs/Build/./treewidzard -search   pw = 3  -pl -pdbgn  -premise IsomorphismBreadthFirstSearch ../../inputs/ChromaticNumber_3.txt > /cluster/projects/nn9535k/farhad/2021/22dec/chromatic-number-iso-bfs-pw/main-script/job-generation/../../program-outputs/19318061.txt
4728356,22 18:33:41 CET 2021,1,5472K,Wed Dec 22 18:15:16 CET 2021,IsomorphismBreadthFirstSearch,19318066,"Conjecture: Satisfied
",NN9535K,3,,,1, ,1,DONE, -pl -pdbgn ,00:18:26, pw = 4,65,41,2G,14-00:00:00,../../inputs/ChromaticNumber_3,5220,/cluster/projects/nn9535k/farhad/2021/22dec/chromatic-number-iso-bfs-pw/main-script/job-generation/../../jobs/19318066.sh,/cluster/home/farhadvadiee/2021/22dec/chromatic-number-iso-bfs/Build/./treewidzard -search   pw = 4  -pl -pdbgn    IsomorphismBreadthFirstSearch ../../inputs/ChromaticNumber_3.txt > /cluster/projects/nn9535k/farhad/2021/22dec/chromatic-number-iso-bfs-pw/main-script/job-generation/../../program-outputs/19318066.txt
4728357,22 18:33:58 CET 2021,1,5508K,Wed Dec 22 18:15:16 CET 2021,IsomorphismBreadthFirstSearch,19318071,"Conjecture: Satisfied
",NN9535K,3,,,1,-premise,1,DONE, -pl -pdbgn ,00:18:43, pw = 4,65,41,2G,14-00:00:00,../../inputs/ChromaticNumber_3,5214,/cluster/projects/nn9535k/farhad/2021/22dec/chromatic-number-iso-bfs-pw/main-script/job-generation/../../jobs/19318071.sh,/cluster/home/farhadvadiee/2021/22dec/chromatic-number-iso-bfs/Build/./treewidzard -search   pw = 4  -pl -pdbgn  -premise IsomorphismBreadthFirstSearch ../../inputs/ChromaticNumber_3.txt > /cluster/projects/nn9535k/farhad/2021/22dec/chromatic-number-iso-bfs-pw/main-script/job-generation/../../program-outputs/19318071.txt
4728358,5 18:53:52 CET 2022,1,471036K,Wed Dec 22 18:15:16 CET 2021,IsomorphismBreadthFirstSearch,19318076,Not Finished,NN9535K,3,Error,"slurmstepd: error: *** JOB 4728358 ON c3-54 CANCELLED AT 2022-01-05T18:53:49 DUE TO TIME LIMIT ***
",1, ,1,DONE, -pl -pdbgn ,14-00:00:0, pw = 5,32,122,2G,14-00:00:00,../../inputs/ChromaticNumber_3,474443,/cluster/projects/nn9535k/farhad/2021/22dec/chromatic-number-iso-bfs-pw/main-script/job-generation/../../jobs/19318076.sh,/cluster/home/farhadvadiee/2021/22dec/chromatic-number-iso-bfs/Build/./treewidzard -search   pw = 5  -pl -pdbgn    IsomorphismBreadthFirstSearch ../../inputs/ChromaticNumber_3.txt > /cluster/projects/nn9535k/farhad/2021/22dec/chromatic-number-iso-bfs-pw/main-script/job-generation/../../program-outputs/19318076.txt
4728359,5 18:53:52 CET 2022,1,474032K,Wed Dec 22 18:15:16 CET 2021,IsomorphismBreadthFirstSearch,19318080,Not Finished,NN9535K,3,Error,"slurmstepd: error: *** JOB 4728359 ON c3-54 CANCELLED AT 2022-01-05T18:53:49 DUE TO TIME LIMIT ***
",1,-premise,1,DONE, -pl -pdbgn ,14-00:00:0, pw = 5,32,122,2G,14-00:00:00,../../inputs/ChromaticNumber_3,474436,/cluster/projects/nn9535k/farhad/2021/22dec/chromatic-number-iso-bfs-pw/main-script/job-generation/../../jobs/19318080.sh,/cluster/home/farhadvadiee/2021/22dec/chromatic-number-iso-bfs/Build/./treewidzard -search   pw = 5  -pl -pdbgn  -premise IsomorphismBreadthFirstSearch ../../inputs/ChromaticNumber_3.txt > /cluster/projects/nn9535k/farhad/2021/22dec/chromatic-number-iso-bfs-pw/main-script/job-generation/../../program-outputs/19318080.txt
4728360,5 18:53:52 CET 2022,1,43940K,Wed Dec 22 18:15:16 CET 2021,IsomorphismBreadthFirstSearch,19318085,Not Finished,NN9535K,3,Error,"slurmstepd: error: *** JOB 4728360 ON c3-54 CANCELLED AT 2022-01-05T18:53:49 DUE TO TIME LIMIT ***
",1, ,1,DONE, -pl -pdbgn ,14-00:00:0, pw = 6,22,365,2G,14-00:00:00,../../inputs/ChromaticNumber_3,24238,/cluster/projects/nn9535k/farhad/2021/22dec/chromatic-number-iso-bfs-pw/main-script/job-generation/../../jobs/19318085.sh,/cluster/home/farhadvadiee/2021/22dec/chromatic-number-iso-bfs/Build/./treewidzard -search   pw = 6  -pl -pdbgn    IsomorphismBreadthFirstSearch ../../inputs/ChromaticNumber_3.txt > /cluster/projects/nn9535k/farhad/2021/22dec/chromatic-number-iso-bfs-pw/main-script/job-generation/../../program-outputs/19318085.txt
4728361,5 18:53:51 CET 2022,1,43932K,Wed Dec 22 18:15:16 CET 2021,IsomorphismBreadthFirstSearch,19318090,Not Finished,NN9535K,3,Error,"slurmstepd: error: *** JOB 4728361 ON c3-54 CANCELLED AT 2022-01-05T18:53:49 DUE TO TIME LIMIT ***
",1,-premise,1,DONE, -pl -pdbgn ,14-00:00:0, pw = 6,22,365,2G,14-00:00:00,../../inputs/ChromaticNumber_3,24230,/cluster/projects/nn9535k/farhad/2021/22dec/chromatic-number-iso-bfs-pw/main-script/job-generation/../../jobs/19318090.sh,/cluster/home/farhadvadiee/2021/22dec/chromatic-number-iso-bfs/Build/./treewidzard -search   pw = 6  -pl -pdbgn  -premise IsomorphismBreadthFirstSearch ../../inputs/ChromaticNumber_3.txt > /cluster/projects/nn9535k/farhad/2021/22dec/chromatic-number-iso-bfs-pw/main-script/job-generation/../../program-outputs/19318090.txt
4728362,5 18:53:52 CET 2022,1,8428K,Wed Dec 22 18:15:16 CET 2021,IsomorphismBreadthFirstSearch,19318094,Not Finished,NN9535K,3,Error,"slurmstepd: error: *** JOB 4728362 ON c3-54 CANCELLED AT 2022-01-05T18:53:49 DUE TO TIME LIMIT ***
",1, ,1,DONE, -pl -pdbgn ,14-00:00:0, pw = 7,16,1094,2G,14-00:00:00,../../inputs/ChromaticNumber_3,1632,/cluster/projects/nn9535k/farhad/2021/22dec/chromatic-number-iso-bfs-pw/main-script/job-generation/../../jobs/19318094.sh,/cluster/home/farhadvadiee/2021/22dec/chromatic-number-iso-bfs/Build/./treewidzard -search   pw = 7  -pl -pdbgn    IsomorphismBreadthFirstSearch ../../inputs/ChromaticNumber_3.txt > /cluster/projects/nn9535k/farhad/2021/22dec/chromatic-number-iso-bfs-pw/main-script/job-generation/../../program-outputs/19318094.txt
4728363,5 18:53:52 CET 2022,1,8424K,Wed Dec 22 18:15:16 CET 2021,IsomorphismBreadthFirstSearch,19318099,Not Finished,NN9535K,3,Error,"slurmstepd: error: *** JOB 4728363 ON c3-54 CANCELLED AT 2022-01-05T18:53:49 DUE TO TIME LIMIT ***
",1,-premise,1,DONE, -pl -pdbgn ,14-00:00:0, pw = 7,16,1094,2G,14-00:00:00,../../inputs/ChromaticNumber_3,1623,/cluster/projects/nn9535k/farhad/2021/22dec/chromatic-number-iso-bfs-pw/main-script/job-generation/../../jobs/19318099.sh,/cluster/home/farhadvadiee/2021/22dec/chromatic-number-iso-bfs/Build/./treewidzard -search   pw = 7  -pl -pdbgn  -premise IsomorphismBreadthFirstSearch ../../inputs/ChromaticNumber_3.txt > /cluster/projects/nn9535k/farhad/2021/22dec/chromatic-number-iso-bfs-pw/main-script/job-generation/../../program-outputs/19318099.txt
4728364,22 18:15:19 CET 2021,1,0,Wed Dec 22 18:15:16 CET 2021,IsomorphismBreadthFirstSearch,19318104,"Conjecture: Satisfied
",NN9535K,4,,,1, ,1,DONE, -pl -pdbgn ,00:00:02, pw = 1,4,2,2G,14-00:00:00,../../inputs/ChromaticNumber_4,4,/cluster/projects/nn9535k/farhad/2021/22dec/chromatic-number-iso-bfs-pw/main-script/job-generation/../../jobs/19318104.sh,/cluster/home/farhadvadiee/2021/22dec/chromatic-number-iso-bfs/Build/./treewidzard -search   pw = 1  -pl -pdbgn    IsomorphismBreadthFirstSearch ../../inputs/ChromaticNumber_4.txt > /cluster/projects/nn9535k/farhad/2021/22dec/chromatic-number-iso-bfs-pw/main-script/job-generation/../../program-outputs/19318104.txt
4728365,22 18:15:20 CET 2021,1,0,Wed Dec 22 18:15:16 CET 2021,IsomorphismBreadthFirstSearch,19318109,"Conjecture: Satisfied
",NN9535K,4,,,1,-premise,1,DONE, -pl -pdbgn ,00:00:03, pw = 1,4,2,2G,14-00:00:00,../../inputs/ChromaticNumber_4,4,/cluster/projects/nn9535k/farhad/2021/22dec/chromatic-number-iso-bfs-pw/main-script/job-generation/../../jobs/19318109.sh,/cluster/home/farhadvadiee/2021/22dec/chromatic-number-iso-bfs/Build/./treewidzard -search   pw = 1  -pl -pdbgn  -premise IsomorphismBreadthFirstSearch ../../inputs/ChromaticNumber_4.txt > /cluster/projects/nn9535k/farhad/2021/22dec/chromatic-number-iso-bfs-pw/main-script/job-generation/../../program-outputs/19318109.txt
4728366,22 18:15:20 CET 2021,1,0,Wed Dec 22 18:15:16 CET 2021,IsomorphismBreadthFirstSearch,19318114,"Conjecture: Satisfied
",NN9535K,4,,,1, ,1,DONE, -pl -pdbgn ,00:00:03, pw = 2,7,5,2G,14-00:00:00,../../inputs/ChromaticNumber_4,8,/cluster/projects/nn9535k/farhad/2021/22dec/chromatic-number-iso-bfs-pw/main-script/job-generation/../../jobs/19318114.sh,/cluster/home/farhadvadiee/2021/22dec/chromatic-number-iso-bfs/Build/./treewidzard -search   pw = 2  -pl -pdbgn    IsomorphismBreadthFirstSearch ../../inputs/ChromaticNumber_4.txt > /cluster/projects/nn9535k/farhad/2021/22dec/chromatic-number-iso-bfs-pw/main-script/job-generation/../../program-outputs/19318114.txt
4728367,22 18:15:19 CET 2021,1,0,Wed Dec 22 18:15:17 CET 2021,IsomorphismBreadthFirstSearch,19318119,"Conjecture: Satisfied
",NN9535K,4,,,1,-premise,1,DONE, -pl -pdbgn ,00:00:03, pw = 2,7,5,2G,14-00:00:00,../../inputs/ChromaticNumber_4,8,/cluster/projects/nn9535k/farhad/2021/22dec/chromatic-number-iso-bfs-pw/main-script/job-generation/../../jobs/19318119.sh,/cluster/home/farhadvadiee/2021/22dec/chromatic-number-iso-bfs/Build/./treewidzard -search   pw = 2  -pl -pdbgn  -premise IsomorphismBreadthFirstSearch ../../inputs/ChromaticNumber_4.txt > /cluster/projects/nn9535k/farhad/2021/22dec/chromatic-number-iso-bfs-pw/main-script/job-generation/../../program-outputs/19318119.txt
4728368,22 18:15:19 CET 2021,1,0,Wed Dec 22 18:15:17 CET 2021,IsomorphismBreadthFirstSearch,19318123,"Conjecture: Satisfied
",NN9535K,4,,,1, ,1,DONE, -pl -pdbgn ,00:00:03, pw = 3,11,15,2G,14-00:00:00,../../inputs/ChromaticNumber_4,19,/cluster/projects/nn9535k/farhad/2021/22dec/chromatic-number-iso-bfs-pw/main-script/job-generation/../../jobs/19318123.sh,/cluster/home/farhadvadiee/2021/22dec/chromatic-number-iso-bfs/Build/./treewidzard -search   pw = 3  -pl -pdbgn    IsomorphismBreadthFirstSearch ../../inputs/ChromaticNumber_4.txt > /cluster/projects/nn9535k/farhad/2021/22dec/chromatic-number-iso-bfs-pw/main-script/job-generation/../../program-outputs/19318123.txt
4728369,22 18:15:20 CET 2021,1,0,Wed Dec 22 18:15:17 CET 2021,IsomorphismBreadthFirstSearch,19318128,"Conjecture: Satisfied
",NN9535K,4,,,1,-premise,1,DONE, -pl -pdbgn ,00:00:04, pw = 3,11,15,2G,14-00:00:00,../../inputs/ChromaticNumber_4,19,/cluster/projects/nn9535k/farhad/2021/22dec/chromatic-number-iso-bfs-pw/main-script/job-generation/../../jobs/19318128.sh,/cluster/home/farhadvadiee/2021/22dec/chromatic-number-iso-bfs/Build/./treewidzard -search   pw = 3  -pl -pdbgn  -premise IsomorphismBreadthFirstSearch ../../inputs/ChromaticNumber_4.txt > /cluster/projects/nn9535k/farhad/2021/22dec/chromatic-number-iso-bfs-pw/main-script/job-generation/../../program-outputs/19318128.txt
4728370,22 18:21:09 CET 2021,1,2140K,Wed Dec 22 18:15:17 CET 2021,IsomorphismBreadthFirstSearch,19318133,"Conjecture: Satisfied
",NN9535K,4,,,1, ,1,DONE, -pl -pdbgn ,00:05:54, pw = 4,43,51,2G,14-00:00:00,../../inputs/ChromaticNumber_4,1271,/cluster/projects/nn9535k/farhad/2021/22dec/chromatic-number-iso-bfs-pw/main-script/job-generation/../../jobs/19318133.sh,/cluster/home/farhadvadiee/2021/22dec/chromatic-number-iso-bfs/Build/./treewidzard -search   pw = 4  -pl -pdbgn    IsomorphismBreadthFirstSearch ../../inputs/ChromaticNumber_4.txt > /cluster/projects/nn9535k/farhad/2021/22dec/chromatic-number-iso-bfs-pw/main-script/job-generation/../../program-outputs/19318133.txt
4728371,22 18:21:11 CET 2021,1,2124K,Wed Dec 22 18:15:17 CET 2021,IsomorphismBreadthFirstSearch,19318138,"Conjecture: Satisfied
",NN9535K,4,,,1,-premise,1,DONE, -pl -pdbgn ,00:05:56, pw = 4,43,51,2G,14-00:00:00,../../inputs/ChromaticNumber_4,1265,/cluster/projects/nn9535k/farhad/2021/22dec/chromatic-number-iso-bfs-pw/main-script/job-generation/../../jobs/19318138.sh,/cluster/home/farhadvadiee/2021/22dec/chromatic-number-iso-bfs/Build/./treewidzard -search   pw = 4  -pl -pdbgn  -premise IsomorphismBreadthFirstSearch ../../inputs/ChromaticNumber_4.txt > /cluster/projects/nn9535k/farhad/2021/22dec/chromatic-number-iso-bfs-pw/main-script/job-generation/../../program-outputs/19318138.txt
4728372,5 18:54:25 CET 2022,1,225584K,Wed Dec 22 18:15:45 CET 2021,IsomorphismBreadthFirstSearch,19318142,Not Finished,NN9535K,4,Error,"slurmstepd: error: *** JOB 4728372 ON c3-56 CANCELLED AT 2022-01-05T18:54:19 DUE TO TIME LIMIT ***
",1, ,1,DONE, -pl -pdbgn ,14-00:00:0, pw = 5,32,187,2G,14-00:00:00,../../inputs/ChromaticNumber_4,229147,/cluster/projects/nn9535k/farhad/2021/22dec/chromatic-number-iso-bfs-pw/main-script/job-generation/../../jobs/19318142.sh,/cluster/home/farhadvadiee/2021/22dec/chromatic-number-iso-bfs/Build/./treewidzard -search   pw = 5  -pl -pdbgn    IsomorphismBreadthFirstSearch ../../inputs/ChromaticNumber_4.txt > /cluster/projects/nn9535k/farhad/2021/22dec/chromatic-number-iso-bfs-pw/main-script/job-generation/../../program-outputs/19318142.txt
4728373,5 18:54:23 CET 2022,1,224796K,Wed Dec 22 18:15:46 CET 2021,IsomorphismBreadthFirstSearch,19318147,Not Finished,NN9535K,4,Error,"slurmstepd: error: *** JOB 4728373 ON c3-56 CANCELLED AT 2022-01-05T18:54:19 DUE TO TIME LIMIT ***
",1,-premise,1,DONE, -pl -pdbgn ,14-00:00:0, pw = 5,32,187,2G,14-00:00:00,../../inputs/ChromaticNumber_4,229140,/cluster/projects/nn9535k/farhad/2021/22dec/chromatic-number-iso-bfs-pw/main-script/job-generation/../../jobs/19318147.sh,/cluster/home/farhadvadiee/2021/22dec/chromatic-number-iso-bfs/Build/./treewidzard -search   pw = 5  -pl -pdbgn  -premise IsomorphismBreadthFirstSearch ../../inputs/ChromaticNumber_4.txt > /cluster/projects/nn9535k/farhad/2021/22dec/chromatic-number-iso-bfs-pw/main-script/job-generation/../../program-outputs/19318147.txt
4728374,5 18:54:24 CET 2022,1,20304K,Wed Dec 22 18:15:46 CET 2021,IsomorphismBreadthFirstSearch,19318152,Not Finished,NN9535K,4,Error,"slurmstepd: error: *** JOB 4728374 ON c3-56 CANCELLED AT 2022-01-05T18:54:19 DUE TO TIME LIMIT ***
",1, ,1,DONE, -pl -pdbgn ,14-00:00:0, pw = 6,21,715,2G,14-00:00:00,../../inputs/ChromaticNumber_4,10521,/cluster/projects/nn9535k/farhad/2021/22dec/chromatic-number-iso-bfs-pw/main-script/job-generation/../../jobs/19318152.sh,/cluster/home/farhadvadiee/2021/22dec/chromatic-number-iso-bfs/Build/./treewidzard -search   pw = 6  -pl -pdbgn    IsomorphismBreadthFirstSearch ../../inputs/ChromaticNumber_4.txt > /cluster/projects/nn9535k/farhad/2021/22dec/chromatic-number-iso-bfs-pw/main-script/job-generation/../../program-outputs/19318152.txt
4728375,5 18:54:22 CET 2022,1,20304K,Wed Dec 22 18:15:46 CET 2021,IsomorphismBreadthFirstSearch,19318157,Not Finished,NN9535K,4,Error,"slurmstepd: error: *** JOB 4728375 ON c3-56 CANCELLED AT 2022-01-05T18:54:19 DUE TO TIME LIMIT ***
",1,-premise,1,DONE, -pl -pdbgn ,14-00:00:0, pw = 6,21,715,2G,14-00:00:00,../../inputs/ChromaticNumber_4,10513,/cluster/projects/nn9535k/farhad/2021/22dec/chromatic-number-iso-bfs-pw/main-script/job-generation/../../jobs/19318157.sh,/cluster/home/farhadvadiee/2021/22dec/chromatic-number-iso-bfs/Build/./treewidzard -search   pw = 6  -pl -pdbgn  -premise IsomorphismBreadthFirstSearch ../../inputs/ChromaticNumber_4.txt > /cluster/projects/nn9535k/farhad/2021/22dec/chromatic-number-iso-bfs-pw/main-script/job-generation/../../program-outputs/19318157.txt
4728376,5 18:54:24 CET 2022,1,10436K,Wed Dec 22 18:15:46 CET 2021,IsomorphismBreadthFirstSearch,19318161,Not Finished,NN9535K,4,Error,"slurmstepd: error: *** JOB 4728376 ON c3-56 CANCELLED AT 2022-01-05T18:54:19 DUE TO TIME LIMIT ***
",1, ,1,DONE, -pl -pdbgn ,14-00:00:0, pw = 7,13,2795,2G,14-00:00:00,../../inputs/ChromaticNumber_4,277,/cluster/projects/nn9535k/farhad/2021/22dec/chromatic-number-iso-bfs-pw/main-script/job-generation/../../jobs/19318161.sh,/cluster/home/farhadvadiee/2021/22dec/chromatic-number-iso-bfs/Build/./treewidzard -search   pw = 7  -pl -pdbgn    IsomorphismBreadthFirstSearch ../../inputs/ChromaticNumber_4.txt > /cluster/projects/nn9535k/farhad/2021/22dec/chromatic-number-iso-bfs-pw/main-script/job-generation/../../program-outputs/19318161.txt
4728377,5 18:54:23 CET 2022,1,10436K,Wed Dec 22 18:15:46 CET 2021,IsomorphismBreadthFirstSearch,19318166,Not Finished,NN9535K,4,Error,"slurmstepd: error: *** JOB 4728377 ON c3-56 CANCELLED AT 2022-01-05T18:54:19 DUE TO TIME LIMIT ***
",1,-premise,1,DONE, -pl -pdbgn ,14-00:00:0, pw = 7,13,2795,2G,14-00:00:00,../../inputs/ChromaticNumber_4,277,/cluster/projects/nn9535k/farhad/2021/22dec/chromatic-number-iso-bfs-pw/main-script/job-generation/../../jobs/19318166.sh,/cluster/home/farhadvadiee/2021/22dec/chromatic-number-iso-bfs/Build/./treewidzard -search   pw = 7  -pl -pdbgn  -premise IsomorphismBreadthFirstSearch ../../inputs/ChromaticNumber_4.txt > /cluster/projects/nn9535k/farhad/2021/22dec/chromatic-number-iso-bfs-pw/main-script/job-generation/../../program-outputs/19318166.txt
4728378,22 18:15:50 CET 2021,1,0,Wed Dec 22 18:15:46 CET 2021,IsomorphismBreadthFirstSearch,19318171,"Conjecture: Satisfied
",NN9535K,5,,,1, ,1,DONE, -pl -pdbgn ,00:00:01, pw = 1,4,2,2G,14-00:00:00,../../inputs/ChromaticNumber_5,4,/cluster/projects/nn9535k/farhad/2021/22dec/chromatic-number-iso-bfs-pw/main-script/job-generation/../../jobs/19318171.sh,/cluster/home/farhadvadiee/2021/22dec/chromatic-number-iso-bfs/Build/./treewidzard -search   pw = 1  -pl -pdbgn    IsomorphismBreadthFirstSearch ../../inputs/ChromaticNumber_5.txt > /cluster/projects/nn9535k/farhad/2021/22dec/chromatic-number-iso-bfs-pw/main-script/job-generation/../../program-outputs/19318171.txt
4728379,22 18:15:50 CET 2021,1,0,Wed Dec 22 18:15:46 CET 2021,IsomorphismBreadthFirstSearch,19318176,"Conjecture: Satisfied
",NN9535K,5,,,1,-premise,1,DONE, -pl -pdbgn ,00:00:03, pw = 1,4,2,2G,14-00:00:00,../../inputs/ChromaticNumber_5,4,/cluster/projects/nn9535k/farhad/2021/22dec/chromatic-number-iso-bfs-pw/main-script/job-generation/../../jobs/19318176.sh,/cluster/home/farhadvadiee/2021/22dec/chromatic-number-iso-bfs/Build/./treewidzard -search   pw = 1  -pl -pdbgn  -premise IsomorphismBreadthFirstSearch ../../inputs/ChromaticNumber_5.txt > /cluster/projects/nn9535k/farhad/2021/22dec/chromatic-number-iso-bfs-pw/main-script/job-generation/../../program-outputs/19318176.txt
4728380,22 18:15:48 CET 2021,1,0,Wed Dec 22 18:15:46 CET 2021,IsomorphismBreadthFirstSearch,19318181,"Conjecture: Satisfied
",NN9535K,5,,,1, ,1,DONE, -pl -pdbgn ,00:00:02, pw = 2,7,5,2G,14-00:00:00,../../inputs/ChromaticNumber_5,8,/cluster/projects/nn9535k/farhad/2021/22dec/chromatic-number-iso-bfs-pw/main-script/job-generation/../../jobs/19318181.sh,/cluster/home/farhadvadiee/2021/22dec/chromatic-number-iso-bfs/Build/./treewidzard -search   pw = 2  -pl -pdbgn    IsomorphismBreadthFirstSearch ../../inputs/ChromaticNumber_5.txt > /cluster/projects/nn9535k/farhad/2021/22dec/chromatic-number-iso-bfs-pw/main-script/job-generation/../../program-outputs/19318181.txt
4728381,22 18:15:49 CET 2021,1,0,Wed Dec 22 18:15:46 CET 2021,IsomorphismBreadthFirstSearch,19318186,"Conjecture: Satisfied
",NN9535K,5,,,1,-premise,1,DONE, -pl -pdbgn ,00:00:03, pw = 2,7,5,2G,14-00:00:00,../../inputs/ChromaticNumber_5,8,/cluster/projects/nn9535k/farhad/2021/22dec/chromatic-number-iso-bfs-pw/main-script/job-generation/../../jobs/19318186.sh,/cluster/home/farhadvadiee/2021/22dec/chromatic-number-iso-bfs/Build/./treewidzard -search   pw = 2  -pl -pdbgn  -premise IsomorphismBreadthFirstSearch ../../inputs/ChromaticNumber_5.txt > /cluster/projects/nn9535k/farhad/2021/22dec/chromatic-number-iso-bfs-pw/main-script/job-generation/../../program-outputs/19318186.txt
4728382,22 18:15:49 CET 2021,1,0,Wed Dec 22 18:15:46 CET 2021,IsomorphismBreadthFirstSearch,19318190,"Conjecture: Satisfied
",NN9535K,5,,,1, ,1,DONE, -pl -pdbgn ,00:00:03, pw = 3,11,15,2G,14-00:00:00,../../inputs/ChromaticNumber_5,19,/cluster/projects/nn9535k/farhad/2021/22dec/chromatic-number-iso-bfs-pw/main-script/job-generation/../../jobs/19318190.sh,/cluster/home/farhadvadiee/2021/22dec/chromatic-number-iso-bfs/Build/./treewidzard -search   pw = 3  -pl -pdbgn    IsomorphismBreadthFirstSearch ../../inputs/ChromaticNumber_5.txt > /cluster/projects/nn9535k/farhad/2021/22dec/chromatic-number-iso-bfs-pw/main-script/job-generation/../../program-outputs/19318190.txt
4728383,22 18:15:50 CET 2021,1,0,Wed Dec 22 18:15:46 CET 2021,IsomorphismBreadthFirstSearch,19318195,"Conjecture: Satisfied
",NN9535K,5,,,1,-premise,1,DONE, -pl -pdbgn ,00:00:03, pw = 3,11,15,2G,14-00:00:00,../../inputs/ChromaticNumber_5,19,/cluster/projects/nn9535k/farhad/2021/22dec/chromatic-number-iso-bfs-pw/main-script/job-generation/../../jobs/19318195.sh,/cluster/home/farhadvadiee/2021/22dec/chromatic-number-iso-bfs/Build/./treewidzard -search   pw = 3  -pl -pdbgn  -premise IsomorphismBreadthFirstSearch ../../inputs/ChromaticNumber_5.txt > /cluster/projects/nn9535k/farhad/2021/22dec/chromatic-number-iso-bfs-pw/main-script/job-generation/../../program-outputs/19318195.txt
4728384,22 18:16:00 CET 2021,1,0,Wed Dec 22 18:15:46 CET 2021,IsomorphismBreadthFirstSearch,19318200,"Conjecture: Satisfied
",NN9535K,5,,,1, ,1,DONE, -pl -pdbgn ,00:00:15, pw = 4,16,52,2G,14-00:00:00,../../inputs/ChromaticNumber_5,53,/cluster/projects/nn9535k/farhad/2021/22dec/chromatic-number-iso-bfs-pw/main-script/job-generation/../../jobs/19318200.sh,/cluster/home/farhadvadiee/2021/22dec/chromatic-number-iso-bfs/Build/./treewidzard -search   pw = 4  -pl -pdbgn    IsomorphismBreadthFirstSearch ../../inputs/ChromaticNumber_5.txt > /cluster/projects/nn9535k/farhad/2021/22dec/chromatic-number-iso-bfs-pw/main-script/job-generation/../../program-outputs/19318200.txt
4728385,22 18:16:01 CET 2021,1,0,Wed Dec 22 18:15:47 CET 2021,IsomorphismBreadthFirstSearch,19318205,"Conjecture: Satisfied
",NN9535K,5,,,1,-premise,1,DONE, -pl -pdbgn ,00:00:15, pw = 4,16,52,2G,14-00:00:00,../../inputs/ChromaticNumber_5,53,/cluster/projects/nn9535k/farhad/2021/22dec/chromatic-number-iso-bfs-pw/main-script/job-generation/../../jobs/19318205.sh,/cluster/home/farhadvadiee/2021/22dec/chromatic-number-iso-bfs/Build/./treewidzard -search   pw = 4  -pl -pdbgn  -premise IsomorphismBreadthFirstSearch ../../inputs/ChromaticNumber_5.txt > /cluster/projects/nn9535k/farhad/2021/22dec/chromatic-number-iso-bfs-pw/main-script/job-generation/../../program-outputs/19318205.txt
4728386,5 18:54:23 CET 2022,1,129248K,Wed Dec 22 18:15:47 CET 2021,IsomorphismBreadthFirstSearch,19318210,Not Finished,NN9535K,5,Error,"slurmstepd: error: *** JOB 4728386 ON c3-56 CANCELLED AT 2022-01-05T18:54:19 DUE TO TIME LIMIT ***
",1, ,1,DONE, -pl -pdbgn ,14-00:00:0, pw = 5,61,202,2G,14-00:00:00,../../inputs/ChromaticNumber_5,134674,/cluster/projects/nn9535k/farhad/2021/22dec/chromatic-number-iso-bfs-pw/main-script/job-generation/../../jobs/19318210.sh,/cluster/home/farhadvadiee/2021/22dec/chromatic-number-iso-bfs/Build/./treewidzard -search   pw = 5  -pl -pdbgn    IsomorphismBreadthFirstSearch ../../inputs/ChromaticNumber_5.txt > /cluster/projects/nn9535k/farhad/2021/22dec/chromatic-number-iso-bfs-pw/main-script/job-generation/../../program-outputs/19318210.txt
4728387,5 18:54:23 CET 2022,1,129256K,Wed Dec 22 18:15:47 CET 2021,IsomorphismBreadthFirstSearch,19318214,Not Finished,NN9535K,5,Error,"slurmstepd: error: *** JOB 4728387 ON c3-56 CANCELLED AT 2022-01-05T18:54:19 DUE TO TIME LIMIT ***
",1,-premise,1,DONE, -pl -pdbgn ,14-00:00:0, pw = 5,61,202,2G,14-00:00:00,../../inputs/ChromaticNumber_5,134667,/cluster/projects/nn9535k/farhad/2021/22dec/chromatic-number-iso-bfs-pw/main-script/job-generation/../../jobs/19318214.sh,/cluster/home/farhadvadiee/2021/22dec/chromatic-number-iso-bfs/Build/./treewidzard -search   pw = 5  -pl -pdbgn  -premise IsomorphismBreadthFirstSearch ../../inputs/ChromaticNumber_5.txt > /cluster/projects/nn9535k/farhad/2021/22dec/chromatic-number-iso-bfs-pw/main-script/job-generation/../../program-outputs/19318214.txt
4728388,5 18:54:24 CET 2022,1,11464K,Wed Dec 22 18:15:47 CET 2021,IsomorphismBreadthFirstSearch,19318219,Not Finished,NN9535K,5,Error,"slurmstepd: error: *** JOB 4728388 ON c3-56 CANCELLED AT 2022-01-05T18:54:19 DUE TO TIME LIMIT ***
",1, ,1,DONE, -pl -pdbgn ,14-00:00:0, pw = 6,22,855,2G,14-00:00:00,../../inputs/ChromaticNumber_5,5545,/cluster/projects/nn9535k/farhad/2021/22dec/chromatic-number-iso-bfs-pw/main-script/job-generation/../../jobs/19318219.sh,/cluster/home/farhadvadiee/2021/22dec/chromatic-number-iso-bfs/Build/./treewidzard -search   pw = 6  -pl -pdbgn    IsomorphismBreadthFirstSearch ../../inputs/ChromaticNumber_5.txt > /cluster/projects/nn9535k/farhad/2021/22dec/chromatic-number-iso-bfs-pw/main-script/job-generation/../../program-outputs/19318219.txt
4728389,5 18:54:24 CET 2022,1,11436K,Wed Dec 22 18:15:47 CET 2021,IsomorphismBreadthFirstSearch,19318224,Not Finished,NN9535K,5,Error,"slurmstepd: error: *** JOB 4728389 ON c3-56 CANCELLED AT 2022-01-05T18:54:19 DUE TO TIME LIMIT ***
",1,-premise,1,DONE, -pl -pdbgn ,14-00:00:0, pw = 6,22,855,2G,14-00:00:00,../../inputs/ChromaticNumber_5,5542,/cluster/projects/nn9535k/farhad/2021/22dec/chromatic-number-iso-bfs-pw/main-script/job-generation/../../jobs/19318224.sh,/cluster/home/farhadvadiee/2021/22dec/chromatic-number-iso-bfs/Build/./treewidzard -search   pw = 6  -pl -pdbgn  -premise IsomorphismBreadthFirstSearch ../../inputs/ChromaticNumber_5.txt > /cluster/projects/nn9535k/farhad/2021/22dec/chromatic-number-iso-bfs-pw/main-script/job-generation/../../program-outputs/19318224.txt
4728390,5 18:54:23 CET 2022,1,12504K,Wed Dec 22 18:15:47 CET 2021,IsomorphismBreadthFirstSearch,19318229,Not Finished,NN9535K,5,Error,"slurmstepd: error: *** JOB 4728390 ON c3-56 CANCELLED AT 2022-01-05T18:54:19 DUE TO TIME LIMIT ***
",1, ,1,DONE, -pl -pdbgn ,14-00:00:0, pw = 7,12,3845,2G,14-00:00:00,../../inputs/ChromaticNumber_5,164,/cluster/projects/nn9535k/farhad/2021/22dec/chromatic-number-iso-bfs-pw/main-script/job-generation/../../jobs/19318229.sh,/cluster/home/farhadvadiee/2021/22dec/chromatic-number-iso-bfs/Build/./treewidzard -search   pw = 7  -pl -pdbgn    IsomorphismBreadthFirstSearch ../../inputs/ChromaticNumber_5.txt > /cluster/projects/nn9535k/farhad/2021/22dec/chromatic-number-iso-bfs-pw/main-script/job-generation/../../program-outputs/19318229.txt
4728391,5 18:54:25 CET 2022,1,12504K,Wed Dec 22 18:15:47 CET 2021,IsomorphismBreadthFirstSearch,19318234,Not Finished,NN9535K,5,Error,"slurmstepd: error: *** JOB 4728391 ON c3-56 CANCELLED AT 2022-01-05T18:54:19 DUE TO TIME LIMIT ***
",1,-premise,1,DONE, -pl -pdbgn ,14-00:00:0, pw = 7,12,3845,2G,14-00:00:00,../../inputs/ChromaticNumber_5,164,/cluster/projects/nn9535k/farhad/2021/22dec/chromatic-number-iso-bfs-pw/main-script/job-generation/../../jobs/19318234.sh,/cluster/home/farhadvadiee/2021/22dec/chromatic-number-iso-bfs/Build/./treewidzard -search   pw = 7  -pl -pdbgn  -premise IsomorphismBreadthFirstSearch ../../inputs/ChromaticNumber_5.txt > /cluster/projects/nn9535k/farhad/2021/22dec/chromatic-number-iso-bfs-pw/main-script/job-generation/../../program-outputs/19318234.txt
4728392,22 18:15:50 CET 2021,1,0,Wed Dec 22 18:15:47 CET 2021,IsomorphismBreadthFirstSearch,19318238,"Conjecture: Satisfied
",NN9535K,6,,,1, ,1,DONE, -pl -pdbgn ,00:00:03, pw = 1,4,2,2G,14-00:00:00,../../inputs/ChromaticNumber_6,4,/cluster/projects/nn9535k/farhad/2021/22dec/chromatic-number-iso-bfs-pw/main-script/job-generation/../../jobs/19318238.sh,/cluster/home/farhadvadiee/2021/22dec/chromatic-number-iso-bfs/Build/./treewidzard -search   pw = 1  -pl -pdbgn    IsomorphismBreadthFirstSearch ../../inputs/ChromaticNumber_6.txt > /cluster/projects/nn9535k/farhad/2021/22dec/chromatic-number-iso-bfs-pw/main-script/job-generation/../../program-outputs/19318238.txt
4728393,22 18:15:47 CET 2021,1,0,Wed Dec 22 18:15:45 CET 2021,IsomorphismBreadthFirstSearch,19318243,"Conjecture: Satisfied
",NN9535K,6,,,1,-premise,1,DONE, -pl -pdbgn ,00:00:01, pw = 1,4,2,2G,14-00:00:00,../../inputs/ChromaticNumber_6,4,/cluster/projects/nn9535k/farhad/2021/22dec/chromatic-number-iso-bfs-pw/main-script/job-generation/../../jobs/19318243.sh,/cluster/home/farhadvadiee/2021/22dec/chromatic-number-iso-bfs/Build/./treewidzard -search   pw = 1  -pl -pdbgn  -premise IsomorphismBreadthFirstSearch ../../inputs/ChromaticNumber_6.txt > /cluster/projects/nn9535k/farhad/2021/22dec/chromatic-number-iso-bfs-pw/main-script/job-generation/../../program-outputs/19318243.txt
4728394,22 18:15:47 CET 2021,1,0,Wed Dec 22 18:15:46 CET 2021,IsomorphismBreadthFirstSearch,19318248,"Conjecture: Satisfied
",NN9535K,6,,,1, ,1,DONE, -pl -pdbgn ,00:00:02, pw = 2,7,5,2G,14-00:00:00,../../inputs/ChromaticNumber_6,8,/cluster/projects/nn9535k/farhad/2021/22dec/chromatic-number-iso-bfs-pw/main-script/job-generation/../../jobs/19318248.sh,/cluster/home/farhadvadiee/2021/22dec/chromatic-number-iso-bfs/Build/./treewidzard -search   pw = 2  -pl -pdbgn    IsomorphismBreadthFirstSearch ../../inputs/ChromaticNumber_6.txt > /cluster/projects/nn9535k/farhad/2021/22dec/chromatic-number-iso-bfs-pw/main-script/job-generation/../../program-outputs/19318248.txt
4728395,22 18:15:47 CET 2021,1,0,Wed Dec 22 18:15:46 CET 2021,IsomorphismBreadthFirstSearch,19318253,"Conjecture: Satisfied
",NN9535K,6,,,1,-premise,1,DONE, -pl -pdbgn ,00:00:02, pw = 2,7,5,2G,14-00:00:00,../../inputs/ChromaticNumber_6,8,/cluster/projects/nn9535k/farhad/2021/22dec/chromatic-number-iso-bfs-pw/main-script/job-generation/../../jobs/19318253.sh,/cluster/home/farhadvadiee/2021/22dec/chromatic-number-iso-bfs/Build/./treewidzard -search   pw = 2  -pl -pdbgn  -premise IsomorphismBreadthFirstSearch ../../inputs/ChromaticNumber_6.txt > /cluster/projects/nn9535k/farhad/2021/22dec/chromatic-number-iso-bfs-pw/main-script/job-generation/../../program-outputs/19318253.txt
4728396,22 18:15:48 CET 2021,1,0,Wed Dec 22 18:15:46 CET 2021,IsomorphismBreadthFirstSearch,19318257,"Conjecture: Satisfied
",NN9535K,6,,,1, ,1,DONE, -pl -pdbgn ,00:00:02, pw = 3,11,15,2G,14-00:00:00,../../inputs/ChromaticNumber_6,19,/cluster/projects/nn9535k/farhad/2021/22dec/chromatic-number-iso-bfs-pw/main-script/job-generation/../../jobs/19318257.sh,/cluster/home/farhadvadiee/2021/22dec/chromatic-number-iso-bfs/Build/./treewidzard -search   pw = 3  -pl -pdbgn    IsomorphismBreadthFirstSearch ../../inputs/ChromaticNumber_6.txt > /cluster/projects/nn9535k/farhad/2021/22dec/chromatic-number-iso-bfs-pw/main-script/job-generation/../../program-outputs/19318257.txt
4728397,22 18:15:48 CET 2021,1,0,Wed Dec 22 18:15:46 CET 2021,IsomorphismBreadthFirstSearch,19318262,"Conjecture: Satisfied
",NN9535K,6,,,1,-premise,1,DONE, -pl -pdbgn ,00:00:02, pw = 3,11,15,2G,14-00:00:00,../../inputs/ChromaticNumber_6,19,/cluster/projects/nn9535k/farhad/2021/22dec/chromatic-number-iso-bfs-pw/main-script/job-generation/../../jobs/19318262.sh,/cluster/home/farhadvadiee/2021/22dec/chromatic-number-iso-bfs/Build/./treewidzard -search   pw = 3  -pl -pdbgn  -premise IsomorphismBreadthFirstSearch ../../inputs/ChromaticNumber_6.txt > /cluster/projects/nn9535k/farhad/2021/22dec/chromatic-number-iso-bfs-pw/main-script/job-generation/../../program-outputs/19318262.txt
4728398,22 18:16:01 CET 2021,1,0,Wed Dec 22 18:15:45 CET 2021,IsomorphismBreadthFirstSearch,19318267,"Conjecture: Satisfied
",NN9535K,6,,,1, ,1,DONE, -pl -pdbgn ,00:00:15, pw = 4,16,52,2G,14-00:00:00,../../inputs/ChromaticNumber_6,53,/cluster/projects/nn9535k/farhad/2021/22dec/chromatic-number-iso-bfs-pw/main-script/job-generation/../../jobs/19318267.sh,/cluster/home/farhadvadiee/2021/22dec/chromatic-number-iso-bfs/Build/./treewidzard -search   pw = 4  -pl -pdbgn    IsomorphismBreadthFirstSearch ../../inputs/ChromaticNumber_6.txt > /cluster/projects/nn9535k/farhad/2021/22dec/chromatic-number-iso-bfs-pw/main-script/job-generation/../../program-outputs/19318267.txt
4728399,22 18:16:01 CET 2021,1,0,Wed Dec 22 18:15:46 CET 2021,IsomorphismBreadthFirstSearch,19318271,"Conjecture: Satisfied
",NN9535K,6,,,1,-premise,1,DONE, -pl -pdbgn ,00:00:13, pw = 4,16,52,2G,14-00:00:00,../../inputs/ChromaticNumber_6,53,/cluster/projects/nn9535k/farhad/2021/22dec/chromatic-number-iso-bfs-pw/main-script/job-generation/../../jobs/19318271.sh,/cluster/home/farhadvadiee/2021/22dec/chromatic-number-iso-bfs/Build/./treewidzard -search   pw = 4  -pl -pdbgn  -premise IsomorphismBreadthFirstSearch ../../inputs/ChromaticNumber_6.txt > /cluster/projects/nn9535k/farhad/2021/22dec/chromatic-number-iso-bfs-pw/main-script/job-generation/../../program-outputs/19318271.txt
4728400,22 18:38:00 CET 2021,1,1644K,Wed Dec 22 18:15:46 CET 2021,IsomorphismBreadthFirstSearch,19318276,"Conjecture: Satisfied
",NN9535K,6,,,1, ,1,DONE, -pl -pdbgn ,00:22:14, pw = 5,22,203,2G,14-00:00:00,../../inputs/ChromaticNumber_6,209,/cluster/projects/nn9535k/farhad/2021/22dec/chromatic-number-iso-bfs-pw/main-script/job-generation/../../jobs/19318276.sh,/cluster/home/farhadvadiee/2021/22dec/chromatic-number-iso-bfs/Build/./treewidzard -search   pw = 5  -pl -pdbgn    IsomorphismBreadthFirstSearch ../../inputs/ChromaticNumber_6.txt > /cluster/projects/nn9535k/farhad/2021/22dec/chromatic-number-iso-bfs-pw/main-script/job-generation/../../program-outputs/19318276.txt
4728401,22 18:37:51 CET 2021,1,1644K,Wed Dec 22 18:15:46 CET 2021,IsomorphismBreadthFirstSearch,19318281,"Conjecture: Satisfied
",NN9535K,6,,,1,-premise,1,DONE, -pl -pdbgn ,00:22:06, pw = 5,22,203,2G,14-00:00:00,../../inputs/ChromaticNumber_6,209,/cluster/projects/nn9535k/farhad/2021/22dec/chromatic-number-iso-bfs-pw/main-script/job-generation/../../jobs/19318281.sh,/cluster/home/farhadvadiee/2021/22dec/chromatic-number-iso-bfs/Build/./treewidzard -search   pw = 5  -pl -pdbgn  -premise IsomorphismBreadthFirstSearch ../../inputs/ChromaticNumber_6.txt > /cluster/projects/nn9535k/farhad/2021/22dec/chromatic-number-iso-bfs-pw/main-script/job-generation/../../program-outputs/19318281.txt
4728402,5 18:54:22 CET 2022,1,8920K,Wed Dec 22 18:15:46 CET 2021,IsomorphismBreadthFirstSearch,19318286,Not Finished,NN9535K,6,Error,"slurmstepd: error: *** JOB 4728402 ON c3-54 CANCELLED AT 2022-01-05T18:54:19 DUE TO TIME LIMIT ***
",1, ,1,DONE, -pl -pdbgn ,14-00:00:0, pw = 6,25,876,2G,14-00:00:00,../../inputs/ChromaticNumber_6,4187,/cluster/projects/nn9535k/farhad/2021/22dec/chromatic-number-iso-bfs-pw/main-script/job-generation/../../jobs/19318286.sh,/cluster/home/farhadvadiee/2021/22dec/chromatic-number-iso-bfs/Build/./treewidzard -search   pw = 6  -pl -pdbgn    IsomorphismBreadthFirstSearch ../../inputs/ChromaticNumber_6.txt > /cluster/projects/nn9535k/farhad/2021/22dec/chromatic-number-iso-bfs-pw/main-script/job-generation/../../program-outputs/19318286.txt
4728403,5 18:54:22 CET 2022,1,8892K,Wed Dec 22 18:15:46 CET 2021,IsomorphismBreadthFirstSearch,19318290,Not Finished,NN9535K,6,Error,"slurmstepd: error: *** JOB 4728403 ON c3-54 CANCELLED AT 2022-01-05T18:54:19 DUE TO TIME LIMIT ***
",1,-premise,1,DONE, -pl -pdbgn ,14-00:00:0, pw = 6,25,876,2G,14-00:00:00,../../inputs/ChromaticNumber_6,4187,/cluster/projects/nn9535k/farhad/2021/22dec/chromatic-number-iso-bfs-pw/main-script/job-generation/../../jobs/19318290.sh,/cluster/home/farhadvadiee/2021/22dec/chromatic-number-iso-bfs/Build/./treewidzard -search   pw = 6  -pl -pdbgn  -premise IsomorphismBreadthFirstSearch ../../inputs/ChromaticNumber_6.txt > /cluster/projects/nn9535k/farhad/2021/22dec/chromatic-number-iso-bfs-pw/main-script/job-generation/../../program-outputs/19318290.txt
4728404,5 18:54:21 CET 2022,1,12992K,Wed Dec 22 18:15:46 CET 2021,IsomorphismBreadthFirstSearch,19318295,Not Finished,NN9535K,6,Error,"slurmstepd: error: *** JOB 4728404 ON c3-54 CANCELLED AT 2022-01-05T18:54:19 DUE TO TIME LIMIT ***
",1, ,1,DONE, -pl -pdbgn ,14-00:00:0, pw = 7,12,4111,2G,14-00:00:00,../../inputs/ChromaticNumber_6,163,/cluster/projects/nn9535k/farhad/2021/22dec/chromatic-number-iso-bfs-pw/main-script/job-generation/../../jobs/19318295.sh,/cluster/home/farhadvadiee/2021/22dec/chromatic-number-iso-bfs/Build/./treewidzard -search   pw = 7  -pl -pdbgn    IsomorphismBreadthFirstSearch ../../inputs/ChromaticNumber_6.txt > /cluster/projects/nn9535k/farhad/2021/22dec/chromatic-number-iso-bfs-pw/main-script/job-generation/../../program-outputs/19318295.txt
4728405,5 18:54:22 CET 2022,1,12992K,Wed Dec 22 18:15:46 CET 2021,IsomorphismBreadthFirstSearch,19318300,Not Finished,NN9535K,6,Error,"slurmstepd: error: *** JOB 4728405 ON c3-54 CANCELLED AT 2022-01-05T18:54:19 DUE TO TIME LIMIT ***
",1,-premise,1,DONE, -pl -pdbgn ,14-00:00:0, pw = 7,12,4111,2G,14-00:00:00,../../inputs/ChromaticNumber_6,163,/cluster/projects/nn9535k/farhad/2021/22dec/chromatic-number-iso-bfs-pw/main-script/job-generation/../../jobs/19318300.sh,/cluster/home/farhadvadiee/2021/22dec/chromatic-number-iso-bfs/Build/./treewidzard -search   pw = 7  -pl -pdbgn  -premise IsomorphismBreadthFirstSearch ../../inputs/ChromaticNumber_6.txt > /cluster/projects/nn9535k/farhad/2021/22dec/chromatic-number-iso-bfs-pw/main-script/job-generation/../../program-outputs/19318300.txt
4728406,22 18:15:49 CET 2021,1,0,Wed Dec 22 18:15:46 CET 2021,IsomorphismBreadthFirstSearch,19318305,"Conjecture: Satisfied
",NN9535K,7,,,1, ,1,DONE, -pl -pdbgn ,00:00:03, pw = 1,4,2,2G,14-00:00:00,../../inputs/ChromaticNumber_7,4,/cluster/projects/nn9535k/farhad/2021/22dec/chromatic-number-iso-bfs-pw/main-script/job-generation/../../jobs/19318305.sh,/cluster/home/farhadvadiee/2021/22dec/chromatic-number-iso-bfs/Build/./treewidzard -search   pw = 1  -pl -pdbgn    IsomorphismBreadthFirstSearch ../../inputs/ChromaticNumber_7.txt > /cluster/projects/nn9535k/farhad/2021/22dec/chromatic-number-iso-bfs-pw/main-script/job-generation/../../program-outputs/19318305.txt
4728407,22 18:15:49 CET 2021,1,0,Wed Dec 22 18:15:46 CET 2021,IsomorphismBreadthFirstSearch,19318309,"Conjecture: Satisfied
",NN9535K,7,,,1,-premise,1,DONE, -pl -pdbgn ,00:00:02, pw = 1,4,2,2G,14-00:00:00,../../inputs/ChromaticNumber_7,4,/cluster/projects/nn9535k/farhad/2021/22dec/chromatic-number-iso-bfs-pw/main-script/job-generation/../../jobs/19318309.sh,/cluster/home/farhadvadiee/2021/22dec/chromatic-number-iso-bfs/Build/./treewidzard -search   pw = 1  -pl -pdbgn  -premise IsomorphismBreadthFirstSearch ../../inputs/ChromaticNumber_7.txt > /cluster/projects/nn9535k/farhad/2021/22dec/chromatic-number-iso-bfs-pw/main-script/job-generation/../../program-outputs/19318309.txt
4728408,22 18:15:49 CET 2021,1,0,Wed Dec 22 18:15:46 CET 2021,IsomorphismBreadthFirstSearch,19318314,"Conjecture: Satisfied
",NN9535K,7,,,1, ,1,DONE, -pl -pdbgn ,00:00:03, pw = 2,7,5,2G,14-00:00:00,../../inputs/ChromaticNumber_7,8,/cluster/projects/nn9535k/farhad/2021/22dec/chromatic-number-iso-bfs-pw/main-script/job-generation/../../jobs/19318314.sh,/cluster/home/farhadvadiee/2021/22dec/chromatic-number-iso-bfs/Build/./treewidzard -search   pw = 2  -pl -pdbgn    IsomorphismBreadthFirstSearch ../../inputs/ChromaticNumber_7.txt > /cluster/projects/nn9535k/farhad/2021/22dec/chromatic-number-iso-bfs-pw/main-script/job-generation/../../program-outputs/19318314.txt
4728409,22 18:15:50 CET 2021,1,0,Wed Dec 22 18:15:46 CET 2021,IsomorphismBreadthFirstSearch,19318319,"Conjecture: Satisfied
",NN9535K,7,,,1,-premise,1,DONE, -pl -pdbgn ,00:00:02, pw = 2,7,5,2G,14-00:00:00,../../inputs/ChromaticNumber_7,8,/cluster/projects/nn9535k/farhad/2021/22dec/chromatic-number-iso-bfs-pw/main-script/job-generation/../../jobs/19318319.sh,/cluster/home/farhadvadiee/2021/22dec/chromatic-number-iso-bfs/Build/./treewidzard -search   pw = 2  -pl -pdbgn  -premise IsomorphismBreadthFirstSearch ../../inputs/ChromaticNumber_7.txt > /cluster/projects/nn9535k/farhad/2021/22dec/chromatic-number-iso-bfs-pw/main-script/job-generation/../../program-outputs/19318319.txt
4728410,22 18:15:49 CET 2021,1,0,Wed Dec 22 18:15:46 CET 2021,IsomorphismBreadthFirstSearch,19318324,"Conjecture: Satisfied
",NN9535K,7,,,1, ,1,DONE, -pl -pdbgn ,00:00:03, pw = 3,11,15,2G,14-00:00:00,../../inputs/ChromaticNumber_7,19,/cluster/projects/nn9535k/farhad/2021/22dec/chromatic-number-iso-bfs-pw/main-script/job-generation/../../jobs/19318324.sh,/cluster/home/farhadvadiee/2021/22dec/chromatic-number-iso-bfs/Build/./treewidzard -search   pw = 3  -pl -pdbgn    IsomorphismBreadthFirstSearch ../../inputs/ChromaticNumber_7.txt > /cluster/projects/nn9535k/farhad/2021/22dec/chromatic-number-iso-bfs-pw/main-script/job-generation/../../program-outputs/19318324.txt
4728411,22 18:15:49 CET 2021,1,0,Wed Dec 22 18:15:46 CET 2021,IsomorphismBreadthFirstSearch,19318328,"Conjecture: Satisfied
",NN9535K,7,,,1,-premise,1,DONE, -pl -pdbgn ,00:00:03, pw = 3,11,15,2G,14-00:00:00,../../inputs/ChromaticNumber_7,19,/cluster/projects/nn9535k/farhad/2021/22dec/chromatic-number-iso-bfs-pw/main-script/job-generation/../../jobs/19318328.sh,/cluster/home/farhadvadiee/2021/22dec/chromatic-number-iso-bfs/Build/./treewidzard -search   pw = 3  -pl -pdbgn  -premise IsomorphismBreadthFirstSearch ../../inputs/ChromaticNumber_7.txt > /cluster/projects/nn9535k/farhad/2021/22dec/chromatic-number-iso-bfs-pw/main-script/job-generation/../../program-outputs/19318328.txt
4728412,22 18:16:01 CET 2021,1,0,Wed Dec 22 18:15:46 CET 2021,IsomorphismBreadthFirstSearch,19318333,"Conjecture: Satisfied
",NN9535K,7,,,1, ,1,DONE, -pl -pdbgn ,00:00:15, pw = 4,16,52,2G,14-00:00:00,../../inputs/ChromaticNumber_7,53,/cluster/projects/nn9535k/farhad/2021/22dec/chromatic-number-iso-bfs-pw/main-script/job-generation/../../jobs/19318333.sh,/cluster/home/farhadvadiee/2021/22dec/chromatic-number-iso-bfs/Build/./treewidzard -search   pw = 4  -pl -pdbgn    IsomorphismBreadthFirstSearch ../../inputs/ChromaticNumber_7.txt > /cluster/projects/nn9535k/farhad/2021/22dec/chromatic-number-iso-bfs-pw/main-script/job-generation/../../program-outputs/19318333.txt
4728413,22 18:16:02 CET 2021,1,0,Wed Dec 22 18:15:46 CET 2021,IsomorphismBreadthFirstSearch,19318338,"Conjecture: Satisfied
",NN9535K,7,,,1,-premise,1,DONE, -pl -pdbgn ,00:00:15, pw = 4,16,52,2G,14-00:00:00,../../inputs/ChromaticNumber_7,53,/cluster/projects/nn9535k/farhad/2021/22dec/chromatic-number-iso-bfs-pw/main-script/job-generation/../../jobs/19318338.sh,/cluster/home/farhadvadiee/2021/22dec/chromatic-number-iso-bfs/Build/./treewidzard -search   pw = 4  -pl -pdbgn  -premise IsomorphismBreadthFirstSearch ../../inputs/ChromaticNumber_7.txt > /cluster/projects/nn9535k/farhad/2021/22dec/chromatic-number-iso-bfs-pw/main-script/job-generation/../../program-outputs/19318338.txt
4728414,22 18:36:30 CET 2021,1,1644K,Wed Dec 22 18:15:46 CET 2021,IsomorphismBreadthFirstSearch,19318343,"Conjecture: Satisfied
",NN9535K,7,,,1, ,1,DONE, -pl -pdbgn ,00:20:45, pw = 5,22,203,2G,14-00:00:00,../../inputs/ChromaticNumber_7,209,/cluster/projects/nn9535k/farhad/2021/22dec/chromatic-number-iso-bfs-pw/main-script/job-generation/../../jobs/19318343.sh,/cluster/home/farhadvadiee/2021/22dec/chromatic-number-iso-bfs/Build/./treewidzard -search   pw = 5  -pl -pdbgn    IsomorphismBreadthFirstSearch ../../inputs/ChromaticNumber_7.txt > /cluster/projects/nn9535k/farhad/2021/22dec/chromatic-number-iso-bfs-pw/main-script/job-generation/../../program-outputs/19318343.txt
4728415,22 18:36:29 CET 2021,1,1644K,Wed Dec 22 18:15:47 CET 2021,IsomorphismBreadthFirstSearch,19318347,"Conjecture: Satisfied
",NN9535K,7,,,1,-premise,1,DONE, -pl -pdbgn ,00:20:43, pw = 5,22,203,2G,14-00:00:00,../../inputs/ChromaticNumber_7,209,/cluster/projects/nn9535k/farhad/2021/22dec/chromatic-number-iso-bfs-pw/main-script/job-generation/../../jobs/19318347.sh,/cluster/home/farhadvadiee/2021/22dec/chromatic-number-iso-bfs/Build/./treewidzard -search   pw = 5  -pl -pdbgn  -premise IsomorphismBreadthFirstSearch ../../inputs/ChromaticNumber_7.txt > /cluster/projects/nn9535k/farhad/2021/22dec/chromatic-number-iso-bfs-pw/main-script/job-generation/../../program-outputs/19318347.txt
4728416,25 17:19:23 CET 2021,1,4672K,Wed Dec 22 18:15:47 CET 2021,IsomorphismBreadthFirstSearch,19318352,"Conjecture: Satisfied
",NN9535K,7,,,1, ,1,DONE, -pl -pdbgn ,2-23:03:38, pw = 6,29,877,2G,14-00:00:00,../../inputs/ChromaticNumber_7,1253,/cluster/projects/nn9535k/farhad/2021/22dec/chromatic-number-iso-bfs-pw/main-script/job-generation/../../jobs/19318352.sh,/cluster/home/farhadvadiee/2021/22dec/chromatic-number-iso-bfs/Build/./treewidzard -search   pw = 6  -pl -pdbgn    IsomorphismBreadthFirstSearch ../../inputs/ChromaticNumber_7.txt > /cluster/projects/nn9535k/farhad/2021/22dec/chromatic-number-iso-bfs-pw/main-script/job-generation/../../program-outputs/19318352.txt
4728417,25 17:24:58 CET 2021,1,4660K,Wed Dec 22 18:15:47 CET 2021,IsomorphismBreadthFirstSearch,19318357,"Conjecture: Satisfied
",NN9535K,7,,,1,-premise,1,DONE, -pl -pdbgn ,2-23:09:12, pw = 6,29,877,2G,14-00:00:00,../../inputs/ChromaticNumber_7,1253,/cluster/projects/nn9535k/farhad/2021/22dec/chromatic-number-iso-bfs-pw/main-script/job-generation/../../jobs/19318357.sh,/cluster/home/farhadvadiee/2021/22dec/chromatic-number-iso-bfs/Build/./treewidzard -search   pw = 6  -pl -pdbgn  -premise IsomorphismBreadthFirstSearch ../../inputs/ChromaticNumber_7.txt > /cluster/projects/nn9535k/farhad/2021/22dec/chromatic-number-iso-bfs-pw/main-script/job-generation/../../program-outputs/19318357.txt
4728418,5 18:54:22 CET 2022,1,13032K,Wed Dec 22 18:15:47 CET 2021,IsomorphismBreadthFirstSearch,19318362,Not Finished,NN9535K,7,Error,"slurmstepd: error: *** JOB 4728418 ON c3-54 CANCELLED AT 2022-01-05T18:54:19 DUE TO TIME LIMIT ***
",1, ,1,DONE, -pl -pdbgn ,14-00:00:0, pw = 7,12,4139,2G,14-00:00:00,../../inputs/ChromaticNumber_7,163,/cluster/projects/nn9535k/farhad/2021/22dec/chromatic-number-iso-bfs-pw/main-script/job-generation/../../jobs/19318362.sh,/cluster/home/farhadvadiee/2021/22dec/chromatic-number-iso-bfs/Build/./treewidzard -search   pw = 7  -pl -pdbgn    IsomorphismBreadthFirstSearch ../../inputs/ChromaticNumber_7.txt > /cluster/projects/nn9535k/farhad/2021/22dec/chromatic-number-iso-bfs-pw/main-script/job-generation/../../program-outputs/19318362.txt
4728419,5 18:54:50 CET 2022,1,13032K,Wed Dec 22 18:16:16 CET 2021,IsomorphismBreadthFirstSearch,19318366,Not Finished,NN9535K,7,Error,"slurmstepd: error: *** JOB 4728419 ON c3-56 CANCELLED AT 2022-01-05T18:54:49 DUE TO TIME LIMIT ***
",1,-premise,1,DONE, -pl -pdbgn ,14-00:00:0, pw = 7,12,4139,2G,14-00:00:00,../../inputs/ChromaticNumber_7,163,/cluster/projects/nn9535k/farhad/2021/22dec/chromatic-number-iso-bfs-pw/main-script/job-generation/../../jobs/19318366.sh,/cluster/home/farhadvadiee/2021/22dec/chromatic-number-iso-bfs/Build/./treewidzard -search   pw = 7  -pl -pdbgn  -premise IsomorphismBreadthFirstSearch ../../inputs/ChromaticNumber_7.txt > /cluster/projects/nn9535k/farhad/2021/22dec/chromatic-number-iso-bfs-pw/main-script/job-generation/../../program-outputs/19318366.txt
