script-file,Search Options,iteration,input,max-witness-size,error-output,time,status,mem-per-cpu,width,cpus-per-task,max-rss,ntasks-per-node,all-states,finish,ChromaticNumber,error,ntasks,account,job-name, Search Type,job-id,command,start,conjecture-status,Flags,elapsed
/cluster/projects/nn9535k/farhad/2021/15dec/chromatic-number/main-script/job-generation/../../jobs/58085179.sh, ,4,../../inputs/ChromaticNumber_2,2,,1-00:00:00,DONE,16G, pw = 1,1,0,1,5,15 16:17:36 CET 2021,2,,1,NN9535K,58085179,BreadthFirstSearch,4660740,/cluster/home/farhadvadiee/2021/15dec/chromatic-number/Build/./treewidzard -search   pw = 1  -pl    BreadthFirstSearch ../../inputs/ChromaticNumber_2.txt > /cluster/projects/nn9535k/farhad/2021/15dec/chromatic-number/main-script/job-generation/../../program-outputs/58085179.txt,Wed Dec 15 16:17:35 CET 2021,"Conjecture: Satisfied
", -pl ,00:00:01
/cluster/projects/nn9535k/farhad/2021/15dec/chromatic-number/main-script/job-generation/../../jobs/58085197.sh, ,5,../../inputs/ChromaticNumber_2,2,,1-00:00:00,DONE,16G, pw = 1,1,0,1,4,15 16:17:38 CET 2021,2,,1,NN9535K,58085197,IsomorphismBreadthFirstSearch,4660741,/cluster/home/farhadvadiee/2021/15dec/chromatic-number/Build/./treewidzard -search   pw = 1  -pl    IsomorphismBreadthFirstSearch ../../inputs/ChromaticNumber_2.txt > /cluster/projects/nn9535k/farhad/2021/15dec/chromatic-number/main-script/job-generation/../../program-outputs/58085197.txt,Wed Dec 15 16:17:35 CET 2021,"Conjecture: Satisfied
", -pl ,00:00:01
/cluster/projects/nn9535k/farhad/2021/15dec/chromatic-number/main-script/job-generation/../../jobs/58085202.sh,-premise,4,../../inputs/ChromaticNumber_2,2,,1-00:00:00,DONE,16G, pw = 1,1,0,1,5,15 16:17:38 CET 2021,2,,1,NN9535K,58085202,BreadthFirstSearch,4660742,/cluster/home/farhadvadiee/2021/15dec/chromatic-number/Build/./treewidzard -search   pw = 1  -pl  -premise BreadthFirstSearch ../../inputs/ChromaticNumber_2.txt > /cluster/projects/nn9535k/farhad/2021/15dec/chromatic-number/main-script/job-generation/../../program-outputs/58085202.txt,Wed Dec 15 16:17:35 CET 2021,"Conjecture: Satisfied
", -pl ,00:00:01
/cluster/projects/nn9535k/farhad/2021/15dec/chromatic-number/main-script/job-generation/../../jobs/58085210.sh,-premise,5,../../inputs/ChromaticNumber_2,2,,1-00:00:00,DONE,16G, pw = 1,1,0,1,4,15 16:17:39 CET 2021,2,,1,NN9535K,58085210,IsomorphismBreadthFirstSearch,4660743,/cluster/home/farhadvadiee/2021/15dec/chromatic-number/Build/./treewidzard -search   pw = 1  -pl  -premise IsomorphismBreadthFirstSearch ../../inputs/ChromaticNumber_2.txt > /cluster/projects/nn9535k/farhad/2021/15dec/chromatic-number/main-script/job-generation/../../program-outputs/58085210.txt,Wed Dec 15 16:17:35 CET 2021,"Conjecture: Satisfied
", -pl ,00:00:02
/cluster/projects/nn9535k/farhad/2021/15dec/chromatic-number/main-script/job-generation/../../jobs/58085216.sh, ,10,../../inputs/ChromaticNumber_2,4,,1-00:00:00,DONE,16G, pw = 2,1,0,1,31,15 16:17:39 CET 2021,2,,1,NN9535K,58085216,BreadthFirstSearch,4660744,/cluster/home/farhadvadiee/2021/15dec/chromatic-number/Build/./treewidzard -search   pw = 2  -pl    BreadthFirstSearch ../../inputs/ChromaticNumber_2.txt > /cluster/projects/nn9535k/farhad/2021/15dec/chromatic-number/main-script/job-generation/../../program-outputs/58085216.txt,Wed Dec 15 16:17:35 CET 2021,"Conjecture: Satisfied
", -pl ,00:00:02
/cluster/projects/nn9535k/farhad/2021/15dec/chromatic-number/main-script/job-generation/../../jobs/58085221.sh, ,10,../../inputs/ChromaticNumber_2,4,,1-00:00:00,DONE,16G, pw = 2,1,0,1,13,15 16:17:40 CET 2021,2,,1,NN9535K,58085221,IsomorphismBreadthFirstSearch,4660745,/cluster/home/farhadvadiee/2021/15dec/chromatic-number/Build/./treewidzard -search   pw = 2  -pl    IsomorphismBreadthFirstSearch ../../inputs/ChromaticNumber_2.txt > /cluster/projects/nn9535k/farhad/2021/15dec/chromatic-number/main-script/job-generation/../../program-outputs/58085221.txt,Wed Dec 15 16:17:35 CET 2021,"Conjecture: Satisfied
", -pl ,00:00:03
/cluster/projects/nn9535k/farhad/2021/15dec/chromatic-number/main-script/job-generation/../../jobs/58085225.sh,-premise,8,../../inputs/ChromaticNumber_2,4,,1-00:00:00,DONE,16G, pw = 2,1,0,1,23,15 16:17:40 CET 2021,2,,1,NN9535K,58085225,BreadthFirstSearch,4660746,/cluster/home/farhadvadiee/2021/15dec/chromatic-number/Build/./treewidzard -search   pw = 2  -pl  -premise BreadthFirstSearch ../../inputs/ChromaticNumber_2.txt > /cluster/projects/nn9535k/farhad/2021/15dec/chromatic-number/main-script/job-generation/../../program-outputs/58085225.txt,Wed Dec 15 16:17:35 CET 2021,"Conjecture: Satisfied
", -pl ,00:00:03
/cluster/projects/nn9535k/farhad/2021/15dec/chromatic-number/main-script/job-generation/../../jobs/58085229.sh,-premise,10,../../inputs/ChromaticNumber_2,4,,1-00:00:00,DONE,16G, pw = 2,1,0,1,9,15 16:17:41 CET 2021,2,,1,NN9535K,58085229,IsomorphismBreadthFirstSearch,4660747,/cluster/home/farhadvadiee/2021/15dec/chromatic-number/Build/./treewidzard -search   pw = 2  -pl  -premise IsomorphismBreadthFirstSearch ../../inputs/ChromaticNumber_2.txt > /cluster/projects/nn9535k/farhad/2021/15dec/chromatic-number/main-script/job-generation/../../program-outputs/58085229.txt,Wed Dec 15 16:17:35 CET 2021,"Conjecture: Satisfied
", -pl ,00:00:03
/cluster/projects/nn9535k/farhad/2021/15dec/chromatic-number/main-script/job-generation/../../jobs/58085233.sh, ,10,../../inputs/ChromaticNumber_2,8,,1-00:00:00,DONE,32G, pw = 3,1,0,1,128,15 16:17:40 CET 2021,2,,1,NN9535K,58085233,BreadthFirstSearch,4660748,/cluster/home/farhadvadiee/2021/15dec/chromatic-number/Build/./treewidzard -search   pw = 3  -pl    BreadthFirstSearch ../../inputs/ChromaticNumber_2.txt > /cluster/projects/nn9535k/farhad/2021/15dec/chromatic-number/main-script/job-generation/../../program-outputs/58085233.txt,Wed Dec 15 16:17:35 CET 2021,"Conjecture: Satisfied
", -pl ,00:00:04
/cluster/projects/nn9535k/farhad/2021/15dec/chromatic-number/main-script/job-generation/../../jobs/58085238.sh, ,13,../../inputs/ChromaticNumber_2,8,,1-00:00:00,DONE,32G, pw = 3,1,0,1,24,15 16:17:40 CET 2021,2,,1,NN9535K,58085238,IsomorphismBreadthFirstSearch,4660749,/cluster/home/farhadvadiee/2021/15dec/chromatic-number/Build/./treewidzard -search   pw = 3  -pl    IsomorphismBreadthFirstSearch ../../inputs/ChromaticNumber_2.txt > /cluster/projects/nn9535k/farhad/2021/15dec/chromatic-number/main-script/job-generation/../../program-outputs/58085238.txt,Wed Dec 15 16:17:35 CET 2021,"Conjecture: Satisfied
", -pl ,00:00:04
/cluster/projects/nn9535k/farhad/2021/15dec/chromatic-number/main-script/job-generation/../../jobs/58085242.sh,-premise,10,../../inputs/ChromaticNumber_2,8,,1-00:00:00,DONE,32G, pw = 3,1,0,1,112,15 16:17:40 CET 2021,2,,1,NN9535K,58085242,BreadthFirstSearch,4660750,/cluster/home/farhadvadiee/2021/15dec/chromatic-number/Build/./treewidzard -search   pw = 3  -pl  -premise BreadthFirstSearch ../../inputs/ChromaticNumber_2.txt > /cluster/projects/nn9535k/farhad/2021/15dec/chromatic-number/main-script/job-generation/../../program-outputs/58085242.txt,Wed Dec 15 16:17:36 CET 2021,"Conjecture: Satisfied
", -pl ,00:00:04
/cluster/projects/nn9535k/farhad/2021/15dec/chromatic-number/main-script/job-generation/../../jobs/58085246.sh,-premise,13,../../inputs/ChromaticNumber_2,8,,1-00:00:00,DONE,32G, pw = 3,1,0,1,19,15 16:17:40 CET 2021,2,,1,NN9535K,58085246,IsomorphismBreadthFirstSearch,4660751,/cluster/home/farhadvadiee/2021/15dec/chromatic-number/Build/./treewidzard -search   pw = 3  -pl  -premise IsomorphismBreadthFirstSearch ../../inputs/ChromaticNumber_2.txt > /cluster/projects/nn9535k/farhad/2021/15dec/chromatic-number/main-script/job-generation/../../program-outputs/58085246.txt,Wed Dec 15 16:17:36 CET 2021,"Conjecture: Satisfied
", -pl ,00:00:04
/cluster/projects/nn9535k/farhad/2021/15dec/chromatic-number/main-script/job-generation/../../jobs/58085250.sh, ,14,../../inputs/ChromaticNumber_2,16,,1-00:00:00,DONE,32G, pw = 4,1,0,1,669,15 16:17:40 CET 2021,2,,1,NN9535K,58085250,BreadthFirstSearch,4660752,/cluster/home/farhadvadiee/2021/15dec/chromatic-number/Build/./treewidzard -search   pw = 4  -pl    BreadthFirstSearch ../../inputs/ChromaticNumber_2.txt > /cluster/projects/nn9535k/farhad/2021/15dec/chromatic-number/main-script/job-generation/../../program-outputs/58085250.txt,Wed Dec 15 16:17:35 CET 2021,"Conjecture: Satisfied
", -pl ,00:00:03
/cluster/projects/nn9535k/farhad/2021/15dec/chromatic-number/main-script/job-generation/../../jobs/58085255.sh, ,18,../../inputs/ChromaticNumber_2,16,,1-00:00:00,DONE,32G, pw = 4,1,0,1,43,15 16:17:39 CET 2021,2,,1,NN9535K,58085255,IsomorphismBreadthFirstSearch,4660753,/cluster/home/farhadvadiee/2021/15dec/chromatic-number/Build/./treewidzard -search   pw = 4  -pl    IsomorphismBreadthFirstSearch ../../inputs/ChromaticNumber_2.txt > /cluster/projects/nn9535k/farhad/2021/15dec/chromatic-number/main-script/job-generation/../../program-outputs/58085255.txt,Wed Dec 15 16:17:35 CET 2021,"Conjecture: Satisfied
", -pl ,00:00:04
/cluster/projects/nn9535k/farhad/2021/15dec/chromatic-number/main-script/job-generation/../../jobs/58085259.sh,-premise,14,../../inputs/ChromaticNumber_2,16,,1-00:00:00,DONE,32G, pw = 4,1,0,1,637,15 16:17:39 CET 2021,2,,1,NN9535K,58085259,BreadthFirstSearch,4660754,/cluster/home/farhadvadiee/2021/15dec/chromatic-number/Build/./treewidzard -search   pw = 4  -pl  -premise BreadthFirstSearch ../../inputs/ChromaticNumber_2.txt > /cluster/projects/nn9535k/farhad/2021/15dec/chromatic-number/main-script/job-generation/../../program-outputs/58085259.txt,Wed Dec 15 16:17:35 CET 2021,"Conjecture: Satisfied
", -pl ,00:00:02
/cluster/projects/nn9535k/farhad/2021/15dec/chromatic-number/main-script/job-generation/../../jobs/58085263.sh,-premise,18,../../inputs/ChromaticNumber_2,16,,1-00:00:00,DONE,32G, pw = 4,1,0,1,37,15 16:17:39 CET 2021,2,,1,NN9535K,58085263,IsomorphismBreadthFirstSearch,4660755,/cluster/home/farhadvadiee/2021/15dec/chromatic-number/Build/./treewidzard -search   pw = 4  -pl  -premise IsomorphismBreadthFirstSearch ../../inputs/ChromaticNumber_2.txt > /cluster/projects/nn9535k/farhad/2021/15dec/chromatic-number/main-script/job-generation/../../program-outputs/58085263.txt,Wed Dec 15 16:17:35 CET 2021,"Conjecture: Satisfied
", -pl ,00:00:04
/cluster/projects/nn9535k/farhad/2021/15dec/chromatic-number/main-script/job-generation/../../jobs/58085267.sh, ,16,../../inputs/ChromaticNumber_2,32,,1-00:00:00,DONE,32G, pw = 5,1,0,1,4111,15 16:18:04 CET 2021,2,,1,NN9535K,58085267,BreadthFirstSearch,4660756,/cluster/home/farhadvadiee/2021/15dec/chromatic-number/Build/./treewidzard -search   pw = 5  -pl    BreadthFirstSearch ../../inputs/ChromaticNumber_2.txt > /cluster/projects/nn9535k/farhad/2021/15dec/chromatic-number/main-script/job-generation/../../program-outputs/58085267.txt,Wed Dec 15 16:17:35 CET 2021,"Conjecture: Satisfied
", -pl ,00:00:28
/cluster/projects/nn9535k/farhad/2021/15dec/chromatic-number/main-script/job-generation/../../jobs/58085271.sh, ,21,../../inputs/ChromaticNumber_2,32,,1-00:00:00,DONE,32G, pw = 5,1,1228K,1,77,15 16:18:16 CET 2021,2,,1,NN9535K,58085271,IsomorphismBreadthFirstSearch,4660757,/cluster/home/farhadvadiee/2021/15dec/chromatic-number/Build/./treewidzard -search   pw = 5  -pl    IsomorphismBreadthFirstSearch ../../inputs/ChromaticNumber_2.txt > /cluster/projects/nn9535k/farhad/2021/15dec/chromatic-number/main-script/job-generation/../../program-outputs/58085271.txt,Wed Dec 15 16:17:35 CET 2021,"Conjecture: Satisfied
", -pl ,00:00:41
/cluster/projects/nn9535k/farhad/2021/15dec/chromatic-number/main-script/job-generation/../../jobs/58085275.sh,-premise,16,../../inputs/ChromaticNumber_2,32,,1-00:00:00,DONE,32G, pw = 5,1,0,1,4047,15 16:18:04 CET 2021,2,,1,NN9535K,58085275,BreadthFirstSearch,4660758,/cluster/home/farhadvadiee/2021/15dec/chromatic-number/Build/./treewidzard -search   pw = 5  -pl  -premise BreadthFirstSearch ../../inputs/ChromaticNumber_2.txt > /cluster/projects/nn9535k/farhad/2021/15dec/chromatic-number/main-script/job-generation/../../program-outputs/58085275.txt,Wed Dec 15 16:17:36 CET 2021,"Conjecture: Satisfied
", -pl ,00:00:28
/cluster/projects/nn9535k/farhad/2021/15dec/chromatic-number/main-script/job-generation/../../jobs/58085280.sh,-premise,21,../../inputs/ChromaticNumber_2,32,,1-00:00:00,DONE,32G, pw = 5,1,1224K,1,70,15 16:18:16 CET 2021,2,,1,NN9535K,58085280,IsomorphismBreadthFirstSearch,4660759,/cluster/home/farhadvadiee/2021/15dec/chromatic-number/Build/./treewidzard -search   pw = 5  -pl  -premise IsomorphismBreadthFirstSearch ../../inputs/ChromaticNumber_2.txt > /cluster/projects/nn9535k/farhad/2021/15dec/chromatic-number/main-script/job-generation/../../program-outputs/58085280.txt,Wed Dec 15 16:17:36 CET 2021,"Conjecture: Satisfied
", -pl ,00:00:40
/cluster/projects/nn9535k/farhad/2021/15dec/chromatic-number/main-script/job-generation/../../jobs/58085284.sh, ,20,../../inputs/ChromaticNumber_2,64,,1-00:00:00,DONE,16G, pw = 6,1,31608K,1,28606,15 16:30:24 CET 2021,2,,1,NN9535K,58085284,BreadthFirstSearch,4660760,/cluster/home/farhadvadiee/2021/15dec/chromatic-number/Build/./treewidzard -search   pw = 6  -pl    BreadthFirstSearch ../../inputs/ChromaticNumber_2.txt > /cluster/projects/nn9535k/farhad/2021/15dec/chromatic-number/main-script/job-generation/../../program-outputs/58085284.txt,Wed Dec 15 16:17:36 CET 2021,"Conjecture: Satisfied
", -pl ,00:12:49
/cluster/projects/nn9535k/farhad/2021/15dec/chromatic-number/main-script/job-generation/../../jobs/58085288.sh, ,26,../../inputs/ChromaticNumber_2,64,,1-00:00:00,DONE,16G, pw = 6,1,1568K,1,135,15 16:33:47 CET 2021,2,,1,NN9535K,58085288,IsomorphismBreadthFirstSearch,4660761,/cluster/home/farhadvadiee/2021/15dec/chromatic-number/Build/./treewidzard -search   pw = 6  -pl    IsomorphismBreadthFirstSearch ../../inputs/ChromaticNumber_2.txt > /cluster/projects/nn9535k/farhad/2021/15dec/chromatic-number/main-script/job-generation/../../program-outputs/58085288.txt,Wed Dec 15 16:17:36 CET 2021,"Conjecture: Satisfied
", -pl ,00:16:12
/cluster/projects/nn9535k/farhad/2021/15dec/chromatic-number/main-script/job-generation/../../jobs/58085293.sh,-premise,20,../../inputs/ChromaticNumber_2,64,,1-00:00:00,DONE,16G, pw = 6,1,31536K,1,28478,15 16:30:23 CET 2021,2,,1,NN9535K,58085293,BreadthFirstSearch,4660762,/cluster/home/farhadvadiee/2021/15dec/chromatic-number/Build/./treewidzard -search   pw = 6  -pl  -premise BreadthFirstSearch ../../inputs/ChromaticNumber_2.txt > /cluster/projects/nn9535k/farhad/2021/15dec/chromatic-number/main-script/job-generation/../../program-outputs/58085293.txt,Wed Dec 15 16:17:36 CET 2021,"Conjecture: Satisfied
", -pl ,00:12:48
/cluster/projects/nn9535k/farhad/2021/15dec/chromatic-number/main-script/job-generation/../../jobs/58085297.sh,-premise,26,../../inputs/ChromaticNumber_2,64,,1-00:00:00,DONE,16G, pw = 6,1,1556K,1,127,15 16:33:47 CET 2021,2,,1,NN9535K,58085297,IsomorphismBreadthFirstSearch,4660763,/cluster/home/farhadvadiee/2021/15dec/chromatic-number/Build/./treewidzard -search   pw = 6  -pl  -premise IsomorphismBreadthFirstSearch ../../inputs/ChromaticNumber_2.txt > /cluster/projects/nn9535k/farhad/2021/15dec/chromatic-number/main-script/job-generation/../../program-outputs/58085297.txt,Wed Dec 15 16:17:36 CET 2021,"Conjecture: Satisfied
", -pl ,00:16:11
/cluster/projects/nn9535k/farhad/2021/15dec/chromatic-number/main-script/job-generation/../../jobs/58085301.sh, ,22,../../inputs/ChromaticNumber_2,128,,1-00:00:00,DONE,32G, pw = 7,1,308528K,1,219461,15 22:50:59 CET 2021,2,,1,NN9535K,58085301,BreadthFirstSearch,4660764,/cluster/home/farhadvadiee/2021/15dec/chromatic-number/Build/./treewidzard -search   pw = 7  -pl    BreadthFirstSearch ../../inputs/ChromaticNumber_2.txt > /cluster/projects/nn9535k/farhad/2021/15dec/chromatic-number/main-script/job-generation/../../program-outputs/58085301.txt,Wed Dec 15 16:17:35 CET 2021,"Conjecture: Satisfied
", -pl ,06:33:23
/cluster/projects/nn9535k/farhad/2021/15dec/chromatic-number/main-script/job-generation/../../jobs/58085305.sh, ,29,../../inputs/ChromaticNumber_2,128,,1-00:00:00,DONE,32G, pw = 7,1,2268K,1,235,15 23:12:12 CET 2021,2,,1,NN9535K,58085305,IsomorphismBreadthFirstSearch,4660765,/cluster/home/farhadvadiee/2021/15dec/chromatic-number/Build/./treewidzard -search   pw = 7  -pl    IsomorphismBreadthFirstSearch ../../inputs/ChromaticNumber_2.txt > /cluster/projects/nn9535k/farhad/2021/15dec/chromatic-number/main-script/job-generation/../../program-outputs/58085305.txt,Wed Dec 15 16:17:35 CET 2021,"Conjecture: Satisfied
", -pl ,06:54:36
/cluster/projects/nn9535k/farhad/2021/15dec/chromatic-number/main-script/job-generation/../../jobs/58085309.sh,-premise,22,../../inputs/ChromaticNumber_2,128,,1-00:00:00,DONE,32G, pw = 7,1,308260K,1,219205,15 22:45:19 CET 2021,2,,1,NN9535K,58085309,BreadthFirstSearch,4660766,/cluster/home/farhadvadiee/2021/15dec/chromatic-number/Build/./treewidzard -search   pw = 7  -pl  -premise BreadthFirstSearch ../../inputs/ChromaticNumber_2.txt > /cluster/projects/nn9535k/farhad/2021/15dec/chromatic-number/main-script/job-generation/../../program-outputs/58085309.txt,Wed Dec 15 16:17:35 CET 2021,"Conjecture: Satisfied
", -pl ,06:27:44
/cluster/projects/nn9535k/farhad/2021/15dec/chromatic-number/main-script/job-generation/../../jobs/58085314.sh,-premise,29,../../inputs/ChromaticNumber_2,128,,1-00:00:00,DONE,32G, pw = 7,1,2272K,1,226,15 23:12:13 CET 2021,2,,1,NN9535K,58085314,IsomorphismBreadthFirstSearch,4660767,/cluster/home/farhadvadiee/2021/15dec/chromatic-number/Build/./treewidzard -search   pw = 7  -pl  -premise IsomorphismBreadthFirstSearch ../../inputs/ChromaticNumber_2.txt > /cluster/projects/nn9535k/farhad/2021/15dec/chromatic-number/main-script/job-generation/../../program-outputs/58085314.txt,Wed Dec 15 16:17:35 CET 2021,"Conjecture: Satisfied
", -pl ,06:54:37
/cluster/projects/nn9535k/farhad/2021/15dec/chromatic-number/main-script/job-generation/../../jobs/58085318.sh, ,4,../../inputs/ChromaticNumber_3,2,,1-00:00:00,DONE,16G, pw = 1,1,0,1,5,15 16:17:36 CET 2021,3,,1,NN9535K,58085318,BreadthFirstSearch,4660768,/cluster/home/farhadvadiee/2021/15dec/chromatic-number/Build/./treewidzard -search   pw = 1  -pl    BreadthFirstSearch ../../inputs/ChromaticNumber_3.txt > /cluster/projects/nn9535k/farhad/2021/15dec/chromatic-number/main-script/job-generation/../../program-outputs/58085318.txt,Wed Dec 15 16:17:35 CET 2021,"Conjecture: Satisfied
", -pl ,00:00:01
/cluster/projects/nn9535k/farhad/2021/15dec/chromatic-number/main-script/job-generation/../../jobs/58085326.sh, ,5,../../inputs/ChromaticNumber_3,2,,1-00:00:00,DONE,16G, pw = 1,1,0,1,4,15 16:17:37 CET 2021,3,,1,NN9535K,58085326,IsomorphismBreadthFirstSearch,4660769,/cluster/home/farhadvadiee/2021/15dec/chromatic-number/Build/./treewidzard -search   pw = 1  -pl    IsomorphismBreadthFirstSearch ../../inputs/ChromaticNumber_3.txt > /cluster/projects/nn9535k/farhad/2021/15dec/chromatic-number/main-script/job-generation/../../program-outputs/58085326.txt,Wed Dec 15 16:17:35 CET 2021,"Conjecture: Satisfied
", -pl ,00:00:01
/cluster/projects/nn9535k/farhad/2021/15dec/chromatic-number/main-script/job-generation/../../jobs/58085330.sh,-premise,4,../../inputs/ChromaticNumber_3,2,,1-00:00:00,DONE,16G, pw = 1,1,0,1,5,15 16:17:37 CET 2021,3,,1,NN9535K,58085330,BreadthFirstSearch,4660770,/cluster/home/farhadvadiee/2021/15dec/chromatic-number/Build/./treewidzard -search   pw = 1  -pl  -premise BreadthFirstSearch ../../inputs/ChromaticNumber_3.txt > /cluster/projects/nn9535k/farhad/2021/15dec/chromatic-number/main-script/job-generation/../../program-outputs/58085330.txt,Wed Dec 15 16:17:35 CET 2021,"Conjecture: Satisfied
", -pl ,00:00:01
/cluster/projects/nn9535k/farhad/2021/15dec/chromatic-number/main-script/job-generation/../../jobs/58085334.sh,-premise,5,../../inputs/ChromaticNumber_3,2,,1-00:00:00,DONE,16G, pw = 1,1,0,1,4,15 16:17:37 CET 2021,3,,1,NN9535K,58085334,IsomorphismBreadthFirstSearch,4660771,/cluster/home/farhadvadiee/2021/15dec/chromatic-number/Build/./treewidzard -search   pw = 1  -pl  -premise IsomorphismBreadthFirstSearch ../../inputs/ChromaticNumber_3.txt > /cluster/projects/nn9535k/farhad/2021/15dec/chromatic-number/main-script/job-generation/../../program-outputs/58085334.txt,Wed Dec 15 16:17:36 CET 2021,"Conjecture: Satisfied
", -pl ,00:00:01
/cluster/projects/nn9535k/farhad/2021/15dec/chromatic-number/main-script/job-generation/../../jobs/58085338.sh, ,7,../../inputs/ChromaticNumber_3,5,,1-00:00:00,DONE,16G, pw = 2,1,0,1,18,15 16:17:37 CET 2021,3,,1,NN9535K,58085338,BreadthFirstSearch,4660772,/cluster/home/farhadvadiee/2021/15dec/chromatic-number/Build/./treewidzard -search   pw = 2  -pl    BreadthFirstSearch ../../inputs/ChromaticNumber_3.txt > /cluster/projects/nn9535k/farhad/2021/15dec/chromatic-number/main-script/job-generation/../../program-outputs/58085338.txt,Wed Dec 15 16:17:36 CET 2021,"Conjecture: Satisfied
", -pl ,00:00:01
/cluster/projects/nn9535k/farhad/2021/15dec/chromatic-number/main-script/job-generation/../../jobs/58085343.sh, ,9,../../inputs/ChromaticNumber_3,5,,1-00:00:00,DONE,16G, pw = 2,1,0,1,8,15 16:17:38 CET 2021,3,,1,NN9535K,58085343,IsomorphismBreadthFirstSearch,4660773,/cluster/home/farhadvadiee/2021/15dec/chromatic-number/Build/./treewidzard -search   pw = 2  -pl    IsomorphismBreadthFirstSearch ../../inputs/ChromaticNumber_3.txt > /cluster/projects/nn9535k/farhad/2021/15dec/chromatic-number/main-script/job-generation/../../program-outputs/58085343.txt,Wed Dec 15 16:17:36 CET 2021,"Conjecture: Satisfied
", -pl ,00:00:01
/cluster/projects/nn9535k/farhad/2021/15dec/chromatic-number/main-script/job-generation/../../jobs/58085347.sh,-premise,7,../../inputs/ChromaticNumber_3,5,,1-00:00:00,DONE,16G, pw = 2,1,0,1,18,15 16:17:37 CET 2021,3,,1,NN9535K,58085347,BreadthFirstSearch,4660774,/cluster/home/farhadvadiee/2021/15dec/chromatic-number/Build/./treewidzard -search   pw = 2  -pl  -premise BreadthFirstSearch ../../inputs/ChromaticNumber_3.txt > /cluster/projects/nn9535k/farhad/2021/15dec/chromatic-number/main-script/job-generation/../../program-outputs/58085347.txt,Wed Dec 15 16:17:36 CET 2021,"Conjecture: Satisfied
", -pl ,00:00:02
/cluster/projects/nn9535k/farhad/2021/15dec/chromatic-number/main-script/job-generation/../../jobs/58085351.sh,-premise,9,../../inputs/ChromaticNumber_3,5,,1-00:00:00,DONE,16G, pw = 2,1,0,1,8,15 16:17:38 CET 2021,3,,1,NN9535K,58085351,IsomorphismBreadthFirstSearch,4660775,/cluster/home/farhadvadiee/2021/15dec/chromatic-number/Build/./treewidzard -search   pw = 2  -pl  -premise IsomorphismBreadthFirstSearch ../../inputs/ChromaticNumber_3.txt > /cluster/projects/nn9535k/farhad/2021/15dec/chromatic-number/main-script/job-generation/../../program-outputs/58085351.txt,Wed Dec 15 16:17:36 CET 2021,"Conjecture: Satisfied
", -pl ,00:00:02
/cluster/projects/nn9535k/farhad/2021/15dec/chromatic-number/main-script/job-generation/../../jobs/58085355.sh, ,24,../../inputs/ChromaticNumber_3,14,,1-00:00:00,DONE,32G, pw = 3,1,0,1,576,15 16:17:38 CET 2021,3,,1,NN9535K,58085355,BreadthFirstSearch,4660776,/cluster/home/farhadvadiee/2021/15dec/chromatic-number/Build/./treewidzard -search   pw = 3  -pl    BreadthFirstSearch ../../inputs/ChromaticNumber_3.txt > /cluster/projects/nn9535k/farhad/2021/15dec/chromatic-number/main-script/job-generation/../../program-outputs/58085355.txt,Wed Dec 15 16:17:36 CET 2021,"Conjecture: Satisfied
", -pl ,00:00:03
/cluster/projects/nn9535k/farhad/2021/15dec/chromatic-number/main-script/job-generation/../../jobs/58085359.sh, ,27,../../inputs/ChromaticNumber_3,14,,1-00:00:00,DONE,32G, pw = 3,1,0,1,61,15 16:17:38 CET 2021,3,,1,NN9535K,58085359,IsomorphismBreadthFirstSearch,4660777,/cluster/home/farhadvadiee/2021/15dec/chromatic-number/Build/./treewidzard -search   pw = 3  -pl    IsomorphismBreadthFirstSearch ../../inputs/ChromaticNumber_3.txt > /cluster/projects/nn9535k/farhad/2021/15dec/chromatic-number/main-script/job-generation/../../program-outputs/58085359.txt,Wed Dec 15 16:17:36 CET 2021,"Conjecture: Satisfied
", -pl ,00:00:03
/cluster/projects/nn9535k/farhad/2021/15dec/chromatic-number/main-script/job-generation/../../jobs/58085363.sh,-premise,24,../../inputs/ChromaticNumber_3,14,,1-00:00:00,DONE,32G, pw = 3,1,0,1,560,15 16:17:37 CET 2021,3,,1,NN9535K,58085363,BreadthFirstSearch,4660778,/cluster/home/farhadvadiee/2021/15dec/chromatic-number/Build/./treewidzard -search   pw = 3  -pl  -premise BreadthFirstSearch ../../inputs/ChromaticNumber_3.txt > /cluster/projects/nn9535k/farhad/2021/15dec/chromatic-number/main-script/job-generation/../../program-outputs/58085363.txt,Wed Dec 15 16:17:35 CET 2021,"Conjecture: Satisfied
", -pl ,00:00:02
/cluster/projects/nn9535k/farhad/2021/15dec/chromatic-number/main-script/job-generation/../../jobs/58085367.sh,-premise,27,../../inputs/ChromaticNumber_3,14,,1-00:00:00,DONE,32G, pw = 3,1,0,1,56,15 16:17:37 CET 2021,3,,1,NN9535K,58085367,IsomorphismBreadthFirstSearch,4660779,/cluster/home/farhadvadiee/2021/15dec/chromatic-number/Build/./treewidzard -search   pw = 3  -pl  -premise IsomorphismBreadthFirstSearch ../../inputs/ChromaticNumber_3.txt > /cluster/projects/nn9535k/farhad/2021/15dec/chromatic-number/main-script/job-generation/../../program-outputs/58085367.txt,Wed Dec 15 16:17:35 CET 2021,"Conjecture: Satisfied
", -pl ,00:00:01
/cluster/projects/nn9535k/farhad/2021/15dec/chromatic-number/main-script/job-generation/../../jobs/58085371.sh, ,65,../../inputs/ChromaticNumber_3,41,,1-00:00:00,DONE,32G, pw = 4,1,423948K,1,494011,15 18:29:20 CET 2021,3,,1,NN9535K,58085371,BreadthFirstSearch,4660780,/cluster/home/farhadvadiee/2021/15dec/chromatic-number/Build/./treewidzard -search   pw = 4  -pl    BreadthFirstSearch ../../inputs/ChromaticNumber_3.txt > /cluster/projects/nn9535k/farhad/2021/15dec/chromatic-number/main-script/job-generation/../../program-outputs/58085371.txt,Wed Dec 15 16:17:35 CET 2021,"Conjecture: Satisfied
", -pl ,02:11:45
/cluster/projects/nn9535k/farhad/2021/15dec/chromatic-number/main-script/job-generation/../../jobs/58085375.sh, ,69,../../inputs/ChromaticNumber_3,41,,1-00:00:00,DONE,32G, pw = 4,1,7668K,1,5220,15 16:38:27 CET 2021,3,,1,NN9535K,58085375,IsomorphismBreadthFirstSearch,4660781,/cluster/home/farhadvadiee/2021/15dec/chromatic-number/Build/./treewidzard -search   pw = 4  -pl    IsomorphismBreadthFirstSearch ../../inputs/ChromaticNumber_3.txt > /cluster/projects/nn9535k/farhad/2021/15dec/chromatic-number/main-script/job-generation/../../program-outputs/58085375.txt,Wed Dec 15 16:17:35 CET 2021,"Conjecture: Satisfied
", -pl ,00:20:52
/cluster/projects/nn9535k/farhad/2021/15dec/chromatic-number/main-script/job-generation/../../jobs/58085379.sh,-premise,65,../../inputs/ChromaticNumber_3,41,,1-00:00:00,DONE,32G, pw = 4,1,423896K,1,493979,15 18:29:50 CET 2021,3,,1,NN9535K,58085379,BreadthFirstSearch,4660782,/cluster/home/farhadvadiee/2021/15dec/chromatic-number/Build/./treewidzard -search   pw = 4  -pl  -premise BreadthFirstSearch ../../inputs/ChromaticNumber_3.txt > /cluster/projects/nn9535k/farhad/2021/15dec/chromatic-number/main-script/job-generation/../../program-outputs/58085379.txt,Wed Dec 15 16:17:35 CET 2021,"Conjecture: Satisfied
", -pl ,02:12:14
/cluster/projects/nn9535k/farhad/2021/15dec/chromatic-number/main-script/job-generation/../../jobs/58085383.sh,-premise,69,../../inputs/ChromaticNumber_3,41,,1-00:00:00,DONE,32G, pw = 4,1,7700K,1,5214,15 16:38:19 CET 2021,3,,1,NN9535K,58085383,IsomorphismBreadthFirstSearch,4660783,/cluster/home/farhadvadiee/2021/15dec/chromatic-number/Build/./treewidzard -search   pw = 4  -pl  -premise IsomorphismBreadthFirstSearch ../../inputs/ChromaticNumber_3.txt > /cluster/projects/nn9535k/farhad/2021/15dec/chromatic-number/main-script/job-generation/../../program-outputs/58085383.txt,Wed Dec 15 16:17:35 CET 2021,"Conjecture: Satisfied
", -pl ,00:20:44
/cluster/projects/nn9535k/farhad/2021/15dec/chromatic-number/main-script/job-generation/../../jobs/58085387.sh, ,21,../../inputs/ChromaticNumber_3,122,Error,1-00:00:00,DONE,32G, pw = 5,1,2977292K,1,2118105,16 16:17:40 CET 2021,3,"slurmstepd: error: *** JOB 4660784 ON c3-51 CANCELLED AT 2021-12-16T16:17:37 DUE TO TIME LIMIT ***
",1,NN9535K,58085387,BreadthFirstSearch,4660784,/cluster/home/farhadvadiee/2021/15dec/chromatic-number/Build/./treewidzard -search   pw = 5  -pl    BreadthFirstSearch ../../inputs/ChromaticNumber_3.txt > /cluster/projects/nn9535k/farhad/2021/15dec/chromatic-number/main-script/job-generation/../../program-outputs/58085387.txt,Wed Dec 15 16:17:35 CET 2021,Not Finished, -pl ,1-00:00:02
/cluster/projects/nn9535k/farhad/2021/15dec/chromatic-number/main-script/job-generation/../../jobs/58085391.sh, ,26,../../inputs/ChromaticNumber_3,122,Error,1-00:00:00,DONE,32G, pw = 5,1,46228K,1,36000,16 16:17:39 CET 2021,3,"slurmstepd: error: *** JOB 4660785 ON c3-51 CANCELLED AT 2021-12-16T16:17:37 DUE TO TIME LIMIT ***
",1,NN9535K,58085391,IsomorphismBreadthFirstSearch,4660785,/cluster/home/farhadvadiee/2021/15dec/chromatic-number/Build/./treewidzard -search   pw = 5  -pl    IsomorphismBreadthFirstSearch ../../inputs/ChromaticNumber_3.txt > /cluster/projects/nn9535k/farhad/2021/15dec/chromatic-number/main-script/job-generation/../../program-outputs/58085391.txt,Wed Dec 15 16:17:35 CET 2021,Not Finished, -pl ,1-00:00:02
/cluster/projects/nn9535k/farhad/2021/15dec/chromatic-number/main-script/job-generation/../../jobs/58085395.sh,-premise,21,../../inputs/ChromaticNumber_3,122,Error,1-00:00:00,DONE,32G, pw = 5,1,2976356K,1,2118041,16 16:17:38 CET 2021,3,"slurmstepd: error: *** JOB 4660786 ON c3-51 CANCELLED AT 2021-12-16T16:17:37 DUE TO TIME LIMIT ***
",1,NN9535K,58085395,BreadthFirstSearch,4660786,/cluster/home/farhadvadiee/2021/15dec/chromatic-number/Build/./treewidzard -search   pw = 5  -pl  -premise BreadthFirstSearch ../../inputs/ChromaticNumber_3.txt > /cluster/projects/nn9535k/farhad/2021/15dec/chromatic-number/main-script/job-generation/../../program-outputs/58085395.txt,Wed Dec 15 16:17:35 CET 2021,Not Finished, -pl ,1-00:00:02
/cluster/projects/nn9535k/farhad/2021/15dec/chromatic-number/main-script/job-generation/../../jobs/58085400.sh,-premise,26,../../inputs/ChromaticNumber_3,122,Error,1-00:00:00,DONE,32G, pw = 5,1,46280K,1,35993,16 16:17:40 CET 2021,3,"slurmstepd: error: *** JOB 4660787 ON c3-51 CANCELLED AT 2021-12-16T16:17:37 DUE TO TIME LIMIT ***
",1,NN9535K,58085400,IsomorphismBreadthFirstSearch,4660787,/cluster/home/farhadvadiee/2021/15dec/chromatic-number/Build/./treewidzard -search   pw = 5  -pl  -premise IsomorphismBreadthFirstSearch ../../inputs/ChromaticNumber_3.txt > /cluster/projects/nn9535k/farhad/2021/15dec/chromatic-number/main-script/job-generation/../../program-outputs/58085400.txt,Wed Dec 15 16:17:35 CET 2021,Not Finished, -pl ,1-00:00:02
/cluster/projects/nn9535k/farhad/2021/15dec/chromatic-number/main-script/job-generation/../../jobs/58085403.sh, ,15,../../inputs/ChromaticNumber_3,365,Error,1-00:00:00,DONE,16G, pw = 6,1,1780436K,1,965594,16 16:17:39 CET 2021,3,"slurmstepd: error: *** JOB 4660788 ON c3-51 CANCELLED AT 2021-12-16T16:17:37 DUE TO TIME LIMIT ***
",1,NN9535K,58085403,BreadthFirstSearch,4660788,/cluster/home/farhadvadiee/2021/15dec/chromatic-number/Build/./treewidzard -search   pw = 6  -pl    BreadthFirstSearch ../../inputs/ChromaticNumber_3.txt > /cluster/projects/nn9535k/farhad/2021/15dec/chromatic-number/main-script/job-generation/../../program-outputs/58085403.txt,Wed Dec 15 16:17:35 CET 2021,Not Finished, -pl ,1-00:00:02
/cluster/projects/nn9535k/farhad/2021/15dec/chromatic-number/main-script/job-generation/../../jobs/58085408.sh, ,18,../../inputs/ChromaticNumber_3,365,Error,1-00:00:00,DONE,16G, pw = 6,1,6564K,1,3022,16 16:18:09 CET 2021,3,"slurmstepd: error: *** JOB 4660789 ON c3-56 CANCELLED AT 2021-12-16T16:18:07 DUE TO TIME LIMIT ***
",1,NN9535K,58085408,IsomorphismBreadthFirstSearch,4660789,/cluster/home/farhadvadiee/2021/15dec/chromatic-number/Build/./treewidzard -search   pw = 6  -pl    IsomorphismBreadthFirstSearch ../../inputs/ChromaticNumber_3.txt > /cluster/projects/nn9535k/farhad/2021/15dec/chromatic-number/main-script/job-generation/../../program-outputs/58085408.txt,Wed Dec 15 16:18:05 CET 2021,Not Finished, -pl ,1-00:00:02
/cluster/projects/nn9535k/farhad/2021/15dec/chromatic-number/main-script/job-generation/../../jobs/58085412.sh,-premise,15,../../inputs/ChromaticNumber_3,365,Error,1-00:00:00,DONE,16G, pw = 6,1,1794536K,1,965466,16 16:18:09 CET 2021,3,"slurmstepd: error: *** JOB 4660790 ON c3-55 CANCELLED AT 2021-12-16T16:18:07 DUE TO TIME LIMIT ***
",1,NN9535K,58085412,BreadthFirstSearch,4660790,/cluster/home/farhadvadiee/2021/15dec/chromatic-number/Build/./treewidzard -search   pw = 6  -pl  -premise BreadthFirstSearch ../../inputs/ChromaticNumber_3.txt > /cluster/projects/nn9535k/farhad/2021/15dec/chromatic-number/main-script/job-generation/../../program-outputs/58085412.txt,Wed Dec 15 16:18:05 CET 2021,Not Finished, -pl ,1-00:00:02
/cluster/projects/nn9535k/farhad/2021/15dec/chromatic-number/main-script/job-generation/../../jobs/58085416.sh,-premise,18,../../inputs/ChromaticNumber_3,365,Error,1-00:00:00,DONE,16G, pw = 6,1,6592K,1,3014,16 16:18:09 CET 2021,3,"slurmstepd: error: *** JOB 4660791 ON c3-55 CANCELLED AT 2021-12-16T16:18:07 DUE TO TIME LIMIT ***
",1,NN9535K,58085416,IsomorphismBreadthFirstSearch,4660791,/cluster/home/farhadvadiee/2021/15dec/chromatic-number/Build/./treewidzard -search   pw = 6  -pl  -premise IsomorphismBreadthFirstSearch ../../inputs/ChromaticNumber_3.txt > /cluster/projects/nn9535k/farhad/2021/15dec/chromatic-number/main-script/job-generation/../../program-outputs/58085416.txt,Wed Dec 15 16:18:05 CET 2021,Not Finished, -pl ,1-00:00:02
/cluster/projects/nn9535k/farhad/2021/15dec/chromatic-number/main-script/job-generation/../../jobs/58085420.sh, ,12,../../inputs/ChromaticNumber_3,1094,Error,1-00:00:00,DONE,32G, pw = 7,1,1454492K,1,628079,16 16:18:08 CET 2021,3,"slurmstepd: error: *** JOB 4660792 ON c3-55 CANCELLED AT 2021-12-16T16:18:07 DUE TO TIME LIMIT ***
",1,NN9535K,58085420,BreadthFirstSearch,4660792,/cluster/home/farhadvadiee/2021/15dec/chromatic-number/Build/./treewidzard -search   pw = 7  -pl    BreadthFirstSearch ../../inputs/ChromaticNumber_3.txt > /cluster/projects/nn9535k/farhad/2021/15dec/chromatic-number/main-script/job-generation/../../program-outputs/58085420.txt,Wed Dec 15 16:18:05 CET 2021,Not Finished, -pl ,1-00:00:02
/cluster/projects/nn9535k/farhad/2021/15dec/chromatic-number/main-script/job-generation/../../jobs/58085424.sh, ,11,../../inputs/ChromaticNumber_3,1094,Error,1-00:00:00,DONE,32G, pw = 7,1,5552K,1,126,16 16:18:09 CET 2021,3,"slurmstepd: error: *** JOB 4660793 ON c3-55 CANCELLED AT 2021-12-16T16:18:07 DUE TO TIME LIMIT ***
",1,NN9535K,58085424,IsomorphismBreadthFirstSearch,4660793,/cluster/home/farhadvadiee/2021/15dec/chromatic-number/Build/./treewidzard -search   pw = 7  -pl    IsomorphismBreadthFirstSearch ../../inputs/ChromaticNumber_3.txt > /cluster/projects/nn9535k/farhad/2021/15dec/chromatic-number/main-script/job-generation/../../program-outputs/58085424.txt,Wed Dec 15 16:18:05 CET 2021,Not Finished, -pl ,1-00:00:02
/cluster/projects/nn9535k/farhad/2021/15dec/chromatic-number/main-script/job-generation/../../jobs/58085429.sh,-premise,12,../../inputs/ChromaticNumber_3,1094,Error,1-00:00:00,DONE,32G, pw = 7,1,1453188K,1,627841,16 16:18:09 CET 2021,3,"slurmstepd: error: *** JOB 4660794 ON c3-55 CANCELLED AT 2021-12-16T16:18:07 DUE TO TIME LIMIT ***
",1,NN9535K,58085429,BreadthFirstSearch,4660794,/cluster/home/farhadvadiee/2021/15dec/chromatic-number/Build/./treewidzard -search   pw = 7  -pl  -premise BreadthFirstSearch ../../inputs/ChromaticNumber_3.txt > /cluster/projects/nn9535k/farhad/2021/15dec/chromatic-number/main-script/job-generation/../../program-outputs/58085429.txt,Wed Dec 15 16:18:05 CET 2021,Not Finished, -pl ,1-00:00:02
/cluster/projects/nn9535k/farhad/2021/15dec/chromatic-number/main-script/job-generation/../../jobs/58085433.sh,-premise,11,../../inputs/ChromaticNumber_3,1094,Error,1-00:00:00,DONE,32G, pw = 7,1,5544K,1,123,16 16:18:10 CET 2021,3,"slurmstepd: error: *** JOB 4660795 ON c3-55 CANCELLED AT 2021-12-16T16:18:07 DUE TO TIME LIMIT ***
",1,NN9535K,58085433,IsomorphismBreadthFirstSearch,4660795,/cluster/home/farhadvadiee/2021/15dec/chromatic-number/Build/./treewidzard -search   pw = 7  -pl  -premise IsomorphismBreadthFirstSearch ../../inputs/ChromaticNumber_3.txt > /cluster/projects/nn9535k/farhad/2021/15dec/chromatic-number/main-script/job-generation/../../program-outputs/58085433.txt,Wed Dec 15 16:18:06 CET 2021,Not Finished, -pl ,1-00:00:02
/cluster/projects/nn9535k/farhad/2021/15dec/chromatic-number/main-script/job-generation/../../jobs/58085437.sh, ,4,../../inputs/ChromaticNumber_4,2,,1-00:00:00,DONE,16G, pw = 1,1,0,1,5,15 16:18:07 CET 2021,4,,1,NN9535K,58085437,BreadthFirstSearch,4660796,/cluster/home/farhadvadiee/2021/15dec/chromatic-number/Build/./treewidzard -search   pw = 1  -pl    BreadthFirstSearch ../../inputs/ChromaticNumber_4.txt > /cluster/projects/nn9535k/farhad/2021/15dec/chromatic-number/main-script/job-generation/../../program-outputs/58085437.txt,Wed Dec 15 16:18:06 CET 2021,"Conjecture: Satisfied
", -pl ,00:00:01
/cluster/projects/nn9535k/farhad/2021/15dec/chromatic-number/main-script/job-generation/../../jobs/58085443.sh, ,5,../../inputs/ChromaticNumber_4,2,,1-00:00:00,DONE,16G, pw = 1,1,0,1,4,15 16:18:07 CET 2021,4,,1,NN9535K,58085443,IsomorphismBreadthFirstSearch,4660797,/cluster/home/farhadvadiee/2021/15dec/chromatic-number/Build/./treewidzard -search   pw = 1  -pl    IsomorphismBreadthFirstSearch ../../inputs/ChromaticNumber_4.txt > /cluster/projects/nn9535k/farhad/2021/15dec/chromatic-number/main-script/job-generation/../../program-outputs/58085443.txt,Wed Dec 15 16:18:06 CET 2021,"Conjecture: Satisfied
", -pl ,00:00:02
/cluster/projects/nn9535k/farhad/2021/15dec/chromatic-number/main-script/job-generation/../../jobs/58085447.sh,-premise,4,../../inputs/ChromaticNumber_4,2,,1-00:00:00,DONE,16G, pw = 1,1,0,1,5,15 16:18:07 CET 2021,4,,1,NN9535K,58085447,BreadthFirstSearch,4660798,/cluster/home/farhadvadiee/2021/15dec/chromatic-number/Build/./treewidzard -search   pw = 1  -pl  -premise BreadthFirstSearch ../../inputs/ChromaticNumber_4.txt > /cluster/projects/nn9535k/farhad/2021/15dec/chromatic-number/main-script/job-generation/../../program-outputs/58085447.txt,Wed Dec 15 16:18:06 CET 2021,"Conjecture: Satisfied
", -pl ,00:00:02
/cluster/projects/nn9535k/farhad/2021/15dec/chromatic-number/main-script/job-generation/../../jobs/58085451.sh,-premise,5,../../inputs/ChromaticNumber_4,2,,1-00:00:00,DONE,16G, pw = 1,1,0,1,4,15 16:18:07 CET 2021,4,,1,NN9535K,58085451,IsomorphismBreadthFirstSearch,4660799,/cluster/home/farhadvadiee/2021/15dec/chromatic-number/Build/./treewidzard -search   pw = 1  -pl  -premise IsomorphismBreadthFirstSearch ../../inputs/ChromaticNumber_4.txt > /cluster/projects/nn9535k/farhad/2021/15dec/chromatic-number/main-script/job-generation/../../program-outputs/58085451.txt,Wed Dec 15 16:18:06 CET 2021,"Conjecture: Satisfied
", -pl ,00:00:02
/cluster/projects/nn9535k/farhad/2021/15dec/chromatic-number/main-script/job-generation/../../jobs/58085455.sh, ,7,../../inputs/ChromaticNumber_4,5,,1-00:00:00,DONE,16G, pw = 2,1,0,1,18,15 16:18:08 CET 2021,4,,1,NN9535K,58085455,BreadthFirstSearch,4660800,/cluster/home/farhadvadiee/2021/15dec/chromatic-number/Build/./treewidzard -search   pw = 2  -pl    BreadthFirstSearch ../../inputs/ChromaticNumber_4.txt > /cluster/projects/nn9535k/farhad/2021/15dec/chromatic-number/main-script/job-generation/../../program-outputs/58085455.txt,Wed Dec 15 16:18:06 CET 2021,"Conjecture: Satisfied
", -pl ,00:00:02
/cluster/projects/nn9535k/farhad/2021/15dec/chromatic-number/main-script/job-generation/../../jobs/58085460.sh, ,9,../../inputs/ChromaticNumber_4,5,,1-00:00:00,DONE,16G, pw = 2,1,0,1,8,15 16:18:07 CET 2021,4,,1,NN9535K,58085460,IsomorphismBreadthFirstSearch,4660801,/cluster/home/farhadvadiee/2021/15dec/chromatic-number/Build/./treewidzard -search   pw = 2  -pl    IsomorphismBreadthFirstSearch ../../inputs/ChromaticNumber_4.txt > /cluster/projects/nn9535k/farhad/2021/15dec/chromatic-number/main-script/job-generation/../../program-outputs/58085460.txt,Wed Dec 15 16:18:05 CET 2021,"Conjecture: Satisfied
", -pl ,00:00:01
/cluster/projects/nn9535k/farhad/2021/15dec/chromatic-number/main-script/job-generation/../../jobs/58085464.sh,-premise,7,../../inputs/ChromaticNumber_4,5,,1-00:00:00,DONE,16G, pw = 2,1,0,1,18,15 16:18:08 CET 2021,4,,1,NN9535K,58085464,BreadthFirstSearch,4660802,/cluster/home/farhadvadiee/2021/15dec/chromatic-number/Build/./treewidzard -search   pw = 2  -pl  -premise BreadthFirstSearch ../../inputs/ChromaticNumber_4.txt > /cluster/projects/nn9535k/farhad/2021/15dec/chromatic-number/main-script/job-generation/../../program-outputs/58085464.txt,Wed Dec 15 16:18:05 CET 2021,"Conjecture: Satisfied
", -pl ,00:00:01
/cluster/projects/nn9535k/farhad/2021/15dec/chromatic-number/main-script/job-generation/../../jobs/58085468.sh,-premise,9,../../inputs/ChromaticNumber_4,5,,1-00:00:00,DONE,16G, pw = 2,1,0,1,8,15 16:18:08 CET 2021,4,,1,NN9535K,58085468,IsomorphismBreadthFirstSearch,4660803,/cluster/home/farhadvadiee/2021/15dec/chromatic-number/Build/./treewidzard -search   pw = 2  -pl  -premise IsomorphismBreadthFirstSearch ../../inputs/ChromaticNumber_4.txt > /cluster/projects/nn9535k/farhad/2021/15dec/chromatic-number/main-script/job-generation/../../program-outputs/58085468.txt,Wed Dec 15 16:18:05 CET 2021,"Conjecture: Satisfied
", -pl ,00:00:01
/cluster/projects/nn9535k/farhad/2021/15dec/chromatic-number/main-script/job-generation/../../jobs/58085472.sh, ,11,../../inputs/ChromaticNumber_4,15,,1-00:00:00,DONE,32G, pw = 3,1,0,1,113,15 16:18:07 CET 2021,4,,1,NN9535K,58085472,BreadthFirstSearch,4660804,/cluster/home/farhadvadiee/2021/15dec/chromatic-number/Build/./treewidzard -search   pw = 3  -pl    BreadthFirstSearch ../../inputs/ChromaticNumber_4.txt > /cluster/projects/nn9535k/farhad/2021/15dec/chromatic-number/main-script/job-generation/../../program-outputs/58085472.txt,Wed Dec 15 16:18:05 CET 2021,"Conjecture: Satisfied
", -pl ,00:00:02
/cluster/projects/nn9535k/farhad/2021/15dec/chromatic-number/main-script/job-generation/../../jobs/58085476.sh, ,14,../../inputs/ChromaticNumber_4,15,,1-00:00:00,DONE,32G, pw = 3,1,0,1,19,15 16:18:08 CET 2021,4,,1,NN9535K,58085476,IsomorphismBreadthFirstSearch,4660805,/cluster/home/farhadvadiee/2021/15dec/chromatic-number/Build/./treewidzard -search   pw = 3  -pl    IsomorphismBreadthFirstSearch ../../inputs/ChromaticNumber_4.txt > /cluster/projects/nn9535k/farhad/2021/15dec/chromatic-number/main-script/job-generation/../../program-outputs/58085476.txt,Wed Dec 15 16:18:05 CET 2021,"Conjecture: Satisfied
", -pl ,00:00:02
/cluster/projects/nn9535k/farhad/2021/15dec/chromatic-number/main-script/job-generation/../../jobs/58085480.sh,-premise,11,../../inputs/ChromaticNumber_4,15,,1-00:00:00,DONE,32G, pw = 3,1,0,1,113,15 16:18:08 CET 2021,4,,1,NN9535K,58085480,BreadthFirstSearch,4660806,/cluster/home/farhadvadiee/2021/15dec/chromatic-number/Build/./treewidzard -search   pw = 3  -pl  -premise BreadthFirstSearch ../../inputs/ChromaticNumber_4.txt > /cluster/projects/nn9535k/farhad/2021/15dec/chromatic-number/main-script/job-generation/../../program-outputs/58085480.txt,Wed Dec 15 16:18:06 CET 2021,"Conjecture: Satisfied
", -pl ,00:00:02
/cluster/projects/nn9535k/farhad/2021/15dec/chromatic-number/main-script/job-generation/../../jobs/58085484.sh,-premise,14,../../inputs/ChromaticNumber_4,15,,1-00:00:00,DONE,32G, pw = 3,1,0,1,19,15 16:18:08 CET 2021,4,,1,NN9535K,58085484,IsomorphismBreadthFirstSearch,4660807,/cluster/home/farhadvadiee/2021/15dec/chromatic-number/Build/./treewidzard -search   pw = 3  -pl  -premise IsomorphismBreadthFirstSearch ../../inputs/ChromaticNumber_4.txt > /cluster/projects/nn9535k/farhad/2021/15dec/chromatic-number/main-script/job-generation/../../program-outputs/58085484.txt,Wed Dec 15 16:18:06 CET 2021,"Conjecture: Satisfied
", -pl ,00:00:02
/cluster/projects/nn9535k/farhad/2021/15dec/chromatic-number/main-script/job-generation/../../jobs/58085488.sh, ,43,../../inputs/ChromaticNumber_4,51,,1-00:00:00,DONE,32G, pw = 4,1,83976K,1,96776,15 16:40:07 CET 2021,4,,1,NN9535K,58085488,BreadthFirstSearch,4660808,/cluster/home/farhadvadiee/2021/15dec/chromatic-number/Build/./treewidzard -search   pw = 4  -pl    BreadthFirstSearch ../../inputs/ChromaticNumber_4.txt > /cluster/projects/nn9535k/farhad/2021/15dec/chromatic-number/main-script/job-generation/../../program-outputs/58085488.txt,Wed Dec 15 16:18:05 CET 2021,"Conjecture: Satisfied
", -pl ,00:22:02
/cluster/projects/nn9535k/farhad/2021/15dec/chromatic-number/main-script/job-generation/../../jobs/58085492.sh, ,47,../../inputs/ChromaticNumber_4,51,,1-00:00:00,DONE,32G, pw = 4,1,2800K,1,1271,15 16:25:14 CET 2021,4,,1,NN9535K,58085492,IsomorphismBreadthFirstSearch,4660809,/cluster/home/farhadvadiee/2021/15dec/chromatic-number/Build/./treewidzard -search   pw = 4  -pl    IsomorphismBreadthFirstSearch ../../inputs/ChromaticNumber_4.txt > /cluster/projects/nn9535k/farhad/2021/15dec/chromatic-number/main-script/job-generation/../../program-outputs/58085492.txt,Wed Dec 15 16:18:05 CET 2021,"Conjecture: Satisfied
", -pl ,00:07:08
/cluster/projects/nn9535k/farhad/2021/15dec/chromatic-number/main-script/job-generation/../../jobs/58085496.sh,-premise,43,../../inputs/ChromaticNumber_4,51,,1-00:00:00,DONE,32G, pw = 4,1,83948K,1,96744,15 16:40:12 CET 2021,4,,1,NN9535K,58085496,BreadthFirstSearch,4660810,/cluster/home/farhadvadiee/2021/15dec/chromatic-number/Build/./treewidzard -search   pw = 4  -pl  -premise BreadthFirstSearch ../../inputs/ChromaticNumber_4.txt > /cluster/projects/nn9535k/farhad/2021/15dec/chromatic-number/main-script/job-generation/../../program-outputs/58085496.txt,Wed Dec 15 16:18:05 CET 2021,"Conjecture: Satisfied
", -pl ,00:22:07
/cluster/projects/nn9535k/farhad/2021/15dec/chromatic-number/main-script/job-generation/../../jobs/58085500.sh,-premise,47,../../inputs/ChromaticNumber_4,51,,1-00:00:00,DONE,32G, pw = 4,1,2796K,1,1265,15 16:25:14 CET 2021,4,,1,NN9535K,58085500,IsomorphismBreadthFirstSearch,4660811,/cluster/home/farhadvadiee/2021/15dec/chromatic-number/Build/./treewidzard -search   pw = 4  -pl  -premise IsomorphismBreadthFirstSearch ../../inputs/ChromaticNumber_4.txt > /cluster/projects/nn9535k/farhad/2021/15dec/chromatic-number/main-script/job-generation/../../program-outputs/58085500.txt,Wed Dec 15 16:18:05 CET 2021,"Conjecture: Satisfied
", -pl ,00:07:09
/cluster/projects/nn9535k/farhad/2021/15dec/chromatic-number/main-script/job-generation/../../jobs/58085504.sh, ,22,../../inputs/ChromaticNumber_4,187,Error,1-00:00:00,DONE,32G, pw = 5,1,2343644K,1,1959121,16 16:18:10 CET 2021,4,"slurmstepd: error: *** JOB 4660812 ON c3-53 CANCELLED AT 2021-12-16T16:18:07 DUE TO TIME LIMIT ***
",1,NN9535K,58085504,BreadthFirstSearch,4660812,/cluster/home/farhadvadiee/2021/15dec/chromatic-number/Build/./treewidzard -search   pw = 5  -pl    BreadthFirstSearch ../../inputs/ChromaticNumber_4.txt > /cluster/projects/nn9535k/farhad/2021/15dec/chromatic-number/main-script/job-generation/../../program-outputs/58085504.txt,Wed Dec 15 16:18:05 CET 2021,Not Finished, -pl ,1-00:00:02
/cluster/projects/nn9535k/farhad/2021/15dec/chromatic-number/main-script/job-generation/../../jobs/58085508.sh, ,25,../../inputs/ChromaticNumber_4,187,Error,1-00:00:00,DONE,32G, pw = 5,1,22604K,1,14407,16 16:18:09 CET 2021,4,"slurmstepd: error: *** JOB 4660813 ON c3-53 CANCELLED AT 2021-12-16T16:18:07 DUE TO TIME LIMIT ***
",1,NN9535K,58085508,IsomorphismBreadthFirstSearch,4660813,/cluster/home/farhadvadiee/2021/15dec/chromatic-number/Build/./treewidzard -search   pw = 5  -pl    IsomorphismBreadthFirstSearch ../../inputs/ChromaticNumber_4.txt > /cluster/projects/nn9535k/farhad/2021/15dec/chromatic-number/main-script/job-generation/../../program-outputs/58085508.txt,Wed Dec 15 16:18:06 CET 2021,Not Finished, -pl ,1-00:00:02
/cluster/projects/nn9535k/farhad/2021/15dec/chromatic-number/main-script/job-generation/../../jobs/58085512.sh,-premise,22,../../inputs/ChromaticNumber_4,187,Error,1-00:00:00,DONE,32G, pw = 5,1,2322300K,1,1959057,16 16:18:09 CET 2021,4,"slurmstepd: error: *** JOB 4660814 ON c3-52 CANCELLED AT 2021-12-16T16:18:07 DUE TO TIME LIMIT ***
",1,NN9535K,58085512,BreadthFirstSearch,4660814,/cluster/home/farhadvadiee/2021/15dec/chromatic-number/Build/./treewidzard -search   pw = 5  -pl  -premise BreadthFirstSearch ../../inputs/ChromaticNumber_4.txt > /cluster/projects/nn9535k/farhad/2021/15dec/chromatic-number/main-script/job-generation/../../program-outputs/58085512.txt,Wed Dec 15 16:18:05 CET 2021,Not Finished, -pl ,1-00:00:02
/cluster/projects/nn9535k/farhad/2021/15dec/chromatic-number/main-script/job-generation/../../jobs/58085516.sh,-premise,25,../../inputs/ChromaticNumber_4,187,Error,1-00:00:00,DONE,32G, pw = 5,1,22340K,1,14400,16 16:18:10 CET 2021,4,"slurmstepd: error: *** JOB 4660815 ON c3-52 CANCELLED AT 2021-12-16T16:18:07 DUE TO TIME LIMIT ***
",1,NN9535K,58085516,IsomorphismBreadthFirstSearch,4660815,/cluster/home/farhadvadiee/2021/15dec/chromatic-number/Build/./treewidzard -search   pw = 5  -pl  -premise IsomorphismBreadthFirstSearch ../../inputs/ChromaticNumber_4.txt > /cluster/projects/nn9535k/farhad/2021/15dec/chromatic-number/main-script/job-generation/../../program-outputs/58085516.txt,Wed Dec 15 16:18:05 CET 2021,Not Finished, -pl ,1-00:00:02
/cluster/projects/nn9535k/farhad/2021/15dec/chromatic-number/main-script/job-generation/../../jobs/58085520.sh, ,14,../../inputs/ChromaticNumber_4,715,Error,1-00:00:00,DONE,16G, pw = 6,1,948308K,1,418087,16 16:18:09 CET 2021,4,"slurmstepd: error: *** JOB 4660816 ON c3-54 CANCELLED AT 2021-12-16T16:18:07 DUE TO TIME LIMIT ***
",1,NN9535K,58085520,BreadthFirstSearch,4660816,/cluster/home/farhadvadiee/2021/15dec/chromatic-number/Build/./treewidzard -search   pw = 6  -pl    BreadthFirstSearch ../../inputs/ChromaticNumber_4.txt > /cluster/projects/nn9535k/farhad/2021/15dec/chromatic-number/main-script/job-generation/../../program-outputs/58085520.txt,Wed Dec 15 16:18:06 CET 2021,Not Finished, -pl ,1-00:00:02
/cluster/projects/nn9535k/farhad/2021/15dec/chromatic-number/main-script/job-generation/../../jobs/58085524.sh, ,15,../../inputs/ChromaticNumber_4,715,Error,1-00:00:00,DONE,16G, pw = 6,1,4228K,1,544,16 16:18:10 CET 2021,4,"slurmstepd: error: *** JOB 4660817 ON c3-51 CANCELLED AT 2021-12-16T16:18:07 DUE TO TIME LIMIT ***
",1,NN9535K,58085524,IsomorphismBreadthFirstSearch,4660817,/cluster/home/farhadvadiee/2021/15dec/chromatic-number/Build/./treewidzard -search   pw = 6  -pl    IsomorphismBreadthFirstSearch ../../inputs/ChromaticNumber_4.txt > /cluster/projects/nn9535k/farhad/2021/15dec/chromatic-number/main-script/job-generation/../../program-outputs/58085524.txt,Wed Dec 15 16:18:05 CET 2021,Not Finished, -pl ,1-00:00:02
/cluster/projects/nn9535k/farhad/2021/15dec/chromatic-number/main-script/job-generation/../../jobs/58085528.sh,-premise,14,../../inputs/ChromaticNumber_4,715,Error,1-00:00:00,DONE,16G, pw = 6,1,948296K,1,418087,16 16:18:08 CET 2021,4,"slurmstepd: error: *** JOB 4660818 ON c3-51 CANCELLED AT 2021-12-16T16:18:07 DUE TO TIME LIMIT ***
",1,NN9535K,58085528,BreadthFirstSearch,4660818,/cluster/home/farhadvadiee/2021/15dec/chromatic-number/Build/./treewidzard -search   pw = 6  -pl  -premise BreadthFirstSearch ../../inputs/ChromaticNumber_4.txt > /cluster/projects/nn9535k/farhad/2021/15dec/chromatic-number/main-script/job-generation/../../program-outputs/58085528.txt,Wed Dec 15 16:18:05 CET 2021,Not Finished, -pl ,1-00:00:02
/cluster/projects/nn9535k/farhad/2021/15dec/chromatic-number/main-script/job-generation/../../jobs/58085533.sh,-premise,15,../../inputs/ChromaticNumber_4,715,Error,1-00:00:00,DONE,16G, pw = 6,1,4228K,1,543,16 16:18:09 CET 2021,4,"slurmstepd: error: *** JOB 4660819 ON c3-51 CANCELLED AT 2021-12-16T16:18:07 DUE TO TIME LIMIT ***
",1,NN9535K,58085533,IsomorphismBreadthFirstSearch,4660819,/cluster/home/farhadvadiee/2021/15dec/chromatic-number/Build/./treewidzard -search   pw = 6  -pl  -premise IsomorphismBreadthFirstSearch ../../inputs/ChromaticNumber_4.txt > /cluster/projects/nn9535k/farhad/2021/15dec/chromatic-number/main-script/job-generation/../../program-outputs/58085533.txt,Wed Dec 15 16:18:05 CET 2021,Not Finished, -pl ,1-00:00:02
/cluster/projects/nn9535k/farhad/2021/15dec/chromatic-number/main-script/job-generation/../../jobs/58085537.sh, ,11,../../inputs/ChromaticNumber_4,2795,Error,1-00:00:00,DONE,32G, pw = 7,1,934020K,1,255742,16 16:18:09 CET 2021,4,"slurmstepd: error: *** JOB 4660820 ON c3-50 CANCELLED AT 2021-12-16T16:18:07 DUE TO TIME LIMIT ***
",1,NN9535K,58085537,BreadthFirstSearch,4660820,/cluster/home/farhadvadiee/2021/15dec/chromatic-number/Build/./treewidzard -search   pw = 7  -pl    BreadthFirstSearch ../../inputs/ChromaticNumber_4.txt > /cluster/projects/nn9535k/farhad/2021/15dec/chromatic-number/main-script/job-generation/../../program-outputs/58085537.txt,Wed Dec 15 16:18:05 CET 2021,Not Finished, -pl ,1-00:00:02
/cluster/projects/nn9535k/farhad/2021/15dec/chromatic-number/main-script/job-generation/../../jobs/58085541.sh, ,8,../../inputs/ChromaticNumber_4,2795,Error,1-00:00:00,DONE,32G, pw = 7,1,9960K,1,32,16 16:18:08 CET 2021,4,"slurmstepd: error: *** JOB 4660821 ON c3-50 CANCELLED AT 2021-12-16T16:18:07 DUE TO TIME LIMIT ***
",1,NN9535K,58085541,IsomorphismBreadthFirstSearch,4660821,/cluster/home/farhadvadiee/2021/15dec/chromatic-number/Build/./treewidzard -search   pw = 7  -pl    IsomorphismBreadthFirstSearch ../../inputs/ChromaticNumber_4.txt > /cluster/projects/nn9535k/farhad/2021/15dec/chromatic-number/main-script/job-generation/../../program-outputs/58085541.txt,Wed Dec 15 16:18:05 CET 2021,Not Finished, -pl ,1-00:00:02
/cluster/projects/nn9535k/farhad/2021/15dec/chromatic-number/main-script/job-generation/../../jobs/58085545.sh,-premise,11,../../inputs/ChromaticNumber_4,2795,Error,1-00:00:00,DONE,32G, pw = 7,1,933560K,1,255742,16 16:18:10 CET 2021,4,"slurmstepd: error: *** JOB 4660822 ON c3-50 CANCELLED AT 2021-12-16T16:18:07 DUE TO TIME LIMIT ***
",1,NN9535K,58085545,BreadthFirstSearch,4660822,/cluster/home/farhadvadiee/2021/15dec/chromatic-number/Build/./treewidzard -search   pw = 7  -pl  -premise BreadthFirstSearch ../../inputs/ChromaticNumber_4.txt > /cluster/projects/nn9535k/farhad/2021/15dec/chromatic-number/main-script/job-generation/../../program-outputs/58085545.txt,Wed Dec 15 16:18:05 CET 2021,Not Finished, -pl ,1-00:00:02
/cluster/projects/nn9535k/farhad/2021/15dec/chromatic-number/main-script/job-generation/../../jobs/58085549.sh,-premise,8,../../inputs/ChromaticNumber_4,2795,Error,1-00:00:00,DONE,32G, pw = 7,1,10040K,1,32,16 16:18:09 CET 2021,4,"slurmstepd: error: *** JOB 4660823 ON c3-50 CANCELLED AT 2021-12-16T16:18:07 DUE TO TIME LIMIT ***
",1,NN9535K,58085549,IsomorphismBreadthFirstSearch,4660823,/cluster/home/farhadvadiee/2021/15dec/chromatic-number/Build/./treewidzard -search   pw = 7  -pl  -premise IsomorphismBreadthFirstSearch ../../inputs/ChromaticNumber_4.txt > /cluster/projects/nn9535k/farhad/2021/15dec/chromatic-number/main-script/job-generation/../../program-outputs/58085549.txt,Wed Dec 15 16:18:05 CET 2021,Not Finished, -pl ,1-00:00:02
/cluster/projects/nn9535k/farhad/2021/15dec/chromatic-number/main-script/job-generation/../../jobs/58085553.sh, ,4,../../inputs/ChromaticNumber_5,2,,1-00:00:00,DONE,16G, pw = 1,1,0,1,5,15 16:18:06 CET 2021,5,,1,NN9535K,58085553,BreadthFirstSearch,4660824,/cluster/home/farhadvadiee/2021/15dec/chromatic-number/Build/./treewidzard -search   pw = 1  -pl    BreadthFirstSearch ../../inputs/ChromaticNumber_5.txt > /cluster/projects/nn9535k/farhad/2021/15dec/chromatic-number/main-script/job-generation/../../program-outputs/58085553.txt,Wed Dec 15 16:18:05 CET 2021,"Conjecture: Satisfied
", -pl ,00:00:01
/cluster/projects/nn9535k/farhad/2021/15dec/chromatic-number/main-script/job-generation/../../jobs/58085561.sh, ,5,../../inputs/ChromaticNumber_5,2,,1-00:00:00,DONE,16G, pw = 1,1,0,1,4,15 16:18:07 CET 2021,5,,1,NN9535K,58085561,IsomorphismBreadthFirstSearch,4660825,/cluster/home/farhadvadiee/2021/15dec/chromatic-number/Build/./treewidzard -search   pw = 1  -pl    IsomorphismBreadthFirstSearch ../../inputs/ChromaticNumber_5.txt > /cluster/projects/nn9535k/farhad/2021/15dec/chromatic-number/main-script/job-generation/../../program-outputs/58085561.txt,Wed Dec 15 16:18:06 CET 2021,"Conjecture: Satisfied
", -pl ,00:00:01
/cluster/projects/nn9535k/farhad/2021/15dec/chromatic-number/main-script/job-generation/../../jobs/58085565.sh,-premise,4,../../inputs/ChromaticNumber_5,2,,1-00:00:00,DONE,16G, pw = 1,1,0,1,5,15 16:18:08 CET 2021,5,,1,NN9535K,58085565,BreadthFirstSearch,4660826,/cluster/home/farhadvadiee/2021/15dec/chromatic-number/Build/./treewidzard -search   pw = 1  -pl  -premise BreadthFirstSearch ../../inputs/ChromaticNumber_5.txt > /cluster/projects/nn9535k/farhad/2021/15dec/chromatic-number/main-script/job-generation/../../program-outputs/58085565.txt,Wed Dec 15 16:18:06 CET 2021,"Conjecture: Satisfied
", -pl ,00:00:02
/cluster/projects/nn9535k/farhad/2021/15dec/chromatic-number/main-script/job-generation/../../jobs/58085569.sh,-premise,5,../../inputs/ChromaticNumber_5,2,,1-00:00:00,DONE,16G, pw = 1,1,0,1,4,15 16:18:07 CET 2021,5,,1,NN9535K,58085569,IsomorphismBreadthFirstSearch,4660827,/cluster/home/farhadvadiee/2021/15dec/chromatic-number/Build/./treewidzard -search   pw = 1  -pl  -premise IsomorphismBreadthFirstSearch ../../inputs/ChromaticNumber_5.txt > /cluster/projects/nn9535k/farhad/2021/15dec/chromatic-number/main-script/job-generation/../../program-outputs/58085569.txt,Wed Dec 15 16:18:06 CET 2021,"Conjecture: Satisfied
", -pl ,00:00:02
/cluster/projects/nn9535k/farhad/2021/15dec/chromatic-number/main-script/job-generation/../../jobs/58085573.sh, ,7,../../inputs/ChromaticNumber_5,5,,1-00:00:00,DONE,16G, pw = 2,1,0,1,18,15 16:18:07 CET 2021,5,,1,NN9535K,58085573,BreadthFirstSearch,4660828,/cluster/home/farhadvadiee/2021/15dec/chromatic-number/Build/./treewidzard -search   pw = 2  -pl    BreadthFirstSearch ../../inputs/ChromaticNumber_5.txt > /cluster/projects/nn9535k/farhad/2021/15dec/chromatic-number/main-script/job-generation/../../program-outputs/58085573.txt,Wed Dec 15 16:18:05 CET 2021,"Conjecture: Satisfied
", -pl ,00:00:01
/cluster/projects/nn9535k/farhad/2021/15dec/chromatic-number/main-script/job-generation/../../jobs/58085577.sh, ,9,../../inputs/ChromaticNumber_5,5,,1-00:00:00,DONE,16G, pw = 2,1,0,1,8,15 16:18:08 CET 2021,5,,1,NN9535K,58085577,IsomorphismBreadthFirstSearch,4660829,/cluster/home/farhadvadiee/2021/15dec/chromatic-number/Build/./treewidzard -search   pw = 2  -pl    IsomorphismBreadthFirstSearch ../../inputs/ChromaticNumber_5.txt > /cluster/projects/nn9535k/farhad/2021/15dec/chromatic-number/main-script/job-generation/../../program-outputs/58085577.txt,Wed Dec 15 16:18:05 CET 2021,"Conjecture: Satisfied
", -pl ,00:00:01
/cluster/projects/nn9535k/farhad/2021/15dec/chromatic-number/main-script/job-generation/../../jobs/58085581.sh,-premise,7,../../inputs/ChromaticNumber_5,5,,1-00:00:00,DONE,16G, pw = 2,1,0,1,18,15 16:18:08 CET 2021,5,,1,NN9535K,58085581,BreadthFirstSearch,4660830,/cluster/home/farhadvadiee/2021/15dec/chromatic-number/Build/./treewidzard -search   pw = 2  -pl  -premise BreadthFirstSearch ../../inputs/ChromaticNumber_5.txt > /cluster/projects/nn9535k/farhad/2021/15dec/chromatic-number/main-script/job-generation/../../program-outputs/58085581.txt,Wed Dec 15 16:18:05 CET 2021,"Conjecture: Satisfied
", -pl ,00:00:01
/cluster/projects/nn9535k/farhad/2021/15dec/chromatic-number/main-script/job-generation/../../jobs/58085585.sh,-premise,9,../../inputs/ChromaticNumber_5,5,,1-00:00:00,DONE,16G, pw = 2,1,0,1,8,15 16:18:07 CET 2021,5,,1,NN9535K,58085585,IsomorphismBreadthFirstSearch,4660831,/cluster/home/farhadvadiee/2021/15dec/chromatic-number/Build/./treewidzard -search   pw = 2  -pl  -premise IsomorphismBreadthFirstSearch ../../inputs/ChromaticNumber_5.txt > /cluster/projects/nn9535k/farhad/2021/15dec/chromatic-number/main-script/job-generation/../../program-outputs/58085585.txt,Wed Dec 15 16:18:05 CET 2021,"Conjecture: Satisfied
", -pl ,00:00:02
/cluster/projects/nn9535k/farhad/2021/15dec/chromatic-number/main-script/job-generation/../../jobs/58085589.sh, ,11,../../inputs/ChromaticNumber_5,15,,1-00:00:00,DONE,32G, pw = 3,1,0,1,113,15 16:18:07 CET 2021,5,,1,NN9535K,58085589,BreadthFirstSearch,4660832,/cluster/home/farhadvadiee/2021/15dec/chromatic-number/Build/./treewidzard -search   pw = 3  -pl    BreadthFirstSearch ../../inputs/ChromaticNumber_5.txt > /cluster/projects/nn9535k/farhad/2021/15dec/chromatic-number/main-script/job-generation/../../program-outputs/58085589.txt,Wed Dec 15 16:18:06 CET 2021,"Conjecture: Satisfied
", -pl ,00:00:02
/cluster/projects/nn9535k/farhad/2021/15dec/chromatic-number/main-script/job-generation/../../jobs/58085595.sh, ,14,../../inputs/ChromaticNumber_5,15,,1-00:00:00,DONE,32G, pw = 3,1,0,1,19,15 16:18:08 CET 2021,5,,1,NN9535K,58085595,IsomorphismBreadthFirstSearch,4660833,/cluster/home/farhadvadiee/2021/15dec/chromatic-number/Build/./treewidzard -search   pw = 3  -pl    IsomorphismBreadthFirstSearch ../../inputs/ChromaticNumber_5.txt > /cluster/projects/nn9535k/farhad/2021/15dec/chromatic-number/main-script/job-generation/../../program-outputs/58085595.txt,Wed Dec 15 16:18:06 CET 2021,"Conjecture: Satisfied
", -pl ,00:00:02
/cluster/projects/nn9535k/farhad/2021/15dec/chromatic-number/main-script/job-generation/../../jobs/58085599.sh,-premise,11,../../inputs/ChromaticNumber_5,15,,1-00:00:00,DONE,32G, pw = 3,1,0,1,113,15 16:18:07 CET 2021,5,,1,NN9535K,58085599,BreadthFirstSearch,4660834,/cluster/home/farhadvadiee/2021/15dec/chromatic-number/Build/./treewidzard -search   pw = 3  -pl  -premise BreadthFirstSearch ../../inputs/ChromaticNumber_5.txt > /cluster/projects/nn9535k/farhad/2021/15dec/chromatic-number/main-script/job-generation/../../program-outputs/58085599.txt,Wed Dec 15 16:18:06 CET 2021,"Conjecture: Satisfied
", -pl ,00:00:02
/cluster/projects/nn9535k/farhad/2021/15dec/chromatic-number/main-script/job-generation/../../jobs/58085603.sh,-premise,14,../../inputs/ChromaticNumber_5,15,,1-00:00:00,DONE,32G, pw = 3,1,0,1,19,15 16:18:08 CET 2021,5,,1,NN9535K,58085603,IsomorphismBreadthFirstSearch,4660835,/cluster/home/farhadvadiee/2021/15dec/chromatic-number/Build/./treewidzard -search   pw = 3  -pl  -premise IsomorphismBreadthFirstSearch ../../inputs/ChromaticNumber_5.txt > /cluster/projects/nn9535k/farhad/2021/15dec/chromatic-number/main-script/job-generation/../../program-outputs/58085603.txt,Wed Dec 15 16:18:06 CET 2021,"Conjecture: Satisfied
", -pl ,00:00:02
/cluster/projects/nn9535k/farhad/2021/15dec/chromatic-number/main-script/job-generation/../../jobs/58085607.sh, ,16,../../inputs/ChromaticNumber_5,52,,1-00:00:00,DONE,32G, pw = 4,1,0,1,1450,15 16:18:16 CET 2021,5,,1,NN9535K,58085607,BreadthFirstSearch,4660836,/cluster/home/farhadvadiee/2021/15dec/chromatic-number/Build/./treewidzard -search   pw = 4  -pl    BreadthFirstSearch ../../inputs/ChromaticNumber_5.txt > /cluster/projects/nn9535k/farhad/2021/15dec/chromatic-number/main-script/job-generation/../../program-outputs/58085607.txt,Wed Dec 15 16:18:05 CET 2021,"Conjecture: Satisfied
", -pl ,00:00:11
/cluster/projects/nn9535k/farhad/2021/15dec/chromatic-number/main-script/job-generation/../../jobs/58085611.sh, ,20,../../inputs/ChromaticNumber_5,52,,1-00:00:00,DONE,32G, pw = 4,1,0,1,53,15 16:18:22 CET 2021,5,,1,NN9535K,58085611,IsomorphismBreadthFirstSearch,4660837,/cluster/home/farhadvadiee/2021/15dec/chromatic-number/Build/./treewidzard -search   pw = 4  -pl    IsomorphismBreadthFirstSearch ../../inputs/ChromaticNumber_5.txt > /cluster/projects/nn9535k/farhad/2021/15dec/chromatic-number/main-script/job-generation/../../program-outputs/58085611.txt,Wed Dec 15 16:18:05 CET 2021,"Conjecture: Satisfied
", -pl ,00:00:17
/cluster/projects/nn9535k/farhad/2021/15dec/chromatic-number/main-script/job-generation/../../jobs/58085615.sh,-premise,16,../../inputs/ChromaticNumber_5,52,,1-00:00:00,DONE,32G, pw = 4,1,0,1,1450,15 16:18:47 CET 2021,5,,1,NN9535K,58085615,BreadthFirstSearch,4660838,/cluster/home/farhadvadiee/2021/15dec/chromatic-number/Build/./treewidzard -search   pw = 4  -pl  -premise BreadthFirstSearch ../../inputs/ChromaticNumber_5.txt > /cluster/projects/nn9535k/farhad/2021/15dec/chromatic-number/main-script/job-generation/../../program-outputs/58085615.txt,Wed Dec 15 16:18:35 CET 2021,"Conjecture: Satisfied
", -pl ,00:00:11
/cluster/projects/nn9535k/farhad/2021/15dec/chromatic-number/main-script/job-generation/../../jobs/58085619.sh,-premise,20,../../inputs/ChromaticNumber_5,52,,1-00:00:00,DONE,32G, pw = 4,1,0,1,53,15 16:18:52 CET 2021,5,,1,NN9535K,58085619,IsomorphismBreadthFirstSearch,4660839,/cluster/home/farhadvadiee/2021/15dec/chromatic-number/Build/./treewidzard -search   pw = 4  -pl  -premise IsomorphismBreadthFirstSearch ../../inputs/ChromaticNumber_5.txt > /cluster/projects/nn9535k/farhad/2021/15dec/chromatic-number/main-script/job-generation/../../program-outputs/58085619.txt,Wed Dec 15 16:18:35 CET 2021,"Conjecture: Satisfied
", -pl ,00:00:16
/cluster/projects/nn9535k/farhad/2021/15dec/chromatic-number/main-script/job-generation/../../jobs/58085623.sh, ,27,../../inputs/ChromaticNumber_5,202,Error,1-00:00:00,DONE,32G, pw = 5,1,1666480K,1,1607698,16 16:18:38 CET 2021,5,"slurmstepd: error: *** JOB 4660840 ON c3-54 CANCELLED AT 2021-12-16T16:18:37 DUE TO TIME LIMIT ***
",1,NN9535K,58085623,BreadthFirstSearch,4660840,/cluster/home/farhadvadiee/2021/15dec/chromatic-number/Build/./treewidzard -search   pw = 5  -pl    BreadthFirstSearch ../../inputs/ChromaticNumber_5.txt > /cluster/projects/nn9535k/farhad/2021/15dec/chromatic-number/main-script/job-generation/../../program-outputs/58085623.txt,Wed Dec 15 16:18:35 CET 2021,Not Finished, -pl ,1-00:00:02
/cluster/projects/nn9535k/farhad/2021/15dec/chromatic-number/main-script/job-generation/../../jobs/58085627.sh, ,31,../../inputs/ChromaticNumber_5,202,Error,1-00:00:00,DONE,32G, pw = 5,1,14728K,1,9626,16 16:18:39 CET 2021,5,"slurmstepd: error: *** JOB 4660841 ON c3-54 CANCELLED AT 2021-12-16T16:18:37 DUE TO TIME LIMIT ***
",1,NN9535K,58085627,IsomorphismBreadthFirstSearch,4660841,/cluster/home/farhadvadiee/2021/15dec/chromatic-number/Build/./treewidzard -search   pw = 5  -pl    IsomorphismBreadthFirstSearch ../../inputs/ChromaticNumber_5.txt > /cluster/projects/nn9535k/farhad/2021/15dec/chromatic-number/main-script/job-generation/../../program-outputs/58085627.txt,Wed Dec 15 16:18:35 CET 2021,Not Finished, -pl ,1-00:00:02
/cluster/projects/nn9535k/farhad/2021/15dec/chromatic-number/main-script/job-generation/../../jobs/58085631.sh,-premise,27,../../inputs/ChromaticNumber_5,202,Error,1-00:00:00,DONE,32G, pw = 5,1,1665504K,1,1607634,16 16:18:38 CET 2021,5,"slurmstepd: error: *** JOB 4660842 ON c3-54 CANCELLED AT 2021-12-16T16:18:37 DUE TO TIME LIMIT ***
",1,NN9535K,58085631,BreadthFirstSearch,4660842,/cluster/home/farhadvadiee/2021/15dec/chromatic-number/Build/./treewidzard -search   pw = 5  -pl  -premise BreadthFirstSearch ../../inputs/ChromaticNumber_5.txt > /cluster/projects/nn9535k/farhad/2021/15dec/chromatic-number/main-script/job-generation/../../program-outputs/58085631.txt,Wed Dec 15 16:18:36 CET 2021,Not Finished, -pl ,1-00:00:02
/cluster/projects/nn9535k/farhad/2021/15dec/chromatic-number/main-script/job-generation/../../jobs/58085635.sh,-premise,31,../../inputs/ChromaticNumber_5,202,Error,1-00:00:00,DONE,32G, pw = 5,1,14712K,1,9619,16 16:18:37 CET 2021,5,"slurmstepd: error: *** JOB 4660843 ON c3-54 CANCELLED AT 2021-12-16T16:18:37 DUE TO TIME LIMIT ***
",1,NN9535K,58085635,IsomorphismBreadthFirstSearch,4660843,/cluster/home/farhadvadiee/2021/15dec/chromatic-number/Build/./treewidzard -search   pw = 5  -pl  -premise IsomorphismBreadthFirstSearch ../../inputs/ChromaticNumber_5.txt > /cluster/projects/nn9535k/farhad/2021/15dec/chromatic-number/main-script/job-generation/../../program-outputs/58085635.txt,Wed Dec 15 16:18:36 CET 2021,Not Finished, -pl ,1-00:00:02
/cluster/projects/nn9535k/farhad/2021/15dec/chromatic-number/main-script/job-generation/../../jobs/58085640.sh, ,14,../../inputs/ChromaticNumber_5,855,Error,1-00:00:00,DONE,16G, pw = 6,1,939424K,1,384102,16 16:18:38 CET 2021,5,"slurmstepd: error: *** JOB 4660844 ON c3-55 CANCELLED AT 2021-12-16T16:18:37 DUE TO TIME LIMIT ***
",1,NN9535K,58085640,BreadthFirstSearch,4660844,/cluster/home/farhadvadiee/2021/15dec/chromatic-number/Build/./treewidzard -search   pw = 6  -pl    BreadthFirstSearch ../../inputs/ChromaticNumber_5.txt > /cluster/projects/nn9535k/farhad/2021/15dec/chromatic-number/main-script/job-generation/../../program-outputs/58085640.txt,Wed Dec 15 16:18:36 CET 2021,Not Finished, -pl ,1-00:00:02
/cluster/projects/nn9535k/farhad/2021/15dec/chromatic-number/main-script/job-generation/../../jobs/58085644.sh, ,14,../../inputs/ChromaticNumber_5,855,Error,1-00:00:00,DONE,16G, pw = 6,1,3936K,1,309,16 16:18:39 CET 2021,5,"slurmstepd: error: *** JOB 4660845 ON c3-54 CANCELLED AT 2021-12-16T16:18:37 DUE TO TIME LIMIT ***
",1,NN9535K,58085644,IsomorphismBreadthFirstSearch,4660845,/cluster/home/farhadvadiee/2021/15dec/chromatic-number/Build/./treewidzard -search   pw = 6  -pl    IsomorphismBreadthFirstSearch ../../inputs/ChromaticNumber_5.txt > /cluster/projects/nn9535k/farhad/2021/15dec/chromatic-number/main-script/job-generation/../../program-outputs/58085644.txt,Wed Dec 15 16:18:36 CET 2021,Not Finished, -pl ,1-00:00:02
/cluster/projects/nn9535k/farhad/2021/15dec/chromatic-number/main-script/job-generation/../../jobs/58085648.sh,-premise,14,../../inputs/ChromaticNumber_5,855,Error,1-00:00:00,DONE,16G, pw = 6,1,939304K,1,384102,16 16:18:39 CET 2021,5,"slurmstepd: error: *** JOB 4660846 ON c3-54 CANCELLED AT 2021-12-16T16:18:37 DUE TO TIME LIMIT ***
",1,NN9535K,58085648,BreadthFirstSearch,4660846,/cluster/home/farhadvadiee/2021/15dec/chromatic-number/Build/./treewidzard -search   pw = 6  -pl  -premise BreadthFirstSearch ../../inputs/ChromaticNumber_5.txt > /cluster/projects/nn9535k/farhad/2021/15dec/chromatic-number/main-script/job-generation/../../program-outputs/58085648.txt,Wed Dec 15 16:18:36 CET 2021,Not Finished, -pl ,1-00:00:02
/cluster/projects/nn9535k/farhad/2021/15dec/chromatic-number/main-script/job-generation/../../jobs/58085652.sh,-premise,14,../../inputs/ChromaticNumber_5,855,Error,1-00:00:00,DONE,16G, pw = 6,1,3940K,1,309,16 16:18:38 CET 2021,5,"slurmstepd: error: *** JOB 4660847 ON c3-54 CANCELLED AT 2021-12-16T16:18:37 DUE TO TIME LIMIT ***
",1,NN9535K,58085652,IsomorphismBreadthFirstSearch,4660847,/cluster/home/farhadvadiee/2021/15dec/chromatic-number/Build/./treewidzard -search   pw = 6  -pl  -premise IsomorphismBreadthFirstSearch ../../inputs/ChromaticNumber_5.txt > /cluster/projects/nn9535k/farhad/2021/15dec/chromatic-number/main-script/job-generation/../../program-outputs/58085652.txt,Wed Dec 15 16:18:36 CET 2021,Not Finished, -pl ,1-00:00:02
/cluster/projects/nn9535k/farhad/2021/15dec/chromatic-number/main-script/job-generation/../../jobs/58085656.sh, ,11,../../inputs/ChromaticNumber_5,3845,Error,1-00:00:00,DONE,32G, pw = 7,1,766304K,1,254972,16 16:18:38 CET 2021,5,"slurmstepd: error: *** JOB 4660848 ON c3-54 CANCELLED AT 2021-12-16T16:18:37 DUE TO TIME LIMIT ***
",1,NN9535K,58085656,BreadthFirstSearch,4660848,/cluster/home/farhadvadiee/2021/15dec/chromatic-number/Build/./treewidzard -search   pw = 7  -pl    BreadthFirstSearch ../../inputs/ChromaticNumber_5.txt > /cluster/projects/nn9535k/farhad/2021/15dec/chromatic-number/main-script/job-generation/../../program-outputs/58085656.txt,Wed Dec 15 16:18:36 CET 2021,Not Finished, -pl ,1-00:00:02
/cluster/projects/nn9535k/farhad/2021/15dec/chromatic-number/main-script/job-generation/../../jobs/58085660.sh, ,8,../../inputs/ChromaticNumber_5,3845,Error,1-00:00:00,DONE,32G, pw = 7,1,12276K,1,32,16 16:18:39 CET 2021,5,"slurmstepd: error: *** JOB 4660849 ON c3-54 CANCELLED AT 2021-12-16T16:18:37 DUE TO TIME LIMIT ***
",1,NN9535K,58085660,IsomorphismBreadthFirstSearch,4660849,/cluster/home/farhadvadiee/2021/15dec/chromatic-number/Build/./treewidzard -search   pw = 7  -pl    IsomorphismBreadthFirstSearch ../../inputs/ChromaticNumber_5.txt > /cluster/projects/nn9535k/farhad/2021/15dec/chromatic-number/main-script/job-generation/../../program-outputs/58085660.txt,Wed Dec 15 16:18:36 CET 2021,Not Finished, -pl ,1-00:00:02
/cluster/projects/nn9535k/farhad/2021/15dec/chromatic-number/main-script/job-generation/../../jobs/58085664.sh,-premise,11,../../inputs/ChromaticNumber_5,3845,Error,1-00:00:00,DONE,32G, pw = 7,1,766296K,1,254972,16 16:18:38 CET 2021,5,"slurmstepd: error: *** JOB 4660850 ON c3-50 CANCELLED AT 2021-12-16T16:18:37 DUE TO TIME LIMIT ***
",1,NN9535K,58085664,BreadthFirstSearch,4660850,/cluster/home/farhadvadiee/2021/15dec/chromatic-number/Build/./treewidzard -search   pw = 7  -pl  -premise BreadthFirstSearch ../../inputs/ChromaticNumber_5.txt > /cluster/projects/nn9535k/farhad/2021/15dec/chromatic-number/main-script/job-generation/../../program-outputs/58085664.txt,Wed Dec 15 16:18:36 CET 2021,Not Finished, -pl ,1-00:00:02
/cluster/projects/nn9535k/farhad/2021/15dec/chromatic-number/main-script/job-generation/../../jobs/58085669.sh,-premise,8,../../inputs/ChromaticNumber_5,3845,Error,1-00:00:00,DONE,32G, pw = 7,1,12272K,1,32,16 16:18:39 CET 2021,5,"slurmstepd: error: *** JOB 4660851 ON c3-50 CANCELLED AT 2021-12-16T16:18:37 DUE TO TIME LIMIT ***
",1,NN9535K,58085669,IsomorphismBreadthFirstSearch,4660851,/cluster/home/farhadvadiee/2021/15dec/chromatic-number/Build/./treewidzard -search   pw = 7  -pl  -premise IsomorphismBreadthFirstSearch ../../inputs/ChromaticNumber_5.txt > /cluster/projects/nn9535k/farhad/2021/15dec/chromatic-number/main-script/job-generation/../../program-outputs/58085669.txt,Wed Dec 15 16:18:36 CET 2021,Not Finished, -pl ,1-00:00:02
/cluster/projects/nn9535k/farhad/2021/15dec/chromatic-number/main-script/job-generation/../../jobs/58085673.sh, ,4,../../inputs/ChromaticNumber_6,2,,1-00:00:00,DONE,16G, pw = 1,1,0,1,5,15 16:18:38 CET 2021,6,,1,NN9535K,58085673,BreadthFirstSearch,4660852,/cluster/home/farhadvadiee/2021/15dec/chromatic-number/Build/./treewidzard -search   pw = 1  -pl    BreadthFirstSearch ../../inputs/ChromaticNumber_6.txt > /cluster/projects/nn9535k/farhad/2021/15dec/chromatic-number/main-script/job-generation/../../program-outputs/58085673.txt,Wed Dec 15 16:18:36 CET 2021,"Conjecture: Satisfied
", -pl ,00:00:02
/cluster/projects/nn9535k/farhad/2021/15dec/chromatic-number/main-script/job-generation/../../jobs/58085679.sh, ,5,../../inputs/ChromaticNumber_6,2,,1-00:00:00,DONE,16G, pw = 1,1,0,1,4,15 16:18:38 CET 2021,6,,1,NN9535K,58085679,IsomorphismBreadthFirstSearch,4660853,/cluster/home/farhadvadiee/2021/15dec/chromatic-number/Build/./treewidzard -search   pw = 1  -pl    IsomorphismBreadthFirstSearch ../../inputs/ChromaticNumber_6.txt > /cluster/projects/nn9535k/farhad/2021/15dec/chromatic-number/main-script/job-generation/../../program-outputs/58085679.txt,Wed Dec 15 16:18:36 CET 2021,"Conjecture: Satisfied
", -pl ,00:00:02
/cluster/projects/nn9535k/farhad/2021/15dec/chromatic-number/main-script/job-generation/../../jobs/58085683.sh,-premise,4,../../inputs/ChromaticNumber_6,2,,1-00:00:00,DONE,16G, pw = 1,1,0,1,5,15 16:18:38 CET 2021,6,,1,NN9535K,58085683,BreadthFirstSearch,4660854,/cluster/home/farhadvadiee/2021/15dec/chromatic-number/Build/./treewidzard -search   pw = 1  -pl  -premise BreadthFirstSearch ../../inputs/ChromaticNumber_6.txt > /cluster/projects/nn9535k/farhad/2021/15dec/chromatic-number/main-script/job-generation/../../program-outputs/58085683.txt,Wed Dec 15 16:18:36 CET 2021,"Conjecture: Satisfied
", -pl ,00:00:02
/cluster/projects/nn9535k/farhad/2021/15dec/chromatic-number/main-script/job-generation/../../jobs/58085687.sh,-premise,5,../../inputs/ChromaticNumber_6,2,,1-00:00:00,DONE,16G, pw = 1,1,0,1,4,15 16:18:39 CET 2021,6,,1,NN9535K,58085687,IsomorphismBreadthFirstSearch,4660855,/cluster/home/farhadvadiee/2021/15dec/chromatic-number/Build/./treewidzard -search   pw = 1  -pl  -premise IsomorphismBreadthFirstSearch ../../inputs/ChromaticNumber_6.txt > /cluster/projects/nn9535k/farhad/2021/15dec/chromatic-number/main-script/job-generation/../../program-outputs/58085687.txt,Wed Dec 15 16:18:36 CET 2021,"Conjecture: Satisfied
", -pl ,00:00:02
/cluster/projects/nn9535k/farhad/2021/15dec/chromatic-number/main-script/job-generation/../../jobs/58085692.sh, ,7,../../inputs/ChromaticNumber_6,5,,1-00:00:00,DONE,16G, pw = 2,1,0,1,18,15 16:18:37 CET 2021,6,,1,NN9535K,58085692,BreadthFirstSearch,4660856,/cluster/home/farhadvadiee/2021/15dec/chromatic-number/Build/./treewidzard -search   pw = 2  -pl    BreadthFirstSearch ../../inputs/ChromaticNumber_6.txt > /cluster/projects/nn9535k/farhad/2021/15dec/chromatic-number/main-script/job-generation/../../program-outputs/58085692.txt,Wed Dec 15 16:18:36 CET 2021,"Conjecture: Satisfied
", -pl ,00:00:02
/cluster/projects/nn9535k/farhad/2021/15dec/chromatic-number/main-script/job-generation/../../jobs/58085696.sh, ,9,../../inputs/ChromaticNumber_6,5,,1-00:00:00,DONE,16G, pw = 2,1,0,1,8,15 16:18:38 CET 2021,6,,1,NN9535K,58085696,IsomorphismBreadthFirstSearch,4660857,/cluster/home/farhadvadiee/2021/15dec/chromatic-number/Build/./treewidzard -search   pw = 2  -pl    IsomorphismBreadthFirstSearch ../../inputs/ChromaticNumber_6.txt > /cluster/projects/nn9535k/farhad/2021/15dec/chromatic-number/main-script/job-generation/../../program-outputs/58085696.txt,Wed Dec 15 16:18:36 CET 2021,"Conjecture: Satisfied
", -pl ,00:00:02
/cluster/projects/nn9535k/farhad/2021/15dec/chromatic-number/main-script/job-generation/../../jobs/58085700.sh,-premise,7,../../inputs/ChromaticNumber_6,5,,1-00:00:00,DONE,16G, pw = 2,1,0,1,18,15 16:18:38 CET 2021,6,,1,NN9535K,58085700,BreadthFirstSearch,4660858,/cluster/home/farhadvadiee/2021/15dec/chromatic-number/Build/./treewidzard -search   pw = 2  -pl  -premise BreadthFirstSearch ../../inputs/ChromaticNumber_6.txt > /cluster/projects/nn9535k/farhad/2021/15dec/chromatic-number/main-script/job-generation/../../program-outputs/58085700.txt,Wed Dec 15 16:18:36 CET 2021,"Conjecture: Satisfied
", -pl ,00:00:02
/cluster/projects/nn9535k/farhad/2021/15dec/chromatic-number/main-script/job-generation/../../jobs/58085704.sh,-premise,9,../../inputs/ChromaticNumber_6,5,,1-00:00:00,DONE,16G, pw = 2,1,0,1,8,15 16:18:39 CET 2021,6,,1,NN9535K,58085704,IsomorphismBreadthFirstSearch,4660859,/cluster/home/farhadvadiee/2021/15dec/chromatic-number/Build/./treewidzard -search   pw = 2  -pl  -premise IsomorphismBreadthFirstSearch ../../inputs/ChromaticNumber_6.txt > /cluster/projects/nn9535k/farhad/2021/15dec/chromatic-number/main-script/job-generation/../../program-outputs/58085704.txt,Wed Dec 15 16:18:36 CET 2021,"Conjecture: Satisfied
", -pl ,00:00:02
/cluster/projects/nn9535k/farhad/2021/15dec/chromatic-number/main-script/job-generation/../../jobs/58085708.sh, ,11,../../inputs/ChromaticNumber_6,15,,1-00:00:00,DONE,32G, pw = 3,1,0,1,113,15 16:18:39 CET 2021,6,,1,NN9535K,58085708,BreadthFirstSearch,4660860,/cluster/home/farhadvadiee/2021/15dec/chromatic-number/Build/./treewidzard -search   pw = 3  -pl    BreadthFirstSearch ../../inputs/ChromaticNumber_6.txt > /cluster/projects/nn9535k/farhad/2021/15dec/chromatic-number/main-script/job-generation/../../program-outputs/58085708.txt,Wed Dec 15 16:18:36 CET 2021,"Conjecture: Satisfied
", -pl ,00:00:03
/cluster/projects/nn9535k/farhad/2021/15dec/chromatic-number/main-script/job-generation/../../jobs/58085712.sh, ,14,../../inputs/ChromaticNumber_6,15,,1-00:00:00,DONE,32G, pw = 3,1,0,1,19,15 16:18:39 CET 2021,6,,1,NN9535K,58085712,IsomorphismBreadthFirstSearch,4660861,/cluster/home/farhadvadiee/2021/15dec/chromatic-number/Build/./treewidzard -search   pw = 3  -pl    IsomorphismBreadthFirstSearch ../../inputs/ChromaticNumber_6.txt > /cluster/projects/nn9535k/farhad/2021/15dec/chromatic-number/main-script/job-generation/../../program-outputs/58085712.txt,Wed Dec 15 16:18:36 CET 2021,"Conjecture: Satisfied
", -pl ,00:00:03
/cluster/projects/nn9535k/farhad/2021/15dec/chromatic-number/main-script/job-generation/../../jobs/58085716.sh,-premise,11,../../inputs/ChromaticNumber_6,15,,1-00:00:00,DONE,32G, pw = 3,1,0,1,113,15 16:18:37 CET 2021,6,,1,NN9535K,58085716,BreadthFirstSearch,4660862,/cluster/home/farhadvadiee/2021/15dec/chromatic-number/Build/./treewidzard -search   pw = 3  -pl  -premise BreadthFirstSearch ../../inputs/ChromaticNumber_6.txt > /cluster/projects/nn9535k/farhad/2021/15dec/chromatic-number/main-script/job-generation/../../program-outputs/58085716.txt,Wed Dec 15 16:18:36 CET 2021,"Conjecture: Satisfied
", -pl ,00:00:01
/cluster/projects/nn9535k/farhad/2021/15dec/chromatic-number/main-script/job-generation/../../jobs/58085721.sh,-premise,14,../../inputs/ChromaticNumber_6,15,,1-00:00:00,DONE,32G, pw = 3,1,0,1,19,15 16:18:37 CET 2021,6,,1,NN9535K,58085721,IsomorphismBreadthFirstSearch,4660863,/cluster/home/farhadvadiee/2021/15dec/chromatic-number/Build/./treewidzard -search   pw = 3  -pl  -premise IsomorphismBreadthFirstSearch ../../inputs/ChromaticNumber_6.txt > /cluster/projects/nn9535k/farhad/2021/15dec/chromatic-number/main-script/job-generation/../../program-outputs/58085721.txt,Wed Dec 15 16:18:36 CET 2021,"Conjecture: Satisfied
", -pl ,00:00:01
/cluster/projects/nn9535k/farhad/2021/15dec/chromatic-number/main-script/job-generation/../../jobs/58085725.sh, ,16,../../inputs/ChromaticNumber_6,52,,1-00:00:00,DONE,32G, pw = 4,1,0,1,1450,15 16:18:47 CET 2021,6,,1,NN9535K,58085725,BreadthFirstSearch,4660864,/cluster/home/farhadvadiee/2021/15dec/chromatic-number/Build/./treewidzard -search   pw = 4  -pl    BreadthFirstSearch ../../inputs/ChromaticNumber_6.txt > /cluster/projects/nn9535k/farhad/2021/15dec/chromatic-number/main-script/job-generation/../../program-outputs/58085725.txt,Wed Dec 15 16:18:36 CET 2021,"Conjecture: Satisfied
", -pl ,00:00:11
/cluster/projects/nn9535k/farhad/2021/15dec/chromatic-number/main-script/job-generation/../../jobs/58085729.sh, ,20,../../inputs/ChromaticNumber_6,52,,1-00:00:00,DONE,32G, pw = 4,1,0,1,53,15 16:18:53 CET 2021,6,,1,NN9535K,58085729,IsomorphismBreadthFirstSearch,4660865,/cluster/home/farhadvadiee/2021/15dec/chromatic-number/Build/./treewidzard -search   pw = 4  -pl    IsomorphismBreadthFirstSearch ../../inputs/ChromaticNumber_6.txt > /cluster/projects/nn9535k/farhad/2021/15dec/chromatic-number/main-script/job-generation/../../program-outputs/58085729.txt,Wed Dec 15 16:18:36 CET 2021,"Conjecture: Satisfied
", -pl ,00:00:17
/cluster/projects/nn9535k/farhad/2021/15dec/chromatic-number/main-script/job-generation/../../jobs/58085733.sh,-premise,16,../../inputs/ChromaticNumber_6,52,,1-00:00:00,DONE,32G, pw = 4,1,0,1,1450,15 16:18:47 CET 2021,6,,1,NN9535K,58085733,BreadthFirstSearch,4660866,/cluster/home/farhadvadiee/2021/15dec/chromatic-number/Build/./treewidzard -search   pw = 4  -pl  -premise BreadthFirstSearch ../../inputs/ChromaticNumber_6.txt > /cluster/projects/nn9535k/farhad/2021/15dec/chromatic-number/main-script/job-generation/../../program-outputs/58085733.txt,Wed Dec 15 16:18:36 CET 2021,"Conjecture: Satisfied
", -pl ,00:00:12
/cluster/projects/nn9535k/farhad/2021/15dec/chromatic-number/main-script/job-generation/../../jobs/58085737.sh,-premise,20,../../inputs/ChromaticNumber_6,52,,1-00:00:00,DONE,32G, pw = 4,1,0,1,53,15 16:18:53 CET 2021,6,,1,NN9535K,58085737,IsomorphismBreadthFirstSearch,4660867,/cluster/home/farhadvadiee/2021/15dec/chromatic-number/Build/./treewidzard -search   pw = 4  -pl  -premise IsomorphismBreadthFirstSearch ../../inputs/ChromaticNumber_6.txt > /cluster/projects/nn9535k/farhad/2021/15dec/chromatic-number/main-script/job-generation/../../program-outputs/58085737.txt,Wed Dec 15 16:18:36 CET 2021,"Conjecture: Satisfied
", -pl ,00:00:17
/cluster/projects/nn9535k/farhad/2021/15dec/chromatic-number/main-script/job-generation/../../jobs/58085741.sh, ,22,../../inputs/ChromaticNumber_6,203,,1-00:00:00,DONE,32G, pw = 5,1,41556K,1,40069,15 16:46:25 CET 2021,6,,1,NN9535K,58085741,BreadthFirstSearch,4660868,/cluster/home/farhadvadiee/2021/15dec/chromatic-number/Build/./treewidzard -search   pw = 5  -pl    BreadthFirstSearch ../../inputs/ChromaticNumber_6.txt > /cluster/projects/nn9535k/farhad/2021/15dec/chromatic-number/main-script/job-generation/../../program-outputs/58085741.txt,Wed Dec 15 16:18:36 CET 2021,"Conjecture: Satisfied
", -pl ,00:27:50
/cluster/projects/nn9535k/farhad/2021/15dec/chromatic-number/main-script/job-generation/../../jobs/58085746.sh, ,27,../../inputs/ChromaticNumber_6,203,,1-00:00:00,DONE,32G, pw = 5,1,1836K,1,209,15 16:44:25 CET 2021,6,,1,NN9535K,58085746,IsomorphismBreadthFirstSearch,4660869,/cluster/home/farhadvadiee/2021/15dec/chromatic-number/Build/./treewidzard -search   pw = 5  -pl    IsomorphismBreadthFirstSearch ../../inputs/ChromaticNumber_6.txt > /cluster/projects/nn9535k/farhad/2021/15dec/chromatic-number/main-script/job-generation/../../program-outputs/58085746.txt,Wed Dec 15 16:18:36 CET 2021,"Conjecture: Satisfied
", -pl ,00:25:50
/cluster/projects/nn9535k/farhad/2021/15dec/chromatic-number/main-script/job-generation/../../jobs/58085750.sh,-premise,22,../../inputs/ChromaticNumber_6,203,,1-00:00:00,DONE,32G, pw = 5,1,41464K,1,40069,15 16:46:32 CET 2021,6,,1,NN9535K,58085750,BreadthFirstSearch,4660870,/cluster/home/farhadvadiee/2021/15dec/chromatic-number/Build/./treewidzard -search   pw = 5  -pl  -premise BreadthFirstSearch ../../inputs/ChromaticNumber_6.txt > /cluster/projects/nn9535k/farhad/2021/15dec/chromatic-number/main-script/job-generation/../../program-outputs/58085750.txt,Wed Dec 15 16:18:36 CET 2021,"Conjecture: Satisfied
", -pl ,00:27:57
/cluster/projects/nn9535k/farhad/2021/15dec/chromatic-number/main-script/job-generation/../../jobs/58085754.sh,-premise,27,../../inputs/ChromaticNumber_6,203,,1-00:00:00,DONE,32G, pw = 5,1,1840K,1,209,15 16:44:23 CET 2021,6,,1,NN9535K,58085754,IsomorphismBreadthFirstSearch,4660871,/cluster/home/farhadvadiee/2021/15dec/chromatic-number/Build/./treewidzard -search   pw = 5  -pl  -premise IsomorphismBreadthFirstSearch ../../inputs/ChromaticNumber_6.txt > /cluster/projects/nn9535k/farhad/2021/15dec/chromatic-number/main-script/job-generation/../../program-outputs/58085754.txt,Wed Dec 15 16:18:36 CET 2021,"Conjecture: Satisfied
", -pl ,00:25:48
/cluster/projects/nn9535k/farhad/2021/15dec/chromatic-number/main-script/job-generation/../../jobs/58085758.sh, ,14,../../inputs/ChromaticNumber_6,876,Error,1-00:00:00,DONE,16G, pw = 6,1,929888K,1,382233,16 16:18:38 CET 2021,6,"slurmstepd: error: *** JOB 4660872 ON c3-47 CANCELLED AT 2021-12-16T16:18:37 DUE TO TIME LIMIT ***
",1,NN9535K,58085758,BreadthFirstSearch,4660872,/cluster/home/farhadvadiee/2021/15dec/chromatic-number/Build/./treewidzard -search   pw = 6  -pl    BreadthFirstSearch ../../inputs/ChromaticNumber_6.txt > /cluster/projects/nn9535k/farhad/2021/15dec/chromatic-number/main-script/job-generation/../../program-outputs/58085758.txt,Wed Dec 15 16:18:36 CET 2021,Not Finished, -pl ,1-00:00:02
/cluster/projects/nn9535k/farhad/2021/15dec/chromatic-number/main-script/job-generation/../../jobs/58085762.sh, ,14,../../inputs/ChromaticNumber_6,876,Error,1-00:00:00,DONE,16G, pw = 6,1,3948K,1,301,16 16:18:37 CET 2021,6,"slurmstepd: error: *** JOB 4660873 ON c3-47 CANCELLED AT 2021-12-16T16:18:37 DUE TO TIME LIMIT ***
",1,NN9535K,58085762,IsomorphismBreadthFirstSearch,4660873,/cluster/home/farhadvadiee/2021/15dec/chromatic-number/Build/./treewidzard -search   pw = 6  -pl    IsomorphismBreadthFirstSearch ../../inputs/ChromaticNumber_6.txt > /cluster/projects/nn9535k/farhad/2021/15dec/chromatic-number/main-script/job-generation/../../program-outputs/58085762.txt,Wed Dec 15 16:18:36 CET 2021,Not Finished, -pl ,1-00:00:02
/cluster/projects/nn9535k/farhad/2021/15dec/chromatic-number/main-script/job-generation/../../jobs/58085766.sh,-premise,14,../../inputs/ChromaticNumber_6,876,Error,1-00:00:00,DONE,16G, pw = 6,1,929032K,1,382233,16 16:18:39 CET 2021,6,"slurmstepd: error: *** JOB 4660874 ON c3-47 CANCELLED AT 2021-12-16T16:18:37 DUE TO TIME LIMIT ***
",1,NN9535K,58085766,BreadthFirstSearch,4660874,/cluster/home/farhadvadiee/2021/15dec/chromatic-number/Build/./treewidzard -search   pw = 6  -pl  -premise BreadthFirstSearch ../../inputs/ChromaticNumber_6.txt > /cluster/projects/nn9535k/farhad/2021/15dec/chromatic-number/main-script/job-generation/../../program-outputs/58085766.txt,Wed Dec 15 16:18:36 CET 2021,Not Finished, -pl ,1-00:00:02
/cluster/projects/nn9535k/farhad/2021/15dec/chromatic-number/main-script/job-generation/../../jobs/58085770.sh,-premise,14,../../inputs/ChromaticNumber_6,876,Error,1-00:00:00,DONE,16G, pw = 6,1,3940K,1,301,16 16:18:39 CET 2021,6,"slurmstepd: error: *** JOB 4660875 ON c3-47 CANCELLED AT 2021-12-16T16:18:37 DUE TO TIME LIMIT ***
",1,NN9535K,58085770,IsomorphismBreadthFirstSearch,4660875,/cluster/home/farhadvadiee/2021/15dec/chromatic-number/Build/./treewidzard -search   pw = 6  -pl  -premise IsomorphismBreadthFirstSearch ../../inputs/ChromaticNumber_6.txt > /cluster/projects/nn9535k/farhad/2021/15dec/chromatic-number/main-script/job-generation/../../program-outputs/58085770.txt,Wed Dec 15 16:18:36 CET 2021,Not Finished, -pl ,1-00:00:02
/cluster/projects/nn9535k/farhad/2021/15dec/chromatic-number/main-script/job-generation/../../jobs/58085774.sh, ,11,../../inputs/ChromaticNumber_6,4111,Error,1-00:00:00,DONE,32G, pw = 7,1,766548K,1,254972,16 16:18:39 CET 2021,6,"slurmstepd: error: *** JOB 4660876 ON c3-46 CANCELLED AT 2021-12-16T16:18:37 DUE TO TIME LIMIT ***
",1,NN9535K,58085774,BreadthFirstSearch,4660876,/cluster/home/farhadvadiee/2021/15dec/chromatic-number/Build/./treewidzard -search   pw = 7  -pl    BreadthFirstSearch ../../inputs/ChromaticNumber_6.txt > /cluster/projects/nn9535k/farhad/2021/15dec/chromatic-number/main-script/job-generation/../../program-outputs/58085774.txt,Wed Dec 15 16:18:36 CET 2021,Not Finished, -pl ,1-00:00:02
/cluster/projects/nn9535k/farhad/2021/15dec/chromatic-number/main-script/job-generation/../../jobs/58085778.sh, ,8,../../inputs/ChromaticNumber_6,4111,Error,1-00:00:00,DONE,32G, pw = 7,1,12772K,1,32,16 16:18:38 CET 2021,6,"slurmstepd: error: *** JOB 4660877 ON c3-46 CANCELLED AT 2021-12-16T16:18:37 DUE TO TIME LIMIT ***
",1,NN9535K,58085778,IsomorphismBreadthFirstSearch,4660877,/cluster/home/farhadvadiee/2021/15dec/chromatic-number/Build/./treewidzard -search   pw = 7  -pl    IsomorphismBreadthFirstSearch ../../inputs/ChromaticNumber_6.txt > /cluster/projects/nn9535k/farhad/2021/15dec/chromatic-number/main-script/job-generation/../../program-outputs/58085778.txt,Wed Dec 15 16:18:36 CET 2021,Not Finished, -pl ,1-00:00:02
/cluster/projects/nn9535k/farhad/2021/15dec/chromatic-number/main-script/job-generation/../../jobs/58085782.sh,-premise,11,../../inputs/ChromaticNumber_6,4111,Error,1-00:00:00,DONE,32G, pw = 7,1,766544K,1,254972,16 16:18:39 CET 2021,6,"slurmstepd: error: *** JOB 4660878 ON c3-46 CANCELLED AT 2021-12-16T16:18:37 DUE TO TIME LIMIT ***
",1,NN9535K,58085782,BreadthFirstSearch,4660878,/cluster/home/farhadvadiee/2021/15dec/chromatic-number/Build/./treewidzard -search   pw = 7  -pl  -premise BreadthFirstSearch ../../inputs/ChromaticNumber_6.txt > /cluster/projects/nn9535k/farhad/2021/15dec/chromatic-number/main-script/job-generation/../../program-outputs/58085782.txt,Wed Dec 15 16:18:36 CET 2021,Not Finished, -pl ,1-00:00:02
/cluster/projects/nn9535k/farhad/2021/15dec/chromatic-number/main-script/job-generation/../../jobs/58085786.sh,-premise,8,../../inputs/ChromaticNumber_6,4111,Error,1-00:00:00,DONE,32G, pw = 7,1,12772K,1,32,16 16:18:37 CET 2021,6,"slurmstepd: error: *** JOB 4660879 ON c3-46 CANCELLED AT 2021-12-16T16:18:37 DUE TO TIME LIMIT ***
",1,NN9535K,58085786,IsomorphismBreadthFirstSearch,4660879,/cluster/home/farhadvadiee/2021/15dec/chromatic-number/Build/./treewidzard -search   pw = 7  -pl  -premise IsomorphismBreadthFirstSearch ../../inputs/ChromaticNumber_6.txt > /cluster/projects/nn9535k/farhad/2021/15dec/chromatic-number/main-script/job-generation/../../program-outputs/58085786.txt,Wed Dec 15 16:18:36 CET 2021,Not Finished, -pl ,1-00:00:02
