mem-per-cpu,time,ChromaticNumber,Search Options,Flags,ntasks-per-node,max-witness-size,error-output,iteration,account,command,conjecture-status,finish, Search Type,error,all-states,width,elapsed,cpus-per-task,job-name,ntasks,start,input,max-rss,script-file,status,job-id
2G,14-00:00:00,1, , -pl -pdbgn ,1,1,,6,NN9535K,/cluster/home/farhadvadiee/2021/22dec/chromatic-number-iso-bfs/Build/./treewidzard -search   pw = 1  -pl -pdbgn    IsomorphismBreadthFirstSearch ../../inputs/ChromaticNumber_1.txt > /cluster/projects/nn9535k/farhad/2021/22dec/chromatic-number-iso-bfs-pw/main-script/job-generation/../../program-outputs/19317898.txt,"Conjecture: Satisfied
",22 18:15:18 CET 2021,IsomorphismBreadthFirstSearch,,6, pw = 1,00:00:01,1,19317898,1,Wed Dec 22 18:15:15 CET 2021,../../inputs/ChromaticNumber_1,0,/cluster/projects/nn9535k/farhad/2021/22dec/chromatic-number-iso-bfs-pw/main-script/job-generation/../../jobs/19317898.sh,DONE,4728322
2G,14-00:00:00,1,-premise, -pl -pdbgn ,1,1,,3,NN9535K,/cluster/home/farhadvadiee/2021/22dec/chromatic-number-iso-bfs/Build/./treewidzard -search   pw = 1  -pl -pdbgn  -premise IsomorphismBreadthFirstSearch ../../inputs/ChromaticNumber_1.txt > /cluster/projects/nn9535k/farhad/2021/22dec/chromatic-number-iso-bfs-pw/main-script/job-generation/../../program-outputs/19317903.txt,"Conjecture: Satisfied
",22 18:15:18 CET 2021,IsomorphismBreadthFirstSearch,,3, pw = 1,00:00:01,1,19317903,1,Wed Dec 22 18:15:15 CET 2021,../../inputs/ChromaticNumber_1,0,/cluster/projects/nn9535k/farhad/2021/22dec/chromatic-number-iso-bfs-pw/main-script/job-generation/../../jobs/19317903.sh,DONE,4728323
2G,14-00:00:00,1, , -pl -pdbgn ,1,1,,6,NN9535K,/cluster/home/farhadvadiee/2021/22dec/chromatic-number-iso-bfs/Build/./treewidzard -search   pw = 2  -pl -pdbgn    IsomorphismBreadthFirstSearch ../../inputs/ChromaticNumber_1.txt > /cluster/projects/nn9535k/farhad/2021/22dec/chromatic-number-iso-bfs-pw/main-script/job-generation/../../program-outputs/19317908.txt,"Conjecture: Satisfied
",22 18:15:18 CET 2021,IsomorphismBreadthFirstSearch,,8, pw = 2,00:00:01,1,19317908,1,Wed Dec 22 18:15:16 CET 2021,../../inputs/ChromaticNumber_1,0,/cluster/projects/nn9535k/farhad/2021/22dec/chromatic-number-iso-bfs-pw/main-script/job-generation/../../jobs/19317908.sh,DONE,4728324
2G,14-00:00:00,1,-premise, -pl -pdbgn ,1,1,,4,NN9535K,/cluster/home/farhadvadiee/2021/22dec/chromatic-number-iso-bfs/Build/./treewidzard -search   pw = 2  -pl -pdbgn  -premise IsomorphismBreadthFirstSearch ../../inputs/ChromaticNumber_1.txt > /cluster/projects/nn9535k/farhad/2021/22dec/chromatic-number-iso-bfs-pw/main-script/job-generation/../../program-outputs/19317913.txt,"Conjecture: Satisfied
",22 18:15:19 CET 2021,IsomorphismBreadthFirstSearch,,4, pw = 2,00:00:01,1,19317913,1,Wed Dec 22 18:15:16 CET 2021,../../inputs/ChromaticNumber_1,0,/cluster/projects/nn9535k/farhad/2021/22dec/chromatic-number-iso-bfs-pw/main-script/job-generation/../../jobs/19317913.sh,DONE,4728325
2G,14-00:00:00,1, , -pl -pdbgn ,1,1,,6,NN9535K,/cluster/home/farhadvadiee/2021/22dec/chromatic-number-iso-bfs/Build/./treewidzard -search   pw = 3  -pl -pdbgn    IsomorphismBreadthFirstSearch ../../inputs/ChromaticNumber_1.txt > /cluster/projects/nn9535k/farhad/2021/22dec/chromatic-number-iso-bfs-pw/main-script/job-generation/../../program-outputs/19317918.txt,"Conjecture: Satisfied
",22 18:15:19 CET 2021,IsomorphismBreadthFirstSearch,,10, pw = 3,00:00:02,1,19317918,1,Wed Dec 22 18:15:16 CET 2021,../../inputs/ChromaticNumber_1,0,/cluster/projects/nn9535k/farhad/2021/22dec/chromatic-number-iso-bfs-pw/main-script/job-generation/../../jobs/19317918.sh,DONE,4728326
2G,14-00:00:00,1,-premise, -pl -pdbgn ,1,1,,5,NN9535K,/cluster/home/farhadvadiee/2021/22dec/chromatic-number-iso-bfs/Build/./treewidzard -search   pw = 3  -pl -pdbgn  -premise IsomorphismBreadthFirstSearch ../../inputs/ChromaticNumber_1.txt > /cluster/projects/nn9535k/farhad/2021/22dec/chromatic-number-iso-bfs-pw/main-script/job-generation/../../program-outputs/19317923.txt,"Conjecture: Satisfied
",22 18:15:23 CET 2021,IsomorphismBreadthFirstSearch,,5, pw = 3,00:00:04,1,19317923,1,Wed Dec 22 18:15:16 CET 2021,../../inputs/ChromaticNumber_1,0,/cluster/projects/nn9535k/farhad/2021/22dec/chromatic-number-iso-bfs-pw/main-script/job-generation/../../jobs/19317923.sh,DONE,4728327
2G,14-00:00:00,1, , -pl -pdbgn ,1,1,,7,NN9535K,/cluster/home/farhadvadiee/2021/22dec/chromatic-number-iso-bfs/Build/./treewidzard -search   pw = 4  -pl -pdbgn    IsomorphismBreadthFirstSearch ../../inputs/ChromaticNumber_1.txt > /cluster/projects/nn9535k/farhad/2021/22dec/chromatic-number-iso-bfs-pw/main-script/job-generation/../../program-outputs/19317928.txt,"Conjecture: Satisfied
",22 18:15:22 CET 2021,IsomorphismBreadthFirstSearch,,12, pw = 4,00:00:05,1,19317928,1,Wed Dec 22 18:15:16 CET 2021,../../inputs/ChromaticNumber_1,0,/cluster/projects/nn9535k/farhad/2021/22dec/chromatic-number-iso-bfs-pw/main-script/job-generation/../../jobs/19317928.sh,DONE,4728328
2G,14-00:00:00,1,-premise, -pl -pdbgn ,1,1,,6,NN9535K,/cluster/home/farhadvadiee/2021/22dec/chromatic-number-iso-bfs/Build/./treewidzard -search   pw = 4  -pl -pdbgn  -premise IsomorphismBreadthFirstSearch ../../inputs/ChromaticNumber_1.txt > /cluster/projects/nn9535k/farhad/2021/22dec/chromatic-number-iso-bfs-pw/main-script/job-generation/../../program-outputs/19317933.txt,"Conjecture: Satisfied
",22 18:15:23 CET 2021,IsomorphismBreadthFirstSearch,,6, pw = 4,00:00:05,1,19317933,1,Wed Dec 22 18:15:16 CET 2021,../../inputs/ChromaticNumber_1,0,/cluster/projects/nn9535k/farhad/2021/22dec/chromatic-number-iso-bfs-pw/main-script/job-generation/../../jobs/19317933.sh,DONE,4728329
2G,14-00:00:00,1, , -pl -pdbgn ,1,1,,8,NN9535K,/cluster/home/farhadvadiee/2021/22dec/chromatic-number-iso-bfs/Build/./treewidzard -search   pw = 5  -pl -pdbgn    IsomorphismBreadthFirstSearch ../../inputs/ChromaticNumber_1.txt > /cluster/projects/nn9535k/farhad/2021/22dec/chromatic-number-iso-bfs-pw/main-script/job-generation/../../program-outputs/19317938.txt,"Conjecture: Satisfied
",22 18:15:22 CET 2021,IsomorphismBreadthFirstSearch,,14, pw = 5,00:00:04,1,19317938,1,Wed Dec 22 18:15:16 CET 2021,../../inputs/ChromaticNumber_1,0,/cluster/projects/nn9535k/farhad/2021/22dec/chromatic-number-iso-bfs-pw/main-script/job-generation/../../jobs/19317938.sh,DONE,4728330
2G,14-00:00:00,1,-premise, -pl -pdbgn ,1,1,,7,NN9535K,/cluster/home/farhadvadiee/2021/22dec/chromatic-number-iso-bfs/Build/./treewidzard -search   pw = 5  -pl -pdbgn  -premise IsomorphismBreadthFirstSearch ../../inputs/ChromaticNumber_1.txt > /cluster/projects/nn9535k/farhad/2021/22dec/chromatic-number-iso-bfs-pw/main-script/job-generation/../../program-outputs/19317943.txt,"Conjecture: Satisfied
",22 18:15:22 CET 2021,IsomorphismBreadthFirstSearch,,7, pw = 5,00:00:04,1,19317943,1,Wed Dec 22 18:15:16 CET 2021,../../inputs/ChromaticNumber_1,0,/cluster/projects/nn9535k/farhad/2021/22dec/chromatic-number-iso-bfs-pw/main-script/job-generation/../../jobs/19317943.sh,DONE,4728331
2G,14-00:00:00,1, , -pl -pdbgn ,1,1,,9,NN9535K,/cluster/home/farhadvadiee/2021/22dec/chromatic-number-iso-bfs/Build/./treewidzard -search   pw = 6  -pl -pdbgn    IsomorphismBreadthFirstSearch ../../inputs/ChromaticNumber_1.txt > /cluster/projects/nn9535k/farhad/2021/22dec/chromatic-number-iso-bfs-pw/main-script/job-generation/../../program-outputs/19317947.txt,"Conjecture: Satisfied
",22 18:15:23 CET 2021,IsomorphismBreadthFirstSearch,,16, pw = 6,00:00:06,1,19317947,1,Wed Dec 22 18:15:16 CET 2021,../../inputs/ChromaticNumber_1,0,/cluster/projects/nn9535k/farhad/2021/22dec/chromatic-number-iso-bfs-pw/main-script/job-generation/../../jobs/19317947.sh,DONE,4728332
2G,14-00:00:00,1,-premise, -pl -pdbgn ,1,1,,8,NN9535K,/cluster/home/farhadvadiee/2021/22dec/chromatic-number-iso-bfs/Build/./treewidzard -search   pw = 6  -pl -pdbgn  -premise IsomorphismBreadthFirstSearch ../../inputs/ChromaticNumber_1.txt > /cluster/projects/nn9535k/farhad/2021/22dec/chromatic-number-iso-bfs-pw/main-script/job-generation/../../program-outputs/19317952.txt,"Conjecture: Satisfied
",22 18:15:23 CET 2021,IsomorphismBreadthFirstSearch,,8, pw = 6,00:00:06,1,19317952,1,Wed Dec 22 18:15:16 CET 2021,../../inputs/ChromaticNumber_1,0,/cluster/projects/nn9535k/farhad/2021/22dec/chromatic-number-iso-bfs-pw/main-script/job-generation/../../jobs/19317952.sh,DONE,4728333
2G,14-00:00:00,1, , -pl -pdbgn ,1,1,,10,NN9535K,/cluster/home/farhadvadiee/2021/22dec/chromatic-number-iso-bfs/Build/./treewidzard -search   pw = 7  -pl -pdbgn    IsomorphismBreadthFirstSearch ../../inputs/ChromaticNumber_1.txt > /cluster/projects/nn9535k/farhad/2021/22dec/chromatic-number-iso-bfs-pw/main-script/job-generation/../../program-outputs/19317957.txt,"Conjecture: Satisfied
",22 18:15:49 CET 2021,IsomorphismBreadthFirstSearch,,18, pw = 7,00:00:33,1,19317957,1,Wed Dec 22 18:15:16 CET 2021,../../inputs/ChromaticNumber_1,0,/cluster/projects/nn9535k/farhad/2021/22dec/chromatic-number-iso-bfs-pw/main-script/job-generation/../../jobs/19317957.sh,DONE,4728334
2G,14-00:00:00,1,-premise, -pl -pdbgn ,1,1,,9,NN9535K,/cluster/home/farhadvadiee/2021/22dec/chromatic-number-iso-bfs/Build/./treewidzard -search   pw = 7  -pl -pdbgn  -premise IsomorphismBreadthFirstSearch ../../inputs/ChromaticNumber_1.txt > /cluster/projects/nn9535k/farhad/2021/22dec/chromatic-number-iso-bfs-pw/main-script/job-generation/../../program-outputs/19317962.txt,"Conjecture: Satisfied
",22 18:15:35 CET 2021,IsomorphismBreadthFirstSearch,,9, pw = 7,00:00:19,1,19317962,1,Wed Dec 22 18:15:16 CET 2021,../../inputs/ChromaticNumber_1,0,/cluster/projects/nn9535k/farhad/2021/22dec/chromatic-number-iso-bfs-pw/main-script/job-generation/../../jobs/19317962.sh,DONE,4728335
2G,14-00:00:00,2, , -pl -pdbgn ,1,2,,4,NN9535K,/cluster/home/farhadvadiee/2021/22dec/chromatic-number-iso-bfs/Build/./treewidzard -search   pw = 1  -pl -pdbgn    IsomorphismBreadthFirstSearch ../../inputs/ChromaticNumber_2.txt > /cluster/projects/nn9535k/farhad/2021/22dec/chromatic-number-iso-bfs-pw/main-script/job-generation/../../program-outputs/19317967.txt,"Conjecture: Satisfied
",22 18:15:21 CET 2021,IsomorphismBreadthFirstSearch,,4, pw = 1,00:00:05,1,19317967,1,Wed Dec 22 18:15:16 CET 2021,../../inputs/ChromaticNumber_2,0,/cluster/projects/nn9535k/farhad/2021/22dec/chromatic-number-iso-bfs-pw/main-script/job-generation/../../jobs/19317967.sh,DONE,4728336
2G,14-00:00:00,2,-premise, -pl -pdbgn ,1,2,,4,NN9535K,/cluster/home/farhadvadiee/2021/22dec/chromatic-number-iso-bfs/Build/./treewidzard -search   pw = 1  -pl -pdbgn  -premise IsomorphismBreadthFirstSearch ../../inputs/ChromaticNumber_2.txt > /cluster/projects/nn9535k/farhad/2021/22dec/chromatic-number-iso-bfs-pw/main-script/job-generation/../../program-outputs/19317975.txt,"Conjecture: Satisfied
",22 18:15:21 CET 2021,IsomorphismBreadthFirstSearch,,4, pw = 1,00:00:04,1,19317975,1,Wed Dec 22 18:15:16 CET 2021,../../inputs/ChromaticNumber_2,0,/cluster/projects/nn9535k/farhad/2021/22dec/chromatic-number-iso-bfs-pw/main-script/job-generation/../../jobs/19317975.sh,DONE,4728337
2G,14-00:00:00,2, , -pl -pdbgn ,1,4,,10,NN9535K,/cluster/home/farhadvadiee/2021/22dec/chromatic-number-iso-bfs/Build/./treewidzard -search   pw = 2  -pl -pdbgn    IsomorphismBreadthFirstSearch ../../inputs/ChromaticNumber_2.txt > /cluster/projects/nn9535k/farhad/2021/22dec/chromatic-number-iso-bfs-pw/main-script/job-generation/../../program-outputs/19317980.txt,"Conjecture: Satisfied
",22 18:15:22 CET 2021,IsomorphismBreadthFirstSearch,,13, pw = 2,00:00:04,1,19317980,1,Wed Dec 22 18:15:17 CET 2021,../../inputs/ChromaticNumber_2,0,/cluster/projects/nn9535k/farhad/2021/22dec/chromatic-number-iso-bfs-pw/main-script/job-generation/../../jobs/19317980.sh,DONE,4728338
2G,14-00:00:00,2,-premise, -pl -pdbgn ,1,4,,8,NN9535K,/cluster/home/farhadvadiee/2021/22dec/chromatic-number-iso-bfs/Build/./treewidzard -search   pw = 2  -pl -pdbgn  -premise IsomorphismBreadthFirstSearch ../../inputs/ChromaticNumber_2.txt > /cluster/projects/nn9535k/farhad/2021/22dec/chromatic-number-iso-bfs-pw/main-script/job-generation/../../program-outputs/19317984.txt,"Conjecture: Satisfied
",22 18:15:21 CET 2021,IsomorphismBreadthFirstSearch,,9, pw = 2,00:00:05,1,19317984,1,Wed Dec 22 18:15:17 CET 2021,../../inputs/ChromaticNumber_2,0,/cluster/projects/nn9535k/farhad/2021/22dec/chromatic-number-iso-bfs-pw/main-script/job-generation/../../jobs/19317984.sh,DONE,4728339
2G,14-00:00:00,2, , -pl -pdbgn ,1,8,,10,NN9535K,/cluster/home/farhadvadiee/2021/22dec/chromatic-number-iso-bfs/Build/./treewidzard -search   pw = 3  -pl -pdbgn    IsomorphismBreadthFirstSearch ../../inputs/ChromaticNumber_2.txt > /cluster/projects/nn9535k/farhad/2021/22dec/chromatic-number-iso-bfs-pw/main-script/job-generation/../../program-outputs/19317989.txt,"Conjecture: Satisfied
",22 18:15:21 CET 2021,IsomorphismBreadthFirstSearch,,24, pw = 3,00:00:05,1,19317989,1,Wed Dec 22 18:15:17 CET 2021,../../inputs/ChromaticNumber_2,0,/cluster/projects/nn9535k/farhad/2021/22dec/chromatic-number-iso-bfs-pw/main-script/job-generation/../../jobs/19317989.sh,DONE,4728340
2G,14-00:00:00,2,-premise, -pl -pdbgn ,1,8,,10,NN9535K,/cluster/home/farhadvadiee/2021/22dec/chromatic-number-iso-bfs/Build/./treewidzard -search   pw = 3  -pl -pdbgn  -premise IsomorphismBreadthFirstSearch ../../inputs/ChromaticNumber_2.txt > /cluster/projects/nn9535k/farhad/2021/22dec/chromatic-number-iso-bfs-pw/main-script/job-generation/../../program-outputs/19317994.txt,"Conjecture: Satisfied
",22 18:15:22 CET 2021,IsomorphismBreadthFirstSearch,,19, pw = 3,00:00:04,1,19317994,1,Wed Dec 22 18:15:17 CET 2021,../../inputs/ChromaticNumber_2,0,/cluster/projects/nn9535k/farhad/2021/22dec/chromatic-number-iso-bfs-pw/main-script/job-generation/../../jobs/19317994.sh,DONE,4728341
2G,14-00:00:00,2, , -pl -pdbgn ,1,16,,14,NN9535K,/cluster/home/farhadvadiee/2021/22dec/chromatic-number-iso-bfs/Build/./treewidzard -search   pw = 4  -pl -pdbgn    IsomorphismBreadthFirstSearch ../../inputs/ChromaticNumber_2.txt > /cluster/projects/nn9535k/farhad/2021/22dec/chromatic-number-iso-bfs-pw/main-script/job-generation/../../program-outputs/19317999.txt,"Conjecture: Satisfied
",22 18:15:21 CET 2021,IsomorphismBreadthFirstSearch,,43, pw = 4,00:00:05,1,19317999,1,Wed Dec 22 18:15:17 CET 2021,../../inputs/ChromaticNumber_2,0,/cluster/projects/nn9535k/farhad/2021/22dec/chromatic-number-iso-bfs-pw/main-script/job-generation/../../jobs/19317999.sh,DONE,4728342
2G,14-00:00:00,2,-premise, -pl -pdbgn ,1,16,,14,NN9535K,/cluster/home/farhadvadiee/2021/22dec/chromatic-number-iso-bfs/Build/./treewidzard -search   pw = 4  -pl -pdbgn  -premise IsomorphismBreadthFirstSearch ../../inputs/ChromaticNumber_2.txt > /cluster/projects/nn9535k/farhad/2021/22dec/chromatic-number-iso-bfs-pw/main-script/job-generation/../../program-outputs/19318004.txt,"Conjecture: Satisfied
",22 18:15:23 CET 2021,IsomorphismBreadthFirstSearch,,37, pw = 4,00:00:05,1,19318004,1,Wed Dec 22 18:15:17 CET 2021,../../inputs/ChromaticNumber_2,0,/cluster/projects/nn9535k/farhad/2021/22dec/chromatic-number-iso-bfs-pw/main-script/job-generation/../../jobs/19318004.sh,DONE,4728343
2G,14-00:00:00,2, , -pl -pdbgn ,1,32,,16,NN9535K,/cluster/home/farhadvadiee/2021/22dec/chromatic-number-iso-bfs/Build/./treewidzard -search   pw = 5  -pl -pdbgn    IsomorphismBreadthFirstSearch ../../inputs/ChromaticNumber_2.txt > /cluster/projects/nn9535k/farhad/2021/22dec/chromatic-number-iso-bfs-pw/main-script/job-generation/../../program-outputs/19318009.txt,"Conjecture: Satisfied
",22 18:15:48 CET 2021,IsomorphismBreadthFirstSearch,,77, pw = 5,00:00:33,1,19318009,1,Wed Dec 22 18:15:17 CET 2021,../../inputs/ChromaticNumber_2,0,/cluster/projects/nn9535k/farhad/2021/22dec/chromatic-number-iso-bfs-pw/main-script/job-generation/../../jobs/19318009.sh,DONE,4728344
2G,14-00:00:00,2,-premise, -pl -pdbgn ,1,32,,16,NN9535K,/cluster/home/farhadvadiee/2021/22dec/chromatic-number-iso-bfs/Build/./treewidzard -search   pw = 5  -pl -pdbgn  -premise IsomorphismBreadthFirstSearch ../../inputs/ChromaticNumber_2.txt > /cluster/projects/nn9535k/farhad/2021/22dec/chromatic-number-iso-bfs-pw/main-script/job-generation/../../program-outputs/19318013.txt,"Conjecture: Satisfied
",22 18:15:49 CET 2021,IsomorphismBreadthFirstSearch,,70, pw = 5,00:00:33,1,19318013,1,Wed Dec 22 18:15:17 CET 2021,../../inputs/ChromaticNumber_2,0,/cluster/projects/nn9535k/farhad/2021/22dec/chromatic-number-iso-bfs-pw/main-script/job-generation/../../jobs/19318013.sh,DONE,4728345
2G,14-00:00:00,2, , -pl -pdbgn ,1,64,,20,NN9535K,/cluster/home/farhadvadiee/2021/22dec/chromatic-number-iso-bfs/Build/./treewidzard -search   pw = 6  -pl -pdbgn    IsomorphismBreadthFirstSearch ../../inputs/ChromaticNumber_2.txt > /cluster/projects/nn9535k/farhad/2021/22dec/chromatic-number-iso-bfs-pw/main-script/job-generation/../../program-outputs/19318018.txt,"Conjecture: Satisfied
",22 18:26:49 CET 2021,IsomorphismBreadthFirstSearch,,135, pw = 6,00:11:34,1,19318018,1,Wed Dec 22 18:15:17 CET 2021,../../inputs/ChromaticNumber_2,1428K,/cluster/projects/nn9535k/farhad/2021/22dec/chromatic-number-iso-bfs-pw/main-script/job-generation/../../jobs/19318018.sh,DONE,4728346
2G,14-00:00:00,2,-premise, -pl -pdbgn ,1,64,,20,NN9535K,/cluster/home/farhadvadiee/2021/22dec/chromatic-number-iso-bfs/Build/./treewidzard -search   pw = 6  -pl -pdbgn  -premise IsomorphismBreadthFirstSearch ../../inputs/ChromaticNumber_2.txt > /cluster/projects/nn9535k/farhad/2021/22dec/chromatic-number-iso-bfs-pw/main-script/job-generation/../../program-outputs/19318023.txt,"Conjecture: Satisfied
",22 18:26:43 CET 2021,IsomorphismBreadthFirstSearch,,127, pw = 6,00:11:27,1,19318023,1,Wed Dec 22 18:15:17 CET 2021,../../inputs/ChromaticNumber_2,1424K,/cluster/projects/nn9535k/farhad/2021/22dec/chromatic-number-iso-bfs-pw/main-script/job-generation/../../jobs/19318023.sh,DONE,4728347
2G,14-00:00:00,2, , -pl -pdbgn ,1,128,,22,NN9535K,/cluster/home/farhadvadiee/2021/22dec/chromatic-number-iso-bfs/Build/./treewidzard -search   pw = 7  -pl -pdbgn    IsomorphismBreadthFirstSearch ../../inputs/ChromaticNumber_2.txt > /cluster/projects/nn9535k/farhad/2021/22dec/chromatic-number-iso-bfs-pw/main-script/job-generation/../../program-outputs/19318028.txt,"Conjecture: Satisfied
",22 23:41:42 CET 2021,IsomorphismBreadthFirstSearch,,235, pw = 7,05:26:26,1,19318028,1,Wed Dec 22 18:15:17 CET 2021,../../inputs/ChromaticNumber_2,1996K,/cluster/projects/nn9535k/farhad/2021/22dec/chromatic-number-iso-bfs-pw/main-script/job-generation/../../jobs/19318028.sh,DONE,4728348
2G,14-00:00:00,2,-premise, -pl -pdbgn ,1,128,,22,NN9535K,/cluster/home/farhadvadiee/2021/22dec/chromatic-number-iso-bfs/Build/./treewidzard -search   pw = 7  -pl -pdbgn  -premise IsomorphismBreadthFirstSearch ../../inputs/ChromaticNumber_2.txt > /cluster/projects/nn9535k/farhad/2021/22dec/chromatic-number-iso-bfs-pw/main-script/job-generation/../../program-outputs/19318033.txt,"Conjecture: Satisfied
",22 23:42:01 CET 2021,IsomorphismBreadthFirstSearch,,226, pw = 7,05:26:46,1,19318033,1,Wed Dec 22 18:15:18 CET 2021,../../inputs/ChromaticNumber_2,1992K,/cluster/projects/nn9535k/farhad/2021/22dec/chromatic-number-iso-bfs-pw/main-script/job-generation/../../jobs/19318033.sh,DONE,4728349
2G,14-00:00:00,3, , -pl -pdbgn ,1,2,,4,NN9535K,/cluster/home/farhadvadiee/2021/22dec/chromatic-number-iso-bfs/Build/./treewidzard -search   pw = 1  -pl -pdbgn    IsomorphismBreadthFirstSearch ../../inputs/ChromaticNumber_3.txt > /cluster/projects/nn9535k/farhad/2021/22dec/chromatic-number-iso-bfs-pw/main-script/job-generation/../../program-outputs/19318038.txt,"Conjecture: Satisfied
",22 18:15:17 CET 2021,IsomorphismBreadthFirstSearch,,4, pw = 1,00:00:01,1,19318038,1,Wed Dec 22 18:15:16 CET 2021,../../inputs/ChromaticNumber_3,0,/cluster/projects/nn9535k/farhad/2021/22dec/chromatic-number-iso-bfs-pw/main-script/job-generation/../../jobs/19318038.sh,DONE,4728350
2G,14-00:00:00,3,-premise, -pl -pdbgn ,1,2,,4,NN9535K,/cluster/home/farhadvadiee/2021/22dec/chromatic-number-iso-bfs/Build/./treewidzard -search   pw = 1  -pl -pdbgn  -premise IsomorphismBreadthFirstSearch ../../inputs/ChromaticNumber_3.txt > /cluster/projects/nn9535k/farhad/2021/22dec/chromatic-number-iso-bfs-pw/main-script/job-generation/../../program-outputs/19318042.txt,"Conjecture: Satisfied
",22 18:15:18 CET 2021,IsomorphismBreadthFirstSearch,,4, pw = 1,00:00:01,1,19318042,1,Wed Dec 22 18:15:16 CET 2021,../../inputs/ChromaticNumber_3,0,/cluster/projects/nn9535k/farhad/2021/22dec/chromatic-number-iso-bfs-pw/main-script/job-generation/../../jobs/19318042.sh,DONE,4728351
2G,14-00:00:00,3, , -pl -pdbgn ,1,5,,7,NN9535K,/cluster/home/farhadvadiee/2021/22dec/chromatic-number-iso-bfs/Build/./treewidzard -search   pw = 2  -pl -pdbgn    IsomorphismBreadthFirstSearch ../../inputs/ChromaticNumber_3.txt > /cluster/projects/nn9535k/farhad/2021/22dec/chromatic-number-iso-bfs-pw/main-script/job-generation/../../program-outputs/19318047.txt,"Conjecture: Satisfied
",22 18:15:18 CET 2021,IsomorphismBreadthFirstSearch,,8, pw = 2,00:00:01,1,19318047,1,Wed Dec 22 18:15:16 CET 2021,../../inputs/ChromaticNumber_3,0,/cluster/projects/nn9535k/farhad/2021/22dec/chromatic-number-iso-bfs-pw/main-script/job-generation/../../jobs/19318047.sh,DONE,4728352
2G,14-00:00:00,3,-premise, -pl -pdbgn ,1,5,,7,NN9535K,/cluster/home/farhadvadiee/2021/22dec/chromatic-number-iso-bfs/Build/./treewidzard -search   pw = 2  -pl -pdbgn  -premise IsomorphismBreadthFirstSearch ../../inputs/ChromaticNumber_3.txt > /cluster/projects/nn9535k/farhad/2021/22dec/chromatic-number-iso-bfs-pw/main-script/job-generation/../../program-outputs/19318052.txt,"Conjecture: Satisfied
",22 18:15:17 CET 2021,IsomorphismBreadthFirstSearch,,8, pw = 2,00:00:02,1,19318052,1,Wed Dec 22 18:15:16 CET 2021,../../inputs/ChromaticNumber_3,0,/cluster/projects/nn9535k/farhad/2021/22dec/chromatic-number-iso-bfs-pw/main-script/job-generation/../../jobs/19318052.sh,DONE,4728353
2G,14-00:00:00,3, , -pl -pdbgn ,1,14,,24,NN9535K,/cluster/home/farhadvadiee/2021/22dec/chromatic-number-iso-bfs/Build/./treewidzard -search   pw = 3  -pl -pdbgn    IsomorphismBreadthFirstSearch ../../inputs/ChromaticNumber_3.txt > /cluster/projects/nn9535k/farhad/2021/22dec/chromatic-number-iso-bfs-pw/main-script/job-generation/../../program-outputs/19318057.txt,"Conjecture: Satisfied
",22 18:15:18 CET 2021,IsomorphismBreadthFirstSearch,,61, pw = 3,00:00:02,1,19318057,1,Wed Dec 22 18:15:16 CET 2021,../../inputs/ChromaticNumber_3,0,/cluster/projects/nn9535k/farhad/2021/22dec/chromatic-number-iso-bfs-pw/main-script/job-generation/../../jobs/19318057.sh,DONE,4728354
2G,14-00:00:00,3,-premise, -pl -pdbgn ,1,14,,24,NN9535K,/cluster/home/farhadvadiee/2021/22dec/chromatic-number-iso-bfs/Build/./treewidzard -search   pw = 3  -pl -pdbgn  -premise IsomorphismBreadthFirstSearch ../../inputs/ChromaticNumber_3.txt > /cluster/projects/nn9535k/farhad/2021/22dec/chromatic-number-iso-bfs-pw/main-script/job-generation/../../program-outputs/19318061.txt,"Conjecture: Satisfied
",22 18:15:19 CET 2021,IsomorphismBreadthFirstSearch,,56, pw = 3,00:00:02,1,19318061,1,Wed Dec 22 18:15:16 CET 2021,../../inputs/ChromaticNumber_3,0,/cluster/projects/nn9535k/farhad/2021/22dec/chromatic-number-iso-bfs-pw/main-script/job-generation/../../jobs/19318061.sh,DONE,4728355
2G,14-00:00:00,3, , -pl -pdbgn ,1,41,,65,NN9535K,/cluster/home/farhadvadiee/2021/22dec/chromatic-number-iso-bfs/Build/./treewidzard -search   pw = 4  -pl -pdbgn    IsomorphismBreadthFirstSearch ../../inputs/ChromaticNumber_3.txt > /cluster/projects/nn9535k/farhad/2021/22dec/chromatic-number-iso-bfs-pw/main-script/job-generation/../../program-outputs/19318066.txt,"Conjecture: Satisfied
",22 18:33:41 CET 2021,IsomorphismBreadthFirstSearch,,5220, pw = 4,00:18:26,1,19318066,1,Wed Dec 22 18:15:16 CET 2021,../../inputs/ChromaticNumber_3,5472K,/cluster/projects/nn9535k/farhad/2021/22dec/chromatic-number-iso-bfs-pw/main-script/job-generation/../../jobs/19318066.sh,DONE,4728356
2G,14-00:00:00,3,-premise, -pl -pdbgn ,1,41,,65,NN9535K,/cluster/home/farhadvadiee/2021/22dec/chromatic-number-iso-bfs/Build/./treewidzard -search   pw = 4  -pl -pdbgn  -premise IsomorphismBreadthFirstSearch ../../inputs/ChromaticNumber_3.txt > /cluster/projects/nn9535k/farhad/2021/22dec/chromatic-number-iso-bfs-pw/main-script/job-generation/../../program-outputs/19318071.txt,"Conjecture: Satisfied
",22 18:33:58 CET 2021,IsomorphismBreadthFirstSearch,,5214, pw = 4,00:18:43,1,19318071,1,Wed Dec 22 18:15:16 CET 2021,../../inputs/ChromaticNumber_3,5508K,/cluster/projects/nn9535k/farhad/2021/22dec/chromatic-number-iso-bfs-pw/main-script/job-generation/../../jobs/19318071.sh,DONE,4728357
2G,14-00:00:00,3, , -pl -pdbgn ,1,122,Error,32,NN9535K,/cluster/home/farhadvadiee/2021/22dec/chromatic-number-iso-bfs/Build/./treewidzard -search   pw = 5  -pl -pdbgn    IsomorphismBreadthFirstSearch ../../inputs/ChromaticNumber_3.txt > /cluster/projects/nn9535k/farhad/2021/22dec/chromatic-number-iso-bfs-pw/main-script/job-generation/../../program-outputs/19318076.txt,Not Finished,5 18:53:52 CET 2022,IsomorphismBreadthFirstSearch,"slurmstepd: error: *** JOB 4728358 ON c3-54 CANCELLED AT 2022-01-05T18:53:49 DUE TO TIME LIMIT ***
",474443, pw = 5,14-00:00:0,1,19318076,1,Wed Dec 22 18:15:16 CET 2021,../../inputs/ChromaticNumber_3,471036K,/cluster/projects/nn9535k/farhad/2021/22dec/chromatic-number-iso-bfs-pw/main-script/job-generation/../../jobs/19318076.sh,DONE,4728358
2G,14-00:00:00,3,-premise, -pl -pdbgn ,1,122,Error,32,NN9535K,/cluster/home/farhadvadiee/2021/22dec/chromatic-number-iso-bfs/Build/./treewidzard -search   pw = 5  -pl -pdbgn  -premise IsomorphismBreadthFirstSearch ../../inputs/ChromaticNumber_3.txt > /cluster/projects/nn9535k/farhad/2021/22dec/chromatic-number-iso-bfs-pw/main-script/job-generation/../../program-outputs/19318080.txt,Not Finished,5 18:53:52 CET 2022,IsomorphismBreadthFirstSearch,"slurmstepd: error: *** JOB 4728359 ON c3-54 CANCELLED AT 2022-01-05T18:53:49 DUE TO TIME LIMIT ***
",474436, pw = 5,14-00:00:0,1,19318080,1,Wed Dec 22 18:15:16 CET 2021,../../inputs/ChromaticNumber_3,474032K,/cluster/projects/nn9535k/farhad/2021/22dec/chromatic-number-iso-bfs-pw/main-script/job-generation/../../jobs/19318080.sh,DONE,4728359
2G,14-00:00:00,3, , -pl -pdbgn ,1,365,Error,22,NN9535K,/cluster/home/farhadvadiee/2021/22dec/chromatic-number-iso-bfs/Build/./treewidzard -search   pw = 6  -pl -pdbgn    IsomorphismBreadthFirstSearch ../../inputs/ChromaticNumber_3.txt > /cluster/projects/nn9535k/farhad/2021/22dec/chromatic-number-iso-bfs-pw/main-script/job-generation/../../program-outputs/19318085.txt,Not Finished,5 18:53:52 CET 2022,IsomorphismBreadthFirstSearch,"slurmstepd: error: *** JOB 4728360 ON c3-54 CANCELLED AT 2022-01-05T18:53:49 DUE TO TIME LIMIT ***
",24238, pw = 6,14-00:00:0,1,19318085,1,Wed Dec 22 18:15:16 CET 2021,../../inputs/ChromaticNumber_3,43940K,/cluster/projects/nn9535k/farhad/2021/22dec/chromatic-number-iso-bfs-pw/main-script/job-generation/../../jobs/19318085.sh,DONE,4728360
2G,14-00:00:00,3,-premise, -pl -pdbgn ,1,365,Error,22,NN9535K,/cluster/home/farhadvadiee/2021/22dec/chromatic-number-iso-bfs/Build/./treewidzard -search   pw = 6  -pl -pdbgn  -premise IsomorphismBreadthFirstSearch ../../inputs/ChromaticNumber_3.txt > /cluster/projects/nn9535k/farhad/2021/22dec/chromatic-number-iso-bfs-pw/main-script/job-generation/../../program-outputs/19318090.txt,Not Finished,5 18:53:51 CET 2022,IsomorphismBreadthFirstSearch,"slurmstepd: error: *** JOB 4728361 ON c3-54 CANCELLED AT 2022-01-05T18:53:49 DUE TO TIME LIMIT ***
",24230, pw = 6,14-00:00:0,1,19318090,1,Wed Dec 22 18:15:16 CET 2021,../../inputs/ChromaticNumber_3,43932K,/cluster/projects/nn9535k/farhad/2021/22dec/chromatic-number-iso-bfs-pw/main-script/job-generation/../../jobs/19318090.sh,DONE,4728361
2G,14-00:00:00,3, , -pl -pdbgn ,1,1094,Error,16,NN9535K,/cluster/home/farhadvadiee/2021/22dec/chromatic-number-iso-bfs/Build/./treewidzard -search   pw = 7  -pl -pdbgn    IsomorphismBreadthFirstSearch ../../inputs/ChromaticNumber_3.txt > /cluster/projects/nn9535k/farhad/2021/22dec/chromatic-number-iso-bfs-pw/main-script/job-generation/../../program-outputs/19318094.txt,Not Finished,5 18:53:52 CET 2022,IsomorphismBreadthFirstSearch,"slurmstepd: error: *** JOB 4728362 ON c3-54 CANCELLED AT 2022-01-05T18:53:49 DUE TO TIME LIMIT ***
",1632, pw = 7,14-00:00:0,1,19318094,1,Wed Dec 22 18:15:16 CET 2021,../../inputs/ChromaticNumber_3,8428K,/cluster/projects/nn9535k/farhad/2021/22dec/chromatic-number-iso-bfs-pw/main-script/job-generation/../../jobs/19318094.sh,DONE,4728362
2G,14-00:00:00,3,-premise, -pl -pdbgn ,1,1094,Error,16,NN9535K,/cluster/home/farhadvadiee/2021/22dec/chromatic-number-iso-bfs/Build/./treewidzard -search   pw = 7  -pl -pdbgn  -premise IsomorphismBreadthFirstSearch ../../inputs/ChromaticNumber_3.txt > /cluster/projects/nn9535k/farhad/2021/22dec/chromatic-number-iso-bfs-pw/main-script/job-generation/../../program-outputs/19318099.txt,Not Finished,5 18:53:52 CET 2022,IsomorphismBreadthFirstSearch,"slurmstepd: error: *** JOB 4728363 ON c3-54 CANCELLED AT 2022-01-05T18:53:49 DUE TO TIME LIMIT ***
",1623, pw = 7,14-00:00:0,1,19318099,1,Wed Dec 22 18:15:16 CET 2021,../../inputs/ChromaticNumber_3,8424K,/cluster/projects/nn9535k/farhad/2021/22dec/chromatic-number-iso-bfs-pw/main-script/job-generation/../../jobs/19318099.sh,DONE,4728363
2G,14-00:00:00,4, , -pl -pdbgn ,1,2,,4,NN9535K,/cluster/home/farhadvadiee/2021/22dec/chromatic-number-iso-bfs/Build/./treewidzard -search   pw = 1  -pl -pdbgn    IsomorphismBreadthFirstSearch ../../inputs/ChromaticNumber_4.txt > /cluster/projects/nn9535k/farhad/2021/22dec/chromatic-number-iso-bfs-pw/main-script/job-generation/../../program-outputs/19318104.txt,"Conjecture: Satisfied
",22 18:15:19 CET 2021,IsomorphismBreadthFirstSearch,,4, pw = 1,00:00:02,1,19318104,1,Wed Dec 22 18:15:16 CET 2021,../../inputs/ChromaticNumber_4,0,/cluster/projects/nn9535k/farhad/2021/22dec/chromatic-number-iso-bfs-pw/main-script/job-generation/../../jobs/19318104.sh,DONE,4728364
2G,14-00:00:00,4,-premise, -pl -pdbgn ,1,2,,4,NN9535K,/cluster/home/farhadvadiee/2021/22dec/chromatic-number-iso-bfs/Build/./treewidzard -search   pw = 1  -pl -pdbgn  -premise IsomorphismBreadthFirstSearch ../../inputs/ChromaticNumber_4.txt > /cluster/projects/nn9535k/farhad/2021/22dec/chromatic-number-iso-bfs-pw/main-script/job-generation/../../program-outputs/19318109.txt,"Conjecture: Satisfied
",22 18:15:20 CET 2021,IsomorphismBreadthFirstSearch,,4, pw = 1,00:00:03,1,19318109,1,Wed Dec 22 18:15:16 CET 2021,../../inputs/ChromaticNumber_4,0,/cluster/projects/nn9535k/farhad/2021/22dec/chromatic-number-iso-bfs-pw/main-script/job-generation/../../jobs/19318109.sh,DONE,4728365
2G,14-00:00:00,4, , -pl -pdbgn ,1,5,,7,NN9535K,/cluster/home/farhadvadiee/2021/22dec/chromatic-number-iso-bfs/Build/./treewidzard -search   pw = 2  -pl -pdbgn    IsomorphismBreadthFirstSearch ../../inputs/ChromaticNumber_4.txt > /cluster/projects/nn9535k/farhad/2021/22dec/chromatic-number-iso-bfs-pw/main-script/job-generation/../../program-outputs/19318114.txt,"Conjecture: Satisfied
",22 18:15:20 CET 2021,IsomorphismBreadthFirstSearch,,8, pw = 2,00:00:03,1,19318114,1,Wed Dec 22 18:15:16 CET 2021,../../inputs/ChromaticNumber_4,0,/cluster/projects/nn9535k/farhad/2021/22dec/chromatic-number-iso-bfs-pw/main-script/job-generation/../../jobs/19318114.sh,DONE,4728366
2G,14-00:00:00,4,-premise, -pl -pdbgn ,1,5,,7,NN9535K,/cluster/home/farhadvadiee/2021/22dec/chromatic-number-iso-bfs/Build/./treewidzard -search   pw = 2  -pl -pdbgn  -premise IsomorphismBreadthFirstSearch ../../inputs/ChromaticNumber_4.txt > /cluster/projects/nn9535k/farhad/2021/22dec/chromatic-number-iso-bfs-pw/main-script/job-generation/../../program-outputs/19318119.txt,"Conjecture: Satisfied
",22 18:15:19 CET 2021,IsomorphismBreadthFirstSearch,,8, pw = 2,00:00:03,1,19318119,1,Wed Dec 22 18:15:17 CET 2021,../../inputs/ChromaticNumber_4,0,/cluster/projects/nn9535k/farhad/2021/22dec/chromatic-number-iso-bfs-pw/main-script/job-generation/../../jobs/19318119.sh,DONE,4728367
2G,14-00:00:00,4, , -pl -pdbgn ,1,15,,11,NN9535K,/cluster/home/farhadvadiee/2021/22dec/chromatic-number-iso-bfs/Build/./treewidzard -search   pw = 3  -pl -pdbgn    IsomorphismBreadthFirstSearch ../../inputs/ChromaticNumber_4.txt > /cluster/projects/nn9535k/farhad/2021/22dec/chromatic-number-iso-bfs-pw/main-script/job-generation/../../program-outputs/19318123.txt,"Conjecture: Satisfied
",22 18:15:19 CET 2021,IsomorphismBreadthFirstSearch,,19, pw = 3,00:00:03,1,19318123,1,Wed Dec 22 18:15:17 CET 2021,../../inputs/ChromaticNumber_4,0,/cluster/projects/nn9535k/farhad/2021/22dec/chromatic-number-iso-bfs-pw/main-script/job-generation/../../jobs/19318123.sh,DONE,4728368
2G,14-00:00:00,4,-premise, -pl -pdbgn ,1,15,,11,NN9535K,/cluster/home/farhadvadiee/2021/22dec/chromatic-number-iso-bfs/Build/./treewidzard -search   pw = 3  -pl -pdbgn  -premise IsomorphismBreadthFirstSearch ../../inputs/ChromaticNumber_4.txt > /cluster/projects/nn9535k/farhad/2021/22dec/chromatic-number-iso-bfs-pw/main-script/job-generation/../../program-outputs/19318128.txt,"Conjecture: Satisfied
",22 18:15:20 CET 2021,IsomorphismBreadthFirstSearch,,19, pw = 3,00:00:04,1,19318128,1,Wed Dec 22 18:15:17 CET 2021,../../inputs/ChromaticNumber_4,0,/cluster/projects/nn9535k/farhad/2021/22dec/chromatic-number-iso-bfs-pw/main-script/job-generation/../../jobs/19318128.sh,DONE,4728369
2G,14-00:00:00,4, , -pl -pdbgn ,1,51,,43,NN9535K,/cluster/home/farhadvadiee/2021/22dec/chromatic-number-iso-bfs/Build/./treewidzard -search   pw = 4  -pl -pdbgn    IsomorphismBreadthFirstSearch ../../inputs/ChromaticNumber_4.txt > /cluster/projects/nn9535k/farhad/2021/22dec/chromatic-number-iso-bfs-pw/main-script/job-generation/../../program-outputs/19318133.txt,"Conjecture: Satisfied
",22 18:21:09 CET 2021,IsomorphismBreadthFirstSearch,,1271, pw = 4,00:05:54,1,19318133,1,Wed Dec 22 18:15:17 CET 2021,../../inputs/ChromaticNumber_4,2140K,/cluster/projects/nn9535k/farhad/2021/22dec/chromatic-number-iso-bfs-pw/main-script/job-generation/../../jobs/19318133.sh,DONE,4728370
2G,14-00:00:00,4,-premise, -pl -pdbgn ,1,51,,43,NN9535K,/cluster/home/farhadvadiee/2021/22dec/chromatic-number-iso-bfs/Build/./treewidzard -search   pw = 4  -pl -pdbgn  -premise IsomorphismBreadthFirstSearch ../../inputs/ChromaticNumber_4.txt > /cluster/projects/nn9535k/farhad/2021/22dec/chromatic-number-iso-bfs-pw/main-script/job-generation/../../program-outputs/19318138.txt,"Conjecture: Satisfied
",22 18:21:11 CET 2021,IsomorphismBreadthFirstSearch,,1265, pw = 4,00:05:56,1,19318138,1,Wed Dec 22 18:15:17 CET 2021,../../inputs/ChromaticNumber_4,2124K,/cluster/projects/nn9535k/farhad/2021/22dec/chromatic-number-iso-bfs-pw/main-script/job-generation/../../jobs/19318138.sh,DONE,4728371
2G,14-00:00:00,4, , -pl -pdbgn ,1,187,Error,32,NN9535K,/cluster/home/farhadvadiee/2021/22dec/chromatic-number-iso-bfs/Build/./treewidzard -search   pw = 5  -pl -pdbgn    IsomorphismBreadthFirstSearch ../../inputs/ChromaticNumber_4.txt > /cluster/projects/nn9535k/farhad/2021/22dec/chromatic-number-iso-bfs-pw/main-script/job-generation/../../program-outputs/19318142.txt,Not Finished,5 18:54:25 CET 2022,IsomorphismBreadthFirstSearch,"slurmstepd: error: *** JOB 4728372 ON c3-56 CANCELLED AT 2022-01-05T18:54:19 DUE TO TIME LIMIT ***
",229147, pw = 5,14-00:00:0,1,19318142,1,Wed Dec 22 18:15:45 CET 2021,../../inputs/ChromaticNumber_4,225584K,/cluster/projects/nn9535k/farhad/2021/22dec/chromatic-number-iso-bfs-pw/main-script/job-generation/../../jobs/19318142.sh,DONE,4728372
2G,14-00:00:00,4,-premise, -pl -pdbgn ,1,187,Error,32,NN9535K,/cluster/home/farhadvadiee/2021/22dec/chromatic-number-iso-bfs/Build/./treewidzard -search   pw = 5  -pl -pdbgn  -premise IsomorphismBreadthFirstSearch ../../inputs/ChromaticNumber_4.txt > /cluster/projects/nn9535k/farhad/2021/22dec/chromatic-number-iso-bfs-pw/main-script/job-generation/../../program-outputs/19318147.txt,Not Finished,5 18:54:23 CET 2022,IsomorphismBreadthFirstSearch,"slurmstepd: error: *** JOB 4728373 ON c3-56 CANCELLED AT 2022-01-05T18:54:19 DUE TO TIME LIMIT ***
",229140, pw = 5,14-00:00:0,1,19318147,1,Wed Dec 22 18:15:46 CET 2021,../../inputs/ChromaticNumber_4,224796K,/cluster/projects/nn9535k/farhad/2021/22dec/chromatic-number-iso-bfs-pw/main-script/job-generation/../../jobs/19318147.sh,DONE,4728373
2G,14-00:00:00,4, , -pl -pdbgn ,1,715,Error,21,NN9535K,/cluster/home/farhadvadiee/2021/22dec/chromatic-number-iso-bfs/Build/./treewidzard -search   pw = 6  -pl -pdbgn    IsomorphismBreadthFirstSearch ../../inputs/ChromaticNumber_4.txt > /cluster/projects/nn9535k/farhad/2021/22dec/chromatic-number-iso-bfs-pw/main-script/job-generation/../../program-outputs/19318152.txt,Not Finished,5 18:54:24 CET 2022,IsomorphismBreadthFirstSearch,"slurmstepd: error: *** JOB 4728374 ON c3-56 CANCELLED AT 2022-01-05T18:54:19 DUE TO TIME LIMIT ***
",10521, pw = 6,14-00:00:0,1,19318152,1,Wed Dec 22 18:15:46 CET 2021,../../inputs/ChromaticNumber_4,20304K,/cluster/projects/nn9535k/farhad/2021/22dec/chromatic-number-iso-bfs-pw/main-script/job-generation/../../jobs/19318152.sh,DONE,4728374
2G,14-00:00:00,4,-premise, -pl -pdbgn ,1,715,Error,21,NN9535K,/cluster/home/farhadvadiee/2021/22dec/chromatic-number-iso-bfs/Build/./treewidzard -search   pw = 6  -pl -pdbgn  -premise IsomorphismBreadthFirstSearch ../../inputs/ChromaticNumber_4.txt > /cluster/projects/nn9535k/farhad/2021/22dec/chromatic-number-iso-bfs-pw/main-script/job-generation/../../program-outputs/19318157.txt,Not Finished,5 18:54:22 CET 2022,IsomorphismBreadthFirstSearch,"slurmstepd: error: *** JOB 4728375 ON c3-56 CANCELLED AT 2022-01-05T18:54:19 DUE TO TIME LIMIT ***
",10513, pw = 6,14-00:00:0,1,19318157,1,Wed Dec 22 18:15:46 CET 2021,../../inputs/ChromaticNumber_4,20304K,/cluster/projects/nn9535k/farhad/2021/22dec/chromatic-number-iso-bfs-pw/main-script/job-generation/../../jobs/19318157.sh,DONE,4728375
2G,14-00:00:00,4, , -pl -pdbgn ,1,2795,Error,13,NN9535K,/cluster/home/farhadvadiee/2021/22dec/chromatic-number-iso-bfs/Build/./treewidzard -search   pw = 7  -pl -pdbgn    IsomorphismBreadthFirstSearch ../../inputs/ChromaticNumber_4.txt > /cluster/projects/nn9535k/farhad/2021/22dec/chromatic-number-iso-bfs-pw/main-script/job-generation/../../program-outputs/19318161.txt,Not Finished,5 18:54:24 CET 2022,IsomorphismBreadthFirstSearch,"slurmstepd: error: *** JOB 4728376 ON c3-56 CANCELLED AT 2022-01-05T18:54:19 DUE TO TIME LIMIT ***
",277, pw = 7,14-00:00:0,1,19318161,1,Wed Dec 22 18:15:46 CET 2021,../../inputs/ChromaticNumber_4,10436K,/cluster/projects/nn9535k/farhad/2021/22dec/chromatic-number-iso-bfs-pw/main-script/job-generation/../../jobs/19318161.sh,DONE,4728376
2G,14-00:00:00,4,-premise, -pl -pdbgn ,1,2795,Error,13,NN9535K,/cluster/home/farhadvadiee/2021/22dec/chromatic-number-iso-bfs/Build/./treewidzard -search   pw = 7  -pl -pdbgn  -premise IsomorphismBreadthFirstSearch ../../inputs/ChromaticNumber_4.txt > /cluster/projects/nn9535k/farhad/2021/22dec/chromatic-number-iso-bfs-pw/main-script/job-generation/../../program-outputs/19318166.txt,Not Finished,5 18:54:23 CET 2022,IsomorphismBreadthFirstSearch,"slurmstepd: error: *** JOB 4728377 ON c3-56 CANCELLED AT 2022-01-05T18:54:19 DUE TO TIME LIMIT ***
",277, pw = 7,14-00:00:0,1,19318166,1,Wed Dec 22 18:15:46 CET 2021,../../inputs/ChromaticNumber_4,10436K,/cluster/projects/nn9535k/farhad/2021/22dec/chromatic-number-iso-bfs-pw/main-script/job-generation/../../jobs/19318166.sh,DONE,4728377
2G,14-00:00:00,5, , -pl -pdbgn ,1,2,,4,NN9535K,/cluster/home/farhadvadiee/2021/22dec/chromatic-number-iso-bfs/Build/./treewidzard -search   pw = 1  -pl -pdbgn    IsomorphismBreadthFirstSearch ../../inputs/ChromaticNumber_5.txt > /cluster/projects/nn9535k/farhad/2021/22dec/chromatic-number-iso-bfs-pw/main-script/job-generation/../../program-outputs/19318171.txt,"Conjecture: Satisfied
",22 18:15:50 CET 2021,IsomorphismBreadthFirstSearch,,4, pw = 1,00:00:01,1,19318171,1,Wed Dec 22 18:15:46 CET 2021,../../inputs/ChromaticNumber_5,0,/cluster/projects/nn9535k/farhad/2021/22dec/chromatic-number-iso-bfs-pw/main-script/job-generation/../../jobs/19318171.sh,DONE,4728378
2G,14-00:00:00,5,-premise, -pl -pdbgn ,1,2,,4,NN9535K,/cluster/home/farhadvadiee/2021/22dec/chromatic-number-iso-bfs/Build/./treewidzard -search   pw = 1  -pl -pdbgn  -premise IsomorphismBreadthFirstSearch ../../inputs/ChromaticNumber_5.txt > /cluster/projects/nn9535k/farhad/2021/22dec/chromatic-number-iso-bfs-pw/main-script/job-generation/../../program-outputs/19318176.txt,"Conjecture: Satisfied
",22 18:15:50 CET 2021,IsomorphismBreadthFirstSearch,,4, pw = 1,00:00:03,1,19318176,1,Wed Dec 22 18:15:46 CET 2021,../../inputs/ChromaticNumber_5,0,/cluster/projects/nn9535k/farhad/2021/22dec/chromatic-number-iso-bfs-pw/main-script/job-generation/../../jobs/19318176.sh,DONE,4728379
2G,14-00:00:00,5, , -pl -pdbgn ,1,5,,7,NN9535K,/cluster/home/farhadvadiee/2021/22dec/chromatic-number-iso-bfs/Build/./treewidzard -search   pw = 2  -pl -pdbgn    IsomorphismBreadthFirstSearch ../../inputs/ChromaticNumber_5.txt > /cluster/projects/nn9535k/farhad/2021/22dec/chromatic-number-iso-bfs-pw/main-script/job-generation/../../program-outputs/19318181.txt,"Conjecture: Satisfied
",22 18:15:48 CET 2021,IsomorphismBreadthFirstSearch,,8, pw = 2,00:00:02,1,19318181,1,Wed Dec 22 18:15:46 CET 2021,../../inputs/ChromaticNumber_5,0,/cluster/projects/nn9535k/farhad/2021/22dec/chromatic-number-iso-bfs-pw/main-script/job-generation/../../jobs/19318181.sh,DONE,4728380
2G,14-00:00:00,5,-premise, -pl -pdbgn ,1,5,,7,NN9535K,/cluster/home/farhadvadiee/2021/22dec/chromatic-number-iso-bfs/Build/./treewidzard -search   pw = 2  -pl -pdbgn  -premise IsomorphismBreadthFirstSearch ../../inputs/ChromaticNumber_5.txt > /cluster/projects/nn9535k/farhad/2021/22dec/chromatic-number-iso-bfs-pw/main-script/job-generation/../../program-outputs/19318186.txt,"Conjecture: Satisfied
",22 18:15:49 CET 2021,IsomorphismBreadthFirstSearch,,8, pw = 2,00:00:03,1,19318186,1,Wed Dec 22 18:15:46 CET 2021,../../inputs/ChromaticNumber_5,0,/cluster/projects/nn9535k/farhad/2021/22dec/chromatic-number-iso-bfs-pw/main-script/job-generation/../../jobs/19318186.sh,DONE,4728381
2G,14-00:00:00,5, , -pl -pdbgn ,1,15,,11,NN9535K,/cluster/home/farhadvadiee/2021/22dec/chromatic-number-iso-bfs/Build/./treewidzard -search   pw = 3  -pl -pdbgn    IsomorphismBreadthFirstSearch ../../inputs/ChromaticNumber_5.txt > /cluster/projects/nn9535k/farhad/2021/22dec/chromatic-number-iso-bfs-pw/main-script/job-generation/../../program-outputs/19318190.txt,"Conjecture: Satisfied
",22 18:15:49 CET 2021,IsomorphismBreadthFirstSearch,,19, pw = 3,00:00:03,1,19318190,1,Wed Dec 22 18:15:46 CET 2021,../../inputs/ChromaticNumber_5,0,/cluster/projects/nn9535k/farhad/2021/22dec/chromatic-number-iso-bfs-pw/main-script/job-generation/../../jobs/19318190.sh,DONE,4728382
2G,14-00:00:00,5,-premise, -pl -pdbgn ,1,15,,11,NN9535K,/cluster/home/farhadvadiee/2021/22dec/chromatic-number-iso-bfs/Build/./treewidzard -search   pw = 3  -pl -pdbgn  -premise IsomorphismBreadthFirstSearch ../../inputs/ChromaticNumber_5.txt > /cluster/projects/nn9535k/farhad/2021/22dec/chromatic-number-iso-bfs-pw/main-script/job-generation/../../program-outputs/19318195.txt,"Conjecture: Satisfied
",22 18:15:50 CET 2021,IsomorphismBreadthFirstSearch,,19, pw = 3,00:00:03,1,19318195,1,Wed Dec 22 18:15:46 CET 2021,../../inputs/ChromaticNumber_5,0,/cluster/projects/nn9535k/farhad/2021/22dec/chromatic-number-iso-bfs-pw/main-script/job-generation/../../jobs/19318195.sh,DONE,4728383
2G,14-00:00:00,5, , -pl -pdbgn ,1,52,,16,NN9535K,/cluster/home/farhadvadiee/2021/22dec/chromatic-number-iso-bfs/Build/./treewidzard -search   pw = 4  -pl -pdbgn    IsomorphismBreadthFirstSearch ../../inputs/ChromaticNumber_5.txt > /cluster/projects/nn9535k/farhad/2021/22dec/chromatic-number-iso-bfs-pw/main-script/job-generation/../../program-outputs/19318200.txt,"Conjecture: Satisfied
",22 18:16:00 CET 2021,IsomorphismBreadthFirstSearch,,53, pw = 4,00:00:15,1,19318200,1,Wed Dec 22 18:15:46 CET 2021,../../inputs/ChromaticNumber_5,0,/cluster/projects/nn9535k/farhad/2021/22dec/chromatic-number-iso-bfs-pw/main-script/job-generation/../../jobs/19318200.sh,DONE,4728384
2G,14-00:00:00,5,-premise, -pl -pdbgn ,1,52,,16,NN9535K,/cluster/home/farhadvadiee/2021/22dec/chromatic-number-iso-bfs/Build/./treewidzard -search   pw = 4  -pl -pdbgn  -premise IsomorphismBreadthFirstSearch ../../inputs/ChromaticNumber_5.txt > /cluster/projects/nn9535k/farhad/2021/22dec/chromatic-number-iso-bfs-pw/main-script/job-generation/../../program-outputs/19318205.txt,"Conjecture: Satisfied
",22 18:16:01 CET 2021,IsomorphismBreadthFirstSearch,,53, pw = 4,00:00:15,1,19318205,1,Wed Dec 22 18:15:47 CET 2021,../../inputs/ChromaticNumber_5,0,/cluster/projects/nn9535k/farhad/2021/22dec/chromatic-number-iso-bfs-pw/main-script/job-generation/../../jobs/19318205.sh,DONE,4728385
2G,14-00:00:00,5, , -pl -pdbgn ,1,202,Error,61,NN9535K,/cluster/home/farhadvadiee/2021/22dec/chromatic-number-iso-bfs/Build/./treewidzard -search   pw = 5  -pl -pdbgn    IsomorphismBreadthFirstSearch ../../inputs/ChromaticNumber_5.txt > /cluster/projects/nn9535k/farhad/2021/22dec/chromatic-number-iso-bfs-pw/main-script/job-generation/../../program-outputs/19318210.txt,Not Finished,5 18:54:23 CET 2022,IsomorphismBreadthFirstSearch,"slurmstepd: error: *** JOB 4728386 ON c3-56 CANCELLED AT 2022-01-05T18:54:19 DUE TO TIME LIMIT ***
",134674, pw = 5,14-00:00:0,1,19318210,1,Wed Dec 22 18:15:47 CET 2021,../../inputs/ChromaticNumber_5,129248K,/cluster/projects/nn9535k/farhad/2021/22dec/chromatic-number-iso-bfs-pw/main-script/job-generation/../../jobs/19318210.sh,DONE,4728386
2G,14-00:00:00,5,-premise, -pl -pdbgn ,1,202,Error,61,NN9535K,/cluster/home/farhadvadiee/2021/22dec/chromatic-number-iso-bfs/Build/./treewidzard -search   pw = 5  -pl -pdbgn  -premise IsomorphismBreadthFirstSearch ../../inputs/ChromaticNumber_5.txt > /cluster/projects/nn9535k/farhad/2021/22dec/chromatic-number-iso-bfs-pw/main-script/job-generation/../../program-outputs/19318214.txt,Not Finished,5 18:54:23 CET 2022,IsomorphismBreadthFirstSearch,"slurmstepd: error: *** JOB 4728387 ON c3-56 CANCELLED AT 2022-01-05T18:54:19 DUE TO TIME LIMIT ***
",134667, pw = 5,14-00:00:0,1,19318214,1,Wed Dec 22 18:15:47 CET 2021,../../inputs/ChromaticNumber_5,129256K,/cluster/projects/nn9535k/farhad/2021/22dec/chromatic-number-iso-bfs-pw/main-script/job-generation/../../jobs/19318214.sh,DONE,4728387
2G,14-00:00:00,5, , -pl -pdbgn ,1,855,Error,22,NN9535K,/cluster/home/farhadvadiee/2021/22dec/chromatic-number-iso-bfs/Build/./treewidzard -search   pw = 6  -pl -pdbgn    IsomorphismBreadthFirstSearch ../../inputs/ChromaticNumber_5.txt > /cluster/projects/nn9535k/farhad/2021/22dec/chromatic-number-iso-bfs-pw/main-script/job-generation/../../program-outputs/19318219.txt,Not Finished,5 18:54:24 CET 2022,IsomorphismBreadthFirstSearch,"slurmstepd: error: *** JOB 4728388 ON c3-56 CANCELLED AT 2022-01-05T18:54:19 DUE TO TIME LIMIT ***
",5545, pw = 6,14-00:00:0,1,19318219,1,Wed Dec 22 18:15:47 CET 2021,../../inputs/ChromaticNumber_5,11464K,/cluster/projects/nn9535k/farhad/2021/22dec/chromatic-number-iso-bfs-pw/main-script/job-generation/../../jobs/19318219.sh,DONE,4728388
2G,14-00:00:00,5,-premise, -pl -pdbgn ,1,855,Error,22,NN9535K,/cluster/home/farhadvadiee/2021/22dec/chromatic-number-iso-bfs/Build/./treewidzard -search   pw = 6  -pl -pdbgn  -premise IsomorphismBreadthFirstSearch ../../inputs/ChromaticNumber_5.txt > /cluster/projects/nn9535k/farhad/2021/22dec/chromatic-number-iso-bfs-pw/main-script/job-generation/../../program-outputs/19318224.txt,Not Finished,5 18:54:24 CET 2022,IsomorphismBreadthFirstSearch,"slurmstepd: error: *** JOB 4728389 ON c3-56 CANCELLED AT 2022-01-05T18:54:19 DUE TO TIME LIMIT ***
",5542, pw = 6,14-00:00:0,1,19318224,1,Wed Dec 22 18:15:47 CET 2021,../../inputs/ChromaticNumber_5,11436K,/cluster/projects/nn9535k/farhad/2021/22dec/chromatic-number-iso-bfs-pw/main-script/job-generation/../../jobs/19318224.sh,DONE,4728389
2G,14-00:00:00,5, , -pl -pdbgn ,1,3845,Error,12,NN9535K,/cluster/home/farhadvadiee/2021/22dec/chromatic-number-iso-bfs/Build/./treewidzard -search   pw = 7  -pl -pdbgn    IsomorphismBreadthFirstSearch ../../inputs/ChromaticNumber_5.txt > /cluster/projects/nn9535k/farhad/2021/22dec/chromatic-number-iso-bfs-pw/main-script/job-generation/../../program-outputs/19318229.txt,Not Finished,5 18:54:23 CET 2022,IsomorphismBreadthFirstSearch,"slurmstepd: error: *** JOB 4728390 ON c3-56 CANCELLED AT 2022-01-05T18:54:19 DUE TO TIME LIMIT ***
",164, pw = 7,14-00:00:0,1,19318229,1,Wed Dec 22 18:15:47 CET 2021,../../inputs/ChromaticNumber_5,12504K,/cluster/projects/nn9535k/farhad/2021/22dec/chromatic-number-iso-bfs-pw/main-script/job-generation/../../jobs/19318229.sh,DONE,4728390
2G,14-00:00:00,5,-premise, -pl -pdbgn ,1,3845,Error,12,NN9535K,/cluster/home/farhadvadiee/2021/22dec/chromatic-number-iso-bfs/Build/./treewidzard -search   pw = 7  -pl -pdbgn  -premise IsomorphismBreadthFirstSearch ../../inputs/ChromaticNumber_5.txt > /cluster/projects/nn9535k/farhad/2021/22dec/chromatic-number-iso-bfs-pw/main-script/job-generation/../../program-outputs/19318234.txt,Not Finished,5 18:54:25 CET 2022,IsomorphismBreadthFirstSearch,"slurmstepd: error: *** JOB 4728391 ON c3-56 CANCELLED AT 2022-01-05T18:54:19 DUE TO TIME LIMIT ***
",164, pw = 7,14-00:00:0,1,19318234,1,Wed Dec 22 18:15:47 CET 2021,../../inputs/ChromaticNumber_5,12504K,/cluster/projects/nn9535k/farhad/2021/22dec/chromatic-number-iso-bfs-pw/main-script/job-generation/../../jobs/19318234.sh,DONE,4728391
2G,14-00:00:00,6, , -pl -pdbgn ,1,2,,4,NN9535K,/cluster/home/farhadvadiee/2021/22dec/chromatic-number-iso-bfs/Build/./treewidzard -search   pw = 1  -pl -pdbgn    IsomorphismBreadthFirstSearch ../../inputs/ChromaticNumber_6.txt > /cluster/projects/nn9535k/farhad/2021/22dec/chromatic-number-iso-bfs-pw/main-script/job-generation/../../program-outputs/19318238.txt,"Conjecture: Satisfied
",22 18:15:50 CET 2021,IsomorphismBreadthFirstSearch,,4, pw = 1,00:00:03,1,19318238,1,Wed Dec 22 18:15:47 CET 2021,../../inputs/ChromaticNumber_6,0,/cluster/projects/nn9535k/farhad/2021/22dec/chromatic-number-iso-bfs-pw/main-script/job-generation/../../jobs/19318238.sh,DONE,4728392
2G,14-00:00:00,6,-premise, -pl -pdbgn ,1,2,,4,NN9535K,/cluster/home/farhadvadiee/2021/22dec/chromatic-number-iso-bfs/Build/./treewidzard -search   pw = 1  -pl -pdbgn  -premise IsomorphismBreadthFirstSearch ../../inputs/ChromaticNumber_6.txt > /cluster/projects/nn9535k/farhad/2021/22dec/chromatic-number-iso-bfs-pw/main-script/job-generation/../../program-outputs/19318243.txt,"Conjecture: Satisfied
",22 18:15:47 CET 2021,IsomorphismBreadthFirstSearch,,4, pw = 1,00:00:01,1,19318243,1,Wed Dec 22 18:15:45 CET 2021,../../inputs/ChromaticNumber_6,0,/cluster/projects/nn9535k/farhad/2021/22dec/chromatic-number-iso-bfs-pw/main-script/job-generation/../../jobs/19318243.sh,DONE,4728393
2G,14-00:00:00,6, , -pl -pdbgn ,1,5,,7,NN9535K,/cluster/home/farhadvadiee/2021/22dec/chromatic-number-iso-bfs/Build/./treewidzard -search   pw = 2  -pl -pdbgn    IsomorphismBreadthFirstSearch ../../inputs/ChromaticNumber_6.txt > /cluster/projects/nn9535k/farhad/2021/22dec/chromatic-number-iso-bfs-pw/main-script/job-generation/../../program-outputs/19318248.txt,"Conjecture: Satisfied
",22 18:15:47 CET 2021,IsomorphismBreadthFirstSearch,,8, pw = 2,00:00:02,1,19318248,1,Wed Dec 22 18:15:46 CET 2021,../../inputs/ChromaticNumber_6,0,/cluster/projects/nn9535k/farhad/2021/22dec/chromatic-number-iso-bfs-pw/main-script/job-generation/../../jobs/19318248.sh,DONE,4728394
2G,14-00:00:00,6,-premise, -pl -pdbgn ,1,5,,7,NN9535K,/cluster/home/farhadvadiee/2021/22dec/chromatic-number-iso-bfs/Build/./treewidzard -search   pw = 2  -pl -pdbgn  -premise IsomorphismBreadthFirstSearch ../../inputs/ChromaticNumber_6.txt > /cluster/projects/nn9535k/farhad/2021/22dec/chromatic-number-iso-bfs-pw/main-script/job-generation/../../program-outputs/19318253.txt,"Conjecture: Satisfied
",22 18:15:47 CET 2021,IsomorphismBreadthFirstSearch,,8, pw = 2,00:00:02,1,19318253,1,Wed Dec 22 18:15:46 CET 2021,../../inputs/ChromaticNumber_6,0,/cluster/projects/nn9535k/farhad/2021/22dec/chromatic-number-iso-bfs-pw/main-script/job-generation/../../jobs/19318253.sh,DONE,4728395
2G,14-00:00:00,6, , -pl -pdbgn ,1,15,,11,NN9535K,/cluster/home/farhadvadiee/2021/22dec/chromatic-number-iso-bfs/Build/./treewidzard -search   pw = 3  -pl -pdbgn    IsomorphismBreadthFirstSearch ../../inputs/ChromaticNumber_6.txt > /cluster/projects/nn9535k/farhad/2021/22dec/chromatic-number-iso-bfs-pw/main-script/job-generation/../../program-outputs/19318257.txt,"Conjecture: Satisfied
",22 18:15:48 CET 2021,IsomorphismBreadthFirstSearch,,19, pw = 3,00:00:02,1,19318257,1,Wed Dec 22 18:15:46 CET 2021,../../inputs/ChromaticNumber_6,0,/cluster/projects/nn9535k/farhad/2021/22dec/chromatic-number-iso-bfs-pw/main-script/job-generation/../../jobs/19318257.sh,DONE,4728396
2G,14-00:00:00,6,-premise, -pl -pdbgn ,1,15,,11,NN9535K,/cluster/home/farhadvadiee/2021/22dec/chromatic-number-iso-bfs/Build/./treewidzard -search   pw = 3  -pl -pdbgn  -premise IsomorphismBreadthFirstSearch ../../inputs/ChromaticNumber_6.txt > /cluster/projects/nn9535k/farhad/2021/22dec/chromatic-number-iso-bfs-pw/main-script/job-generation/../../program-outputs/19318262.txt,"Conjecture: Satisfied
",22 18:15:48 CET 2021,IsomorphismBreadthFirstSearch,,19, pw = 3,00:00:02,1,19318262,1,Wed Dec 22 18:15:46 CET 2021,../../inputs/ChromaticNumber_6,0,/cluster/projects/nn9535k/farhad/2021/22dec/chromatic-number-iso-bfs-pw/main-script/job-generation/../../jobs/19318262.sh,DONE,4728397
2G,14-00:00:00,6, , -pl -pdbgn ,1,52,,16,NN9535K,/cluster/home/farhadvadiee/2021/22dec/chromatic-number-iso-bfs/Build/./treewidzard -search   pw = 4  -pl -pdbgn    IsomorphismBreadthFirstSearch ../../inputs/ChromaticNumber_6.txt > /cluster/projects/nn9535k/farhad/2021/22dec/chromatic-number-iso-bfs-pw/main-script/job-generation/../../program-outputs/19318267.txt,"Conjecture: Satisfied
",22 18:16:01 CET 2021,IsomorphismBreadthFirstSearch,,53, pw = 4,00:00:15,1,19318267,1,Wed Dec 22 18:15:45 CET 2021,../../inputs/ChromaticNumber_6,0,/cluster/projects/nn9535k/farhad/2021/22dec/chromatic-number-iso-bfs-pw/main-script/job-generation/../../jobs/19318267.sh,DONE,4728398
2G,14-00:00:00,6,-premise, -pl -pdbgn ,1,52,,16,NN9535K,/cluster/home/farhadvadiee/2021/22dec/chromatic-number-iso-bfs/Build/./treewidzard -search   pw = 4  -pl -pdbgn  -premise IsomorphismBreadthFirstSearch ../../inputs/ChromaticNumber_6.txt > /cluster/projects/nn9535k/farhad/2021/22dec/chromatic-number-iso-bfs-pw/main-script/job-generation/../../program-outputs/19318271.txt,"Conjecture: Satisfied
",22 18:16:01 CET 2021,IsomorphismBreadthFirstSearch,,53, pw = 4,00:00:13,1,19318271,1,Wed Dec 22 18:15:46 CET 2021,../../inputs/ChromaticNumber_6,0,/cluster/projects/nn9535k/farhad/2021/22dec/chromatic-number-iso-bfs-pw/main-script/job-generation/../../jobs/19318271.sh,DONE,4728399
2G,14-00:00:00,6, , -pl -pdbgn ,1,203,,22,NN9535K,/cluster/home/farhadvadiee/2021/22dec/chromatic-number-iso-bfs/Build/./treewidzard -search   pw = 5  -pl -pdbgn    IsomorphismBreadthFirstSearch ../../inputs/ChromaticNumber_6.txt > /cluster/projects/nn9535k/farhad/2021/22dec/chromatic-number-iso-bfs-pw/main-script/job-generation/../../program-outputs/19318276.txt,"Conjecture: Satisfied
",22 18:38:00 CET 2021,IsomorphismBreadthFirstSearch,,209, pw = 5,00:22:14,1,19318276,1,Wed Dec 22 18:15:46 CET 2021,../../inputs/ChromaticNumber_6,1644K,/cluster/projects/nn9535k/farhad/2021/22dec/chromatic-number-iso-bfs-pw/main-script/job-generation/../../jobs/19318276.sh,DONE,4728400
2G,14-00:00:00,6,-premise, -pl -pdbgn ,1,203,,22,NN9535K,/cluster/home/farhadvadiee/2021/22dec/chromatic-number-iso-bfs/Build/./treewidzard -search   pw = 5  -pl -pdbgn  -premise IsomorphismBreadthFirstSearch ../../inputs/ChromaticNumber_6.txt > /cluster/projects/nn9535k/farhad/2021/22dec/chromatic-number-iso-bfs-pw/main-script/job-generation/../../program-outputs/19318281.txt,"Conjecture: Satisfied
",22 18:37:51 CET 2021,IsomorphismBreadthFirstSearch,,209, pw = 5,00:22:06,1,19318281,1,Wed Dec 22 18:15:46 CET 2021,../../inputs/ChromaticNumber_6,1644K,/cluster/projects/nn9535k/farhad/2021/22dec/chromatic-number-iso-bfs-pw/main-script/job-generation/../../jobs/19318281.sh,DONE,4728401
2G,14-00:00:00,6, , -pl -pdbgn ,1,876,Error,25,NN9535K,/cluster/home/farhadvadiee/2021/22dec/chromatic-number-iso-bfs/Build/./treewidzard -search   pw = 6  -pl -pdbgn    IsomorphismBreadthFirstSearch ../../inputs/ChromaticNumber_6.txt > /cluster/projects/nn9535k/farhad/2021/22dec/chromatic-number-iso-bfs-pw/main-script/job-generation/../../program-outputs/19318286.txt,Not Finished,5 18:54:22 CET 2022,IsomorphismBreadthFirstSearch,"slurmstepd: error: *** JOB 4728402 ON c3-54 CANCELLED AT 2022-01-05T18:54:19 DUE TO TIME LIMIT ***
",4187, pw = 6,14-00:00:0,1,19318286,1,Wed Dec 22 18:15:46 CET 2021,../../inputs/ChromaticNumber_6,8920K,/cluster/projects/nn9535k/farhad/2021/22dec/chromatic-number-iso-bfs-pw/main-script/job-generation/../../jobs/19318286.sh,DONE,4728402
2G,14-00:00:00,6,-premise, -pl -pdbgn ,1,876,Error,25,NN9535K,/cluster/home/farhadvadiee/2021/22dec/chromatic-number-iso-bfs/Build/./treewidzard -search   pw = 6  -pl -pdbgn  -premise IsomorphismBreadthFirstSearch ../../inputs/ChromaticNumber_6.txt > /cluster/projects/nn9535k/farhad/2021/22dec/chromatic-number-iso-bfs-pw/main-script/job-generation/../../program-outputs/19318290.txt,Not Finished,5 18:54:22 CET 2022,IsomorphismBreadthFirstSearch,"slurmstepd: error: *** JOB 4728403 ON c3-54 CANCELLED AT 2022-01-05T18:54:19 DUE TO TIME LIMIT ***
",4187, pw = 6,14-00:00:0,1,19318290,1,Wed Dec 22 18:15:46 CET 2021,../../inputs/ChromaticNumber_6,8892K,/cluster/projects/nn9535k/farhad/2021/22dec/chromatic-number-iso-bfs-pw/main-script/job-generation/../../jobs/19318290.sh,DONE,4728403
2G,14-00:00:00,6, , -pl -pdbgn ,1,4111,Error,12,NN9535K,/cluster/home/farhadvadiee/2021/22dec/chromatic-number-iso-bfs/Build/./treewidzard -search   pw = 7  -pl -pdbgn    IsomorphismBreadthFirstSearch ../../inputs/ChromaticNumber_6.txt > /cluster/projects/nn9535k/farhad/2021/22dec/chromatic-number-iso-bfs-pw/main-script/job-generation/../../program-outputs/19318295.txt,Not Finished,5 18:54:21 CET 2022,IsomorphismBreadthFirstSearch,"slurmstepd: error: *** JOB 4728404 ON c3-54 CANCELLED AT 2022-01-05T18:54:19 DUE TO TIME LIMIT ***
",163, pw = 7,14-00:00:0,1,19318295,1,Wed Dec 22 18:15:46 CET 2021,../../inputs/ChromaticNumber_6,12992K,/cluster/projects/nn9535k/farhad/2021/22dec/chromatic-number-iso-bfs-pw/main-script/job-generation/../../jobs/19318295.sh,DONE,4728404
2G,14-00:00:00,6,-premise, -pl -pdbgn ,1,4111,Error,12,NN9535K,/cluster/home/farhadvadiee/2021/22dec/chromatic-number-iso-bfs/Build/./treewidzard -search   pw = 7  -pl -pdbgn  -premise IsomorphismBreadthFirstSearch ../../inputs/ChromaticNumber_6.txt > /cluster/projects/nn9535k/farhad/2021/22dec/chromatic-number-iso-bfs-pw/main-script/job-generation/../../program-outputs/19318300.txt,Not Finished,5 18:54:22 CET 2022,IsomorphismBreadthFirstSearch,"slurmstepd: error: *** JOB 4728405 ON c3-54 CANCELLED AT 2022-01-05T18:54:19 DUE TO TIME LIMIT ***
",163, pw = 7,14-00:00:0,1,19318300,1,Wed Dec 22 18:15:46 CET 2021,../../inputs/ChromaticNumber_6,12992K,/cluster/projects/nn9535k/farhad/2021/22dec/chromatic-number-iso-bfs-pw/main-script/job-generation/../../jobs/19318300.sh,DONE,4728405
2G,14-00:00:00,7, , -pl -pdbgn ,1,2,,4,NN9535K,/cluster/home/farhadvadiee/2021/22dec/chromatic-number-iso-bfs/Build/./treewidzard -search   pw = 1  -pl -pdbgn    IsomorphismBreadthFirstSearch ../../inputs/ChromaticNumber_7.txt > /cluster/projects/nn9535k/farhad/2021/22dec/chromatic-number-iso-bfs-pw/main-script/job-generation/../../program-outputs/19318305.txt,"Conjecture: Satisfied
",22 18:15:49 CET 2021,IsomorphismBreadthFirstSearch,,4, pw = 1,00:00:03,1,19318305,1,Wed Dec 22 18:15:46 CET 2021,../../inputs/ChromaticNumber_7,0,/cluster/projects/nn9535k/farhad/2021/22dec/chromatic-number-iso-bfs-pw/main-script/job-generation/../../jobs/19318305.sh,DONE,4728406
2G,14-00:00:00,7,-premise, -pl -pdbgn ,1,2,,4,NN9535K,/cluster/home/farhadvadiee/2021/22dec/chromatic-number-iso-bfs/Build/./treewidzard -search   pw = 1  -pl -pdbgn  -premise IsomorphismBreadthFirstSearch ../../inputs/ChromaticNumber_7.txt > /cluster/projects/nn9535k/farhad/2021/22dec/chromatic-number-iso-bfs-pw/main-script/job-generation/../../program-outputs/19318309.txt,"Conjecture: Satisfied
",22 18:15:49 CET 2021,IsomorphismBreadthFirstSearch,,4, pw = 1,00:00:02,1,19318309,1,Wed Dec 22 18:15:46 CET 2021,../../inputs/ChromaticNumber_7,0,/cluster/projects/nn9535k/farhad/2021/22dec/chromatic-number-iso-bfs-pw/main-script/job-generation/../../jobs/19318309.sh,DONE,4728407
2G,14-00:00:00,7, , -pl -pdbgn ,1,5,,7,NN9535K,/cluster/home/farhadvadiee/2021/22dec/chromatic-number-iso-bfs/Build/./treewidzard -search   pw = 2  -pl -pdbgn    IsomorphismBreadthFirstSearch ../../inputs/ChromaticNumber_7.txt > /cluster/projects/nn9535k/farhad/2021/22dec/chromatic-number-iso-bfs-pw/main-script/job-generation/../../program-outputs/19318314.txt,"Conjecture: Satisfied
",22 18:15:49 CET 2021,IsomorphismBreadthFirstSearch,,8, pw = 2,00:00:03,1,19318314,1,Wed Dec 22 18:15:46 CET 2021,../../inputs/ChromaticNumber_7,0,/cluster/projects/nn9535k/farhad/2021/22dec/chromatic-number-iso-bfs-pw/main-script/job-generation/../../jobs/19318314.sh,DONE,4728408
2G,14-00:00:00,7,-premise, -pl -pdbgn ,1,5,,7,NN9535K,/cluster/home/farhadvadiee/2021/22dec/chromatic-number-iso-bfs/Build/./treewidzard -search   pw = 2  -pl -pdbgn  -premise IsomorphismBreadthFirstSearch ../../inputs/ChromaticNumber_7.txt > /cluster/projects/nn9535k/farhad/2021/22dec/chromatic-number-iso-bfs-pw/main-script/job-generation/../../program-outputs/19318319.txt,"Conjecture: Satisfied
",22 18:15:50 CET 2021,IsomorphismBreadthFirstSearch,,8, pw = 2,00:00:02,1,19318319,1,Wed Dec 22 18:15:46 CET 2021,../../inputs/ChromaticNumber_7,0,/cluster/projects/nn9535k/farhad/2021/22dec/chromatic-number-iso-bfs-pw/main-script/job-generation/../../jobs/19318319.sh,DONE,4728409
2G,14-00:00:00,7, , -pl -pdbgn ,1,15,,11,NN9535K,/cluster/home/farhadvadiee/2021/22dec/chromatic-number-iso-bfs/Build/./treewidzard -search   pw = 3  -pl -pdbgn    IsomorphismBreadthFirstSearch ../../inputs/ChromaticNumber_7.txt > /cluster/projects/nn9535k/farhad/2021/22dec/chromatic-number-iso-bfs-pw/main-script/job-generation/../../program-outputs/19318324.txt,"Conjecture: Satisfied
",22 18:15:49 CET 2021,IsomorphismBreadthFirstSearch,,19, pw = 3,00:00:03,1,19318324,1,Wed Dec 22 18:15:46 CET 2021,../../inputs/ChromaticNumber_7,0,/cluster/projects/nn9535k/farhad/2021/22dec/chromatic-number-iso-bfs-pw/main-script/job-generation/../../jobs/19318324.sh,DONE,4728410
2G,14-00:00:00,7,-premise, -pl -pdbgn ,1,15,,11,NN9535K,/cluster/home/farhadvadiee/2021/22dec/chromatic-number-iso-bfs/Build/./treewidzard -search   pw = 3  -pl -pdbgn  -premise IsomorphismBreadthFirstSearch ../../inputs/ChromaticNumber_7.txt > /cluster/projects/nn9535k/farhad/2021/22dec/chromatic-number-iso-bfs-pw/main-script/job-generation/../../program-outputs/19318328.txt,"Conjecture: Satisfied
",22 18:15:49 CET 2021,IsomorphismBreadthFirstSearch,,19, pw = 3,00:00:03,1,19318328,1,Wed Dec 22 18:15:46 CET 2021,../../inputs/ChromaticNumber_7,0,/cluster/projects/nn9535k/farhad/2021/22dec/chromatic-number-iso-bfs-pw/main-script/job-generation/../../jobs/19318328.sh,DONE,4728411
2G,14-00:00:00,7, , -pl -pdbgn ,1,52,,16,NN9535K,/cluster/home/farhadvadiee/2021/22dec/chromatic-number-iso-bfs/Build/./treewidzard -search   pw = 4  -pl -pdbgn    IsomorphismBreadthFirstSearch ../../inputs/ChromaticNumber_7.txt > /cluster/projects/nn9535k/farhad/2021/22dec/chromatic-number-iso-bfs-pw/main-script/job-generation/../../program-outputs/19318333.txt,"Conjecture: Satisfied
",22 18:16:01 CET 2021,IsomorphismBreadthFirstSearch,,53, pw = 4,00:00:15,1,19318333,1,Wed Dec 22 18:15:46 CET 2021,../../inputs/ChromaticNumber_7,0,/cluster/projects/nn9535k/farhad/2021/22dec/chromatic-number-iso-bfs-pw/main-script/job-generation/../../jobs/19318333.sh,DONE,4728412
2G,14-00:00:00,7,-premise, -pl -pdbgn ,1,52,,16,NN9535K,/cluster/home/farhadvadiee/2021/22dec/chromatic-number-iso-bfs/Build/./treewidzard -search   pw = 4  -pl -pdbgn  -premise IsomorphismBreadthFirstSearch ../../inputs/ChromaticNumber_7.txt > /cluster/projects/nn9535k/farhad/2021/22dec/chromatic-number-iso-bfs-pw/main-script/job-generation/../../program-outputs/19318338.txt,"Conjecture: Satisfied
",22 18:16:02 CET 2021,IsomorphismBreadthFirstSearch,,53, pw = 4,00:00:15,1,19318338,1,Wed Dec 22 18:15:46 CET 2021,../../inputs/ChromaticNumber_7,0,/cluster/projects/nn9535k/farhad/2021/22dec/chromatic-number-iso-bfs-pw/main-script/job-generation/../../jobs/19318338.sh,DONE,4728413
2G,14-00:00:00,7, , -pl -pdbgn ,1,203,,22,NN9535K,/cluster/home/farhadvadiee/2021/22dec/chromatic-number-iso-bfs/Build/./treewidzard -search   pw = 5  -pl -pdbgn    IsomorphismBreadthFirstSearch ../../inputs/ChromaticNumber_7.txt > /cluster/projects/nn9535k/farhad/2021/22dec/chromatic-number-iso-bfs-pw/main-script/job-generation/../../program-outputs/19318343.txt,"Conjecture: Satisfied
",22 18:36:30 CET 2021,IsomorphismBreadthFirstSearch,,209, pw = 5,00:20:45,1,19318343,1,Wed Dec 22 18:15:46 CET 2021,../../inputs/ChromaticNumber_7,1644K,/cluster/projects/nn9535k/farhad/2021/22dec/chromatic-number-iso-bfs-pw/main-script/job-generation/../../jobs/19318343.sh,DONE,4728414
2G,14-00:00:00,7,-premise, -pl -pdbgn ,1,203,,22,NN9535K,/cluster/home/farhadvadiee/2021/22dec/chromatic-number-iso-bfs/Build/./treewidzard -search   pw = 5  -pl -pdbgn  -premise IsomorphismBreadthFirstSearch ../../inputs/ChromaticNumber_7.txt > /cluster/projects/nn9535k/farhad/2021/22dec/chromatic-number-iso-bfs-pw/main-script/job-generation/../../program-outputs/19318347.txt,"Conjecture: Satisfied
",22 18:36:29 CET 2021,IsomorphismBreadthFirstSearch,,209, pw = 5,00:20:43,1,19318347,1,Wed Dec 22 18:15:47 CET 2021,../../inputs/ChromaticNumber_7,1644K,/cluster/projects/nn9535k/farhad/2021/22dec/chromatic-number-iso-bfs-pw/main-script/job-generation/../../jobs/19318347.sh,DONE,4728415
2G,14-00:00:00,7, , -pl -pdbgn ,1,877,,29,NN9535K,/cluster/home/farhadvadiee/2021/22dec/chromatic-number-iso-bfs/Build/./treewidzard -search   pw = 6  -pl -pdbgn    IsomorphismBreadthFirstSearch ../../inputs/ChromaticNumber_7.txt > /cluster/projects/nn9535k/farhad/2021/22dec/chromatic-number-iso-bfs-pw/main-script/job-generation/../../program-outputs/19318352.txt,"Conjecture: Satisfied
",25 17:19:23 CET 2021,IsomorphismBreadthFirstSearch,,1253, pw = 6,2-23:03:38,1,19318352,1,Wed Dec 22 18:15:47 CET 2021,../../inputs/ChromaticNumber_7,4672K,/cluster/projects/nn9535k/farhad/2021/22dec/chromatic-number-iso-bfs-pw/main-script/job-generation/../../jobs/19318352.sh,DONE,4728416
2G,14-00:00:00,7,-premise, -pl -pdbgn ,1,877,,29,NN9535K,/cluster/home/farhadvadiee/2021/22dec/chromatic-number-iso-bfs/Build/./treewidzard -search   pw = 6  -pl -pdbgn  -premise IsomorphismBreadthFirstSearch ../../inputs/ChromaticNumber_7.txt > /cluster/projects/nn9535k/farhad/2021/22dec/chromatic-number-iso-bfs-pw/main-script/job-generation/../../program-outputs/19318357.txt,"Conjecture: Satisfied
",25 17:24:58 CET 2021,IsomorphismBreadthFirstSearch,,1253, pw = 6,2-23:09:12,1,19318357,1,Wed Dec 22 18:15:47 CET 2021,../../inputs/ChromaticNumber_7,4660K,/cluster/projects/nn9535k/farhad/2021/22dec/chromatic-number-iso-bfs-pw/main-script/job-generation/../../jobs/19318357.sh,DONE,4728417
2G,14-00:00:00,7, , -pl -pdbgn ,1,4139,Error,12,NN9535K,/cluster/home/farhadvadiee/2021/22dec/chromatic-number-iso-bfs/Build/./treewidzard -search   pw = 7  -pl -pdbgn    IsomorphismBreadthFirstSearch ../../inputs/ChromaticNumber_7.txt > /cluster/projects/nn9535k/farhad/2021/22dec/chromatic-number-iso-bfs-pw/main-script/job-generation/../../program-outputs/19318362.txt,Not Finished,5 18:54:22 CET 2022,IsomorphismBreadthFirstSearch,"slurmstepd: error: *** JOB 4728418 ON c3-54 CANCELLED AT 2022-01-05T18:54:19 DUE TO TIME LIMIT ***
",163, pw = 7,14-00:00:0,1,19318362,1,Wed Dec 22 18:15:47 CET 2021,../../inputs/ChromaticNumber_7,13032K,/cluster/projects/nn9535k/farhad/2021/22dec/chromatic-number-iso-bfs-pw/main-script/job-generation/../../jobs/19318362.sh,DONE,4728418
2G,14-00:00:00,7,-premise, -pl -pdbgn ,1,4139,Error,12,NN9535K,/cluster/home/farhadvadiee/2021/22dec/chromatic-number-iso-bfs/Build/./treewidzard -search   pw = 7  -pl -pdbgn  -premise IsomorphismBreadthFirstSearch ../../inputs/ChromaticNumber_7.txt > /cluster/projects/nn9535k/farhad/2021/22dec/chromatic-number-iso-bfs-pw/main-script/job-generation/../../program-outputs/19318366.txt,Not Finished,5 18:54:50 CET 2022,IsomorphismBreadthFirstSearch,"slurmstepd: error: *** JOB 4728419 ON c3-56 CANCELLED AT 2022-01-05T18:54:49 DUE TO TIME LIMIT ***
",163, pw = 7,14-00:00:0,1,19318366,1,Wed Dec 22 18:16:16 CET 2021,../../inputs/ChromaticNumber_7,13032K,/cluster/projects/nn9535k/farhad/2021/22dec/chromatic-number-iso-bfs-pw/main-script/job-generation/../../jobs/19318366.sh,DONE,4728419
