start,finish,job-id,ntasks,ChromaticNumber,conjecture-status,error-output,all-states,cpus-per-task,job-name,max-rss,script-file,elapsed,iteration,status,max-witness-size,width,time,ntasks-per-node, Search Type,Flags,account,input,error,mem-per-cpu,command,Search Options
Wed Dec 22 18:15:15 CET 2021,22 18:15:18 CET 2021,4728322,1,1,"Conjecture: Satisfied
",,6,1,19317898,0,/cluster/projects/nn9535k/farhad/2021/22dec/chromatic-number-iso-bfs-pw/main-script/job-generation/../../jobs/19317898.sh,00:00:01,6,DONE,1, pw = 1,14-00:00:00,1,IsomorphismBreadthFirstSearch, -pl -pdbgn ,NN9535K,../../inputs/ChromaticNumber_1,,2G,/cluster/home/farhadvadiee/2021/22dec/chromatic-number-iso-bfs/Build/./treewidzard -search   pw = 1  -pl -pdbgn    IsomorphismBreadthFirstSearch ../../inputs/ChromaticNumber_1.txt > /cluster/projects/nn9535k/farhad/2021/22dec/chromatic-number-iso-bfs-pw/main-script/job-generation/../../program-outputs/19317898.txt, 
Wed Dec 22 18:15:15 CET 2021,22 18:15:18 CET 2021,4728323,1,1,"Conjecture: Satisfied
",,3,1,19317903,0,/cluster/projects/nn9535k/farhad/2021/22dec/chromatic-number-iso-bfs-pw/main-script/job-generation/../../jobs/19317903.sh,00:00:01,3,DONE,1, pw = 1,14-00:00:00,1,IsomorphismBreadthFirstSearch, -pl -pdbgn ,NN9535K,../../inputs/ChromaticNumber_1,,2G,/cluster/home/farhadvadiee/2021/22dec/chromatic-number-iso-bfs/Build/./treewidzard -search   pw = 1  -pl -pdbgn  -premise IsomorphismBreadthFirstSearch ../../inputs/ChromaticNumber_1.txt > /cluster/projects/nn9535k/farhad/2021/22dec/chromatic-number-iso-bfs-pw/main-script/job-generation/../../program-outputs/19317903.txt,-premise
Wed Dec 22 18:15:16 CET 2021,22 18:15:18 CET 2021,4728324,1,1,"Conjecture: Satisfied
",,8,1,19317908,0,/cluster/projects/nn9535k/farhad/2021/22dec/chromatic-number-iso-bfs-pw/main-script/job-generation/../../jobs/19317908.sh,00:00:01,6,DONE,1, pw = 2,14-00:00:00,1,IsomorphismBreadthFirstSearch, -pl -pdbgn ,NN9535K,../../inputs/ChromaticNumber_1,,2G,/cluster/home/farhadvadiee/2021/22dec/chromatic-number-iso-bfs/Build/./treewidzard -search   pw = 2  -pl -pdbgn    IsomorphismBreadthFirstSearch ../../inputs/ChromaticNumber_1.txt > /cluster/projects/nn9535k/farhad/2021/22dec/chromatic-number-iso-bfs-pw/main-script/job-generation/../../program-outputs/19317908.txt, 
Wed Dec 22 18:15:16 CET 2021,22 18:15:19 CET 2021,4728325,1,1,"Conjecture: Satisfied
",,4,1,19317913,0,/cluster/projects/nn9535k/farhad/2021/22dec/chromatic-number-iso-bfs-pw/main-script/job-generation/../../jobs/19317913.sh,00:00:01,4,DONE,1, pw = 2,14-00:00:00,1,IsomorphismBreadthFirstSearch, -pl -pdbgn ,NN9535K,../../inputs/ChromaticNumber_1,,2G,/cluster/home/farhadvadiee/2021/22dec/chromatic-number-iso-bfs/Build/./treewidzard -search   pw = 2  -pl -pdbgn  -premise IsomorphismBreadthFirstSearch ../../inputs/ChromaticNumber_1.txt > /cluster/projects/nn9535k/farhad/2021/22dec/chromatic-number-iso-bfs-pw/main-script/job-generation/../../program-outputs/19317913.txt,-premise
Wed Dec 22 18:15:16 CET 2021,22 18:15:19 CET 2021,4728326,1,1,"Conjecture: Satisfied
",,10,1,19317918,0,/cluster/projects/nn9535k/farhad/2021/22dec/chromatic-number-iso-bfs-pw/main-script/job-generation/../../jobs/19317918.sh,00:00:02,6,DONE,1, pw = 3,14-00:00:00,1,IsomorphismBreadthFirstSearch, -pl -pdbgn ,NN9535K,../../inputs/ChromaticNumber_1,,2G,/cluster/home/farhadvadiee/2021/22dec/chromatic-number-iso-bfs/Build/./treewidzard -search   pw = 3  -pl -pdbgn    IsomorphismBreadthFirstSearch ../../inputs/ChromaticNumber_1.txt > /cluster/projects/nn9535k/farhad/2021/22dec/chromatic-number-iso-bfs-pw/main-script/job-generation/../../program-outputs/19317918.txt, 
Wed Dec 22 18:15:16 CET 2021,22 18:15:23 CET 2021,4728327,1,1,"Conjecture: Satisfied
",,5,1,19317923,0,/cluster/projects/nn9535k/farhad/2021/22dec/chromatic-number-iso-bfs-pw/main-script/job-generation/../../jobs/19317923.sh,00:00:04,5,DONE,1, pw = 3,14-00:00:00,1,IsomorphismBreadthFirstSearch, -pl -pdbgn ,NN9535K,../../inputs/ChromaticNumber_1,,2G,/cluster/home/farhadvadiee/2021/22dec/chromatic-number-iso-bfs/Build/./treewidzard -search   pw = 3  -pl -pdbgn  -premise IsomorphismBreadthFirstSearch ../../inputs/ChromaticNumber_1.txt > /cluster/projects/nn9535k/farhad/2021/22dec/chromatic-number-iso-bfs-pw/main-script/job-generation/../../program-outputs/19317923.txt,-premise
Wed Dec 22 18:15:16 CET 2021,22 18:15:22 CET 2021,4728328,1,1,"Conjecture: Satisfied
",,12,1,19317928,0,/cluster/projects/nn9535k/farhad/2021/22dec/chromatic-number-iso-bfs-pw/main-script/job-generation/../../jobs/19317928.sh,00:00:05,7,DONE,1, pw = 4,14-00:00:00,1,IsomorphismBreadthFirstSearch, -pl -pdbgn ,NN9535K,../../inputs/ChromaticNumber_1,,2G,/cluster/home/farhadvadiee/2021/22dec/chromatic-number-iso-bfs/Build/./treewidzard -search   pw = 4  -pl -pdbgn    IsomorphismBreadthFirstSearch ../../inputs/ChromaticNumber_1.txt > /cluster/projects/nn9535k/farhad/2021/22dec/chromatic-number-iso-bfs-pw/main-script/job-generation/../../program-outputs/19317928.txt, 
Wed Dec 22 18:15:16 CET 2021,22 18:15:23 CET 2021,4728329,1,1,"Conjecture: Satisfied
",,6,1,19317933,0,/cluster/projects/nn9535k/farhad/2021/22dec/chromatic-number-iso-bfs-pw/main-script/job-generation/../../jobs/19317933.sh,00:00:05,6,DONE,1, pw = 4,14-00:00:00,1,IsomorphismBreadthFirstSearch, -pl -pdbgn ,NN9535K,../../inputs/ChromaticNumber_1,,2G,/cluster/home/farhadvadiee/2021/22dec/chromatic-number-iso-bfs/Build/./treewidzard -search   pw = 4  -pl -pdbgn  -premise IsomorphismBreadthFirstSearch ../../inputs/ChromaticNumber_1.txt > /cluster/projects/nn9535k/farhad/2021/22dec/chromatic-number-iso-bfs-pw/main-script/job-generation/../../program-outputs/19317933.txt,-premise
Wed Dec 22 18:15:16 CET 2021,22 18:15:22 CET 2021,4728330,1,1,"Conjecture: Satisfied
",,14,1,19317938,0,/cluster/projects/nn9535k/farhad/2021/22dec/chromatic-number-iso-bfs-pw/main-script/job-generation/../../jobs/19317938.sh,00:00:04,8,DONE,1, pw = 5,14-00:00:00,1,IsomorphismBreadthFirstSearch, -pl -pdbgn ,NN9535K,../../inputs/ChromaticNumber_1,,2G,/cluster/home/farhadvadiee/2021/22dec/chromatic-number-iso-bfs/Build/./treewidzard -search   pw = 5  -pl -pdbgn    IsomorphismBreadthFirstSearch ../../inputs/ChromaticNumber_1.txt > /cluster/projects/nn9535k/farhad/2021/22dec/chromatic-number-iso-bfs-pw/main-script/job-generation/../../program-outputs/19317938.txt, 
Wed Dec 22 18:15:16 CET 2021,22 18:15:22 CET 2021,4728331,1,1,"Conjecture: Satisfied
",,7,1,19317943,0,/cluster/projects/nn9535k/farhad/2021/22dec/chromatic-number-iso-bfs-pw/main-script/job-generation/../../jobs/19317943.sh,00:00:04,7,DONE,1, pw = 5,14-00:00:00,1,IsomorphismBreadthFirstSearch, -pl -pdbgn ,NN9535K,../../inputs/ChromaticNumber_1,,2G,/cluster/home/farhadvadiee/2021/22dec/chromatic-number-iso-bfs/Build/./treewidzard -search   pw = 5  -pl -pdbgn  -premise IsomorphismBreadthFirstSearch ../../inputs/ChromaticNumber_1.txt > /cluster/projects/nn9535k/farhad/2021/22dec/chromatic-number-iso-bfs-pw/main-script/job-generation/../../program-outputs/19317943.txt,-premise
Wed Dec 22 18:15:16 CET 2021,22 18:15:23 CET 2021,4728332,1,1,"Conjecture: Satisfied
",,16,1,19317947,0,/cluster/projects/nn9535k/farhad/2021/22dec/chromatic-number-iso-bfs-pw/main-script/job-generation/../../jobs/19317947.sh,00:00:06,9,DONE,1, pw = 6,14-00:00:00,1,IsomorphismBreadthFirstSearch, -pl -pdbgn ,NN9535K,../../inputs/ChromaticNumber_1,,2G,/cluster/home/farhadvadiee/2021/22dec/chromatic-number-iso-bfs/Build/./treewidzard -search   pw = 6  -pl -pdbgn    IsomorphismBreadthFirstSearch ../../inputs/ChromaticNumber_1.txt > /cluster/projects/nn9535k/farhad/2021/22dec/chromatic-number-iso-bfs-pw/main-script/job-generation/../../program-outputs/19317947.txt, 
Wed Dec 22 18:15:16 CET 2021,22 18:15:23 CET 2021,4728333,1,1,"Conjecture: Satisfied
",,8,1,19317952,0,/cluster/projects/nn9535k/farhad/2021/22dec/chromatic-number-iso-bfs-pw/main-script/job-generation/../../jobs/19317952.sh,00:00:06,8,DONE,1, pw = 6,14-00:00:00,1,IsomorphismBreadthFirstSearch, -pl -pdbgn ,NN9535K,../../inputs/ChromaticNumber_1,,2G,/cluster/home/farhadvadiee/2021/22dec/chromatic-number-iso-bfs/Build/./treewidzard -search   pw = 6  -pl -pdbgn  -premise IsomorphismBreadthFirstSearch ../../inputs/ChromaticNumber_1.txt > /cluster/projects/nn9535k/farhad/2021/22dec/chromatic-number-iso-bfs-pw/main-script/job-generation/../../program-outputs/19317952.txt,-premise
Wed Dec 22 18:15:16 CET 2021,22 18:15:49 CET 2021,4728334,1,1,"Conjecture: Satisfied
",,18,1,19317957,0,/cluster/projects/nn9535k/farhad/2021/22dec/chromatic-number-iso-bfs-pw/main-script/job-generation/../../jobs/19317957.sh,00:00:33,10,DONE,1, pw = 7,14-00:00:00,1,IsomorphismBreadthFirstSearch, -pl -pdbgn ,NN9535K,../../inputs/ChromaticNumber_1,,2G,/cluster/home/farhadvadiee/2021/22dec/chromatic-number-iso-bfs/Build/./treewidzard -search   pw = 7  -pl -pdbgn    IsomorphismBreadthFirstSearch ../../inputs/ChromaticNumber_1.txt > /cluster/projects/nn9535k/farhad/2021/22dec/chromatic-number-iso-bfs-pw/main-script/job-generation/../../program-outputs/19317957.txt, 
Wed Dec 22 18:15:16 CET 2021,22 18:15:35 CET 2021,4728335,1,1,"Conjecture: Satisfied
",,9,1,19317962,0,/cluster/projects/nn9535k/farhad/2021/22dec/chromatic-number-iso-bfs-pw/main-script/job-generation/../../jobs/19317962.sh,00:00:19,9,DONE,1, pw = 7,14-00:00:00,1,IsomorphismBreadthFirstSearch, -pl -pdbgn ,NN9535K,../../inputs/ChromaticNumber_1,,2G,/cluster/home/farhadvadiee/2021/22dec/chromatic-number-iso-bfs/Build/./treewidzard -search   pw = 7  -pl -pdbgn  -premise IsomorphismBreadthFirstSearch ../../inputs/ChromaticNumber_1.txt > /cluster/projects/nn9535k/farhad/2021/22dec/chromatic-number-iso-bfs-pw/main-script/job-generation/../../program-outputs/19317962.txt,-premise
Wed Dec 22 18:15:16 CET 2021,22 18:15:21 CET 2021,4728336,1,2,"Conjecture: Satisfied
",,4,1,19317967,0,/cluster/projects/nn9535k/farhad/2021/22dec/chromatic-number-iso-bfs-pw/main-script/job-generation/../../jobs/19317967.sh,00:00:05,4,DONE,2, pw = 1,14-00:00:00,1,IsomorphismBreadthFirstSearch, -pl -pdbgn ,NN9535K,../../inputs/ChromaticNumber_2,,2G,/cluster/home/farhadvadiee/2021/22dec/chromatic-number-iso-bfs/Build/./treewidzard -search   pw = 1  -pl -pdbgn    IsomorphismBreadthFirstSearch ../../inputs/ChromaticNumber_2.txt > /cluster/projects/nn9535k/farhad/2021/22dec/chromatic-number-iso-bfs-pw/main-script/job-generation/../../program-outputs/19317967.txt, 
Wed Dec 22 18:15:16 CET 2021,22 18:15:21 CET 2021,4728337,1,2,"Conjecture: Satisfied
",,4,1,19317975,0,/cluster/projects/nn9535k/farhad/2021/22dec/chromatic-number-iso-bfs-pw/main-script/job-generation/../../jobs/19317975.sh,00:00:04,4,DONE,2, pw = 1,14-00:00:00,1,IsomorphismBreadthFirstSearch, -pl -pdbgn ,NN9535K,../../inputs/ChromaticNumber_2,,2G,/cluster/home/farhadvadiee/2021/22dec/chromatic-number-iso-bfs/Build/./treewidzard -search   pw = 1  -pl -pdbgn  -premise IsomorphismBreadthFirstSearch ../../inputs/ChromaticNumber_2.txt > /cluster/projects/nn9535k/farhad/2021/22dec/chromatic-number-iso-bfs-pw/main-script/job-generation/../../program-outputs/19317975.txt,-premise
Wed Dec 22 18:15:17 CET 2021,22 18:15:22 CET 2021,4728338,1,2,"Conjecture: Satisfied
",,13,1,19317980,0,/cluster/projects/nn9535k/farhad/2021/22dec/chromatic-number-iso-bfs-pw/main-script/job-generation/../../jobs/19317980.sh,00:00:04,10,DONE,4, pw = 2,14-00:00:00,1,IsomorphismBreadthFirstSearch, -pl -pdbgn ,NN9535K,../../inputs/ChromaticNumber_2,,2G,/cluster/home/farhadvadiee/2021/22dec/chromatic-number-iso-bfs/Build/./treewidzard -search   pw = 2  -pl -pdbgn    IsomorphismBreadthFirstSearch ../../inputs/ChromaticNumber_2.txt > /cluster/projects/nn9535k/farhad/2021/22dec/chromatic-number-iso-bfs-pw/main-script/job-generation/../../program-outputs/19317980.txt, 
Wed Dec 22 18:15:17 CET 2021,22 18:15:21 CET 2021,4728339,1,2,"Conjecture: Satisfied
",,9,1,19317984,0,/cluster/projects/nn9535k/farhad/2021/22dec/chromatic-number-iso-bfs-pw/main-script/job-generation/../../jobs/19317984.sh,00:00:05,8,DONE,4, pw = 2,14-00:00:00,1,IsomorphismBreadthFirstSearch, -pl -pdbgn ,NN9535K,../../inputs/ChromaticNumber_2,,2G,/cluster/home/farhadvadiee/2021/22dec/chromatic-number-iso-bfs/Build/./treewidzard -search   pw = 2  -pl -pdbgn  -premise IsomorphismBreadthFirstSearch ../../inputs/ChromaticNumber_2.txt > /cluster/projects/nn9535k/farhad/2021/22dec/chromatic-number-iso-bfs-pw/main-script/job-generation/../../program-outputs/19317984.txt,-premise
Wed Dec 22 18:15:17 CET 2021,22 18:15:21 CET 2021,4728340,1,2,"Conjecture: Satisfied
",,24,1,19317989,0,/cluster/projects/nn9535k/farhad/2021/22dec/chromatic-number-iso-bfs-pw/main-script/job-generation/../../jobs/19317989.sh,00:00:05,10,DONE,8, pw = 3,14-00:00:00,1,IsomorphismBreadthFirstSearch, -pl -pdbgn ,NN9535K,../../inputs/ChromaticNumber_2,,2G,/cluster/home/farhadvadiee/2021/22dec/chromatic-number-iso-bfs/Build/./treewidzard -search   pw = 3  -pl -pdbgn    IsomorphismBreadthFirstSearch ../../inputs/ChromaticNumber_2.txt > /cluster/projects/nn9535k/farhad/2021/22dec/chromatic-number-iso-bfs-pw/main-script/job-generation/../../program-outputs/19317989.txt, 
Wed Dec 22 18:15:17 CET 2021,22 18:15:22 CET 2021,4728341,1,2,"Conjecture: Satisfied
",,19,1,19317994,0,/cluster/projects/nn9535k/farhad/2021/22dec/chromatic-number-iso-bfs-pw/main-script/job-generation/../../jobs/19317994.sh,00:00:04,10,DONE,8, pw = 3,14-00:00:00,1,IsomorphismBreadthFirstSearch, -pl -pdbgn ,NN9535K,../../inputs/ChromaticNumber_2,,2G,/cluster/home/farhadvadiee/2021/22dec/chromatic-number-iso-bfs/Build/./treewidzard -search   pw = 3  -pl -pdbgn  -premise IsomorphismBreadthFirstSearch ../../inputs/ChromaticNumber_2.txt > /cluster/projects/nn9535k/farhad/2021/22dec/chromatic-number-iso-bfs-pw/main-script/job-generation/../../program-outputs/19317994.txt,-premise
Wed Dec 22 18:15:17 CET 2021,22 18:15:21 CET 2021,4728342,1,2,"Conjecture: Satisfied
",,43,1,19317999,0,/cluster/projects/nn9535k/farhad/2021/22dec/chromatic-number-iso-bfs-pw/main-script/job-generation/../../jobs/19317999.sh,00:00:05,14,DONE,16, pw = 4,14-00:00:00,1,IsomorphismBreadthFirstSearch, -pl -pdbgn ,NN9535K,../../inputs/ChromaticNumber_2,,2G,/cluster/home/farhadvadiee/2021/22dec/chromatic-number-iso-bfs/Build/./treewidzard -search   pw = 4  -pl -pdbgn    IsomorphismBreadthFirstSearch ../../inputs/ChromaticNumber_2.txt > /cluster/projects/nn9535k/farhad/2021/22dec/chromatic-number-iso-bfs-pw/main-script/job-generation/../../program-outputs/19317999.txt, 
Wed Dec 22 18:15:17 CET 2021,22 18:15:23 CET 2021,4728343,1,2,"Conjecture: Satisfied
",,37,1,19318004,0,/cluster/projects/nn9535k/farhad/2021/22dec/chromatic-number-iso-bfs-pw/main-script/job-generation/../../jobs/19318004.sh,00:00:05,14,DONE,16, pw = 4,14-00:00:00,1,IsomorphismBreadthFirstSearch, -pl -pdbgn ,NN9535K,../../inputs/ChromaticNumber_2,,2G,/cluster/home/farhadvadiee/2021/22dec/chromatic-number-iso-bfs/Build/./treewidzard -search   pw = 4  -pl -pdbgn  -premise IsomorphismBreadthFirstSearch ../../inputs/ChromaticNumber_2.txt > /cluster/projects/nn9535k/farhad/2021/22dec/chromatic-number-iso-bfs-pw/main-script/job-generation/../../program-outputs/19318004.txt,-premise
Wed Dec 22 18:15:17 CET 2021,22 18:15:48 CET 2021,4728344,1,2,"Conjecture: Satisfied
",,77,1,19318009,0,/cluster/projects/nn9535k/farhad/2021/22dec/chromatic-number-iso-bfs-pw/main-script/job-generation/../../jobs/19318009.sh,00:00:33,16,DONE,32, pw = 5,14-00:00:00,1,IsomorphismBreadthFirstSearch, -pl -pdbgn ,NN9535K,../../inputs/ChromaticNumber_2,,2G,/cluster/home/farhadvadiee/2021/22dec/chromatic-number-iso-bfs/Build/./treewidzard -search   pw = 5  -pl -pdbgn    IsomorphismBreadthFirstSearch ../../inputs/ChromaticNumber_2.txt > /cluster/projects/nn9535k/farhad/2021/22dec/chromatic-number-iso-bfs-pw/main-script/job-generation/../../program-outputs/19318009.txt, 
Wed Dec 22 18:15:17 CET 2021,22 18:15:49 CET 2021,4728345,1,2,"Conjecture: Satisfied
",,70,1,19318013,0,/cluster/projects/nn9535k/farhad/2021/22dec/chromatic-number-iso-bfs-pw/main-script/job-generation/../../jobs/19318013.sh,00:00:33,16,DONE,32, pw = 5,14-00:00:00,1,IsomorphismBreadthFirstSearch, -pl -pdbgn ,NN9535K,../../inputs/ChromaticNumber_2,,2G,/cluster/home/farhadvadiee/2021/22dec/chromatic-number-iso-bfs/Build/./treewidzard -search   pw = 5  -pl -pdbgn  -premise IsomorphismBreadthFirstSearch ../../inputs/ChromaticNumber_2.txt > /cluster/projects/nn9535k/farhad/2021/22dec/chromatic-number-iso-bfs-pw/main-script/job-generation/../../program-outputs/19318013.txt,-premise
Wed Dec 22 18:15:17 CET 2021,22 18:26:49 CET 2021,4728346,1,2,"Conjecture: Satisfied
",,135,1,19318018,1428K,/cluster/projects/nn9535k/farhad/2021/22dec/chromatic-number-iso-bfs-pw/main-script/job-generation/../../jobs/19318018.sh,00:11:34,20,DONE,64, pw = 6,14-00:00:00,1,IsomorphismBreadthFirstSearch, -pl -pdbgn ,NN9535K,../../inputs/ChromaticNumber_2,,2G,/cluster/home/farhadvadiee/2021/22dec/chromatic-number-iso-bfs/Build/./treewidzard -search   pw = 6  -pl -pdbgn    IsomorphismBreadthFirstSearch ../../inputs/ChromaticNumber_2.txt > /cluster/projects/nn9535k/farhad/2021/22dec/chromatic-number-iso-bfs-pw/main-script/job-generation/../../program-outputs/19318018.txt, 
Wed Dec 22 18:15:17 CET 2021,22 18:26:43 CET 2021,4728347,1,2,"Conjecture: Satisfied
",,127,1,19318023,1424K,/cluster/projects/nn9535k/farhad/2021/22dec/chromatic-number-iso-bfs-pw/main-script/job-generation/../../jobs/19318023.sh,00:11:27,20,DONE,64, pw = 6,14-00:00:00,1,IsomorphismBreadthFirstSearch, -pl -pdbgn ,NN9535K,../../inputs/ChromaticNumber_2,,2G,/cluster/home/farhadvadiee/2021/22dec/chromatic-number-iso-bfs/Build/./treewidzard -search   pw = 6  -pl -pdbgn  -premise IsomorphismBreadthFirstSearch ../../inputs/ChromaticNumber_2.txt > /cluster/projects/nn9535k/farhad/2021/22dec/chromatic-number-iso-bfs-pw/main-script/job-generation/../../program-outputs/19318023.txt,-premise
Wed Dec 22 18:15:17 CET 2021,22 23:41:42 CET 2021,4728348,1,2,"Conjecture: Satisfied
",,235,1,19318028,1996K,/cluster/projects/nn9535k/farhad/2021/22dec/chromatic-number-iso-bfs-pw/main-script/job-generation/../../jobs/19318028.sh,05:26:26,22,DONE,128, pw = 7,14-00:00:00,1,IsomorphismBreadthFirstSearch, -pl -pdbgn ,NN9535K,../../inputs/ChromaticNumber_2,,2G,/cluster/home/farhadvadiee/2021/22dec/chromatic-number-iso-bfs/Build/./treewidzard -search   pw = 7  -pl -pdbgn    IsomorphismBreadthFirstSearch ../../inputs/ChromaticNumber_2.txt > /cluster/projects/nn9535k/farhad/2021/22dec/chromatic-number-iso-bfs-pw/main-script/job-generation/../../program-outputs/19318028.txt, 
Wed Dec 22 18:15:18 CET 2021,22 23:42:01 CET 2021,4728349,1,2,"Conjecture: Satisfied
",,226,1,19318033,1992K,/cluster/projects/nn9535k/farhad/2021/22dec/chromatic-number-iso-bfs-pw/main-script/job-generation/../../jobs/19318033.sh,05:26:46,22,DONE,128, pw = 7,14-00:00:00,1,IsomorphismBreadthFirstSearch, -pl -pdbgn ,NN9535K,../../inputs/ChromaticNumber_2,,2G,/cluster/home/farhadvadiee/2021/22dec/chromatic-number-iso-bfs/Build/./treewidzard -search   pw = 7  -pl -pdbgn  -premise IsomorphismBreadthFirstSearch ../../inputs/ChromaticNumber_2.txt > /cluster/projects/nn9535k/farhad/2021/22dec/chromatic-number-iso-bfs-pw/main-script/job-generation/../../program-outputs/19318033.txt,-premise
Wed Dec 22 18:15:16 CET 2021,22 18:15:17 CET 2021,4728350,1,3,"Conjecture: Satisfied
",,4,1,19318038,0,/cluster/projects/nn9535k/farhad/2021/22dec/chromatic-number-iso-bfs-pw/main-script/job-generation/../../jobs/19318038.sh,00:00:01,4,DONE,2, pw = 1,14-00:00:00,1,IsomorphismBreadthFirstSearch, -pl -pdbgn ,NN9535K,../../inputs/ChromaticNumber_3,,2G,/cluster/home/farhadvadiee/2021/22dec/chromatic-number-iso-bfs/Build/./treewidzard -search   pw = 1  -pl -pdbgn    IsomorphismBreadthFirstSearch ../../inputs/ChromaticNumber_3.txt > /cluster/projects/nn9535k/farhad/2021/22dec/chromatic-number-iso-bfs-pw/main-script/job-generation/../../program-outputs/19318038.txt, 
Wed Dec 22 18:15:16 CET 2021,22 18:15:18 CET 2021,4728351,1,3,"Conjecture: Satisfied
",,4,1,19318042,0,/cluster/projects/nn9535k/farhad/2021/22dec/chromatic-number-iso-bfs-pw/main-script/job-generation/../../jobs/19318042.sh,00:00:01,4,DONE,2, pw = 1,14-00:00:00,1,IsomorphismBreadthFirstSearch, -pl -pdbgn ,NN9535K,../../inputs/ChromaticNumber_3,,2G,/cluster/home/farhadvadiee/2021/22dec/chromatic-number-iso-bfs/Build/./treewidzard -search   pw = 1  -pl -pdbgn  -premise IsomorphismBreadthFirstSearch ../../inputs/ChromaticNumber_3.txt > /cluster/projects/nn9535k/farhad/2021/22dec/chromatic-number-iso-bfs-pw/main-script/job-generation/../../program-outputs/19318042.txt,-premise
Wed Dec 22 18:15:16 CET 2021,22 18:15:18 CET 2021,4728352,1,3,"Conjecture: Satisfied
",,8,1,19318047,0,/cluster/projects/nn9535k/farhad/2021/22dec/chromatic-number-iso-bfs-pw/main-script/job-generation/../../jobs/19318047.sh,00:00:01,7,DONE,5, pw = 2,14-00:00:00,1,IsomorphismBreadthFirstSearch, -pl -pdbgn ,NN9535K,../../inputs/ChromaticNumber_3,,2G,/cluster/home/farhadvadiee/2021/22dec/chromatic-number-iso-bfs/Build/./treewidzard -search   pw = 2  -pl -pdbgn    IsomorphismBreadthFirstSearch ../../inputs/ChromaticNumber_3.txt > /cluster/projects/nn9535k/farhad/2021/22dec/chromatic-number-iso-bfs-pw/main-script/job-generation/../../program-outputs/19318047.txt, 
Wed Dec 22 18:15:16 CET 2021,22 18:15:17 CET 2021,4728353,1,3,"Conjecture: Satisfied
",,8,1,19318052,0,/cluster/projects/nn9535k/farhad/2021/22dec/chromatic-number-iso-bfs-pw/main-script/job-generation/../../jobs/19318052.sh,00:00:02,7,DONE,5, pw = 2,14-00:00:00,1,IsomorphismBreadthFirstSearch, -pl -pdbgn ,NN9535K,../../inputs/ChromaticNumber_3,,2G,/cluster/home/farhadvadiee/2021/22dec/chromatic-number-iso-bfs/Build/./treewidzard -search   pw = 2  -pl -pdbgn  -premise IsomorphismBreadthFirstSearch ../../inputs/ChromaticNumber_3.txt > /cluster/projects/nn9535k/farhad/2021/22dec/chromatic-number-iso-bfs-pw/main-script/job-generation/../../program-outputs/19318052.txt,-premise
Wed Dec 22 18:15:16 CET 2021,22 18:15:18 CET 2021,4728354,1,3,"Conjecture: Satisfied
",,61,1,19318057,0,/cluster/projects/nn9535k/farhad/2021/22dec/chromatic-number-iso-bfs-pw/main-script/job-generation/../../jobs/19318057.sh,00:00:02,24,DONE,14, pw = 3,14-00:00:00,1,IsomorphismBreadthFirstSearch, -pl -pdbgn ,NN9535K,../../inputs/ChromaticNumber_3,,2G,/cluster/home/farhadvadiee/2021/22dec/chromatic-number-iso-bfs/Build/./treewidzard -search   pw = 3  -pl -pdbgn    IsomorphismBreadthFirstSearch ../../inputs/ChromaticNumber_3.txt > /cluster/projects/nn9535k/farhad/2021/22dec/chromatic-number-iso-bfs-pw/main-script/job-generation/../../program-outputs/19318057.txt, 
Wed Dec 22 18:15:16 CET 2021,22 18:15:19 CET 2021,4728355,1,3,"Conjecture: Satisfied
",,56,1,19318061,0,/cluster/projects/nn9535k/farhad/2021/22dec/chromatic-number-iso-bfs-pw/main-script/job-generation/../../jobs/19318061.sh,00:00:02,24,DONE,14, pw = 3,14-00:00:00,1,IsomorphismBreadthFirstSearch, -pl -pdbgn ,NN9535K,../../inputs/ChromaticNumber_3,,2G,/cluster/home/farhadvadiee/2021/22dec/chromatic-number-iso-bfs/Build/./treewidzard -search   pw = 3  -pl -pdbgn  -premise IsomorphismBreadthFirstSearch ../../inputs/ChromaticNumber_3.txt > /cluster/projects/nn9535k/farhad/2021/22dec/chromatic-number-iso-bfs-pw/main-script/job-generation/../../program-outputs/19318061.txt,-premise
Wed Dec 22 18:15:16 CET 2021,22 18:33:41 CET 2021,4728356,1,3,"Conjecture: Satisfied
",,5220,1,19318066,5472K,/cluster/projects/nn9535k/farhad/2021/22dec/chromatic-number-iso-bfs-pw/main-script/job-generation/../../jobs/19318066.sh,00:18:26,65,DONE,41, pw = 4,14-00:00:00,1,IsomorphismBreadthFirstSearch, -pl -pdbgn ,NN9535K,../../inputs/ChromaticNumber_3,,2G,/cluster/home/farhadvadiee/2021/22dec/chromatic-number-iso-bfs/Build/./treewidzard -search   pw = 4  -pl -pdbgn    IsomorphismBreadthFirstSearch ../../inputs/ChromaticNumber_3.txt > /cluster/projects/nn9535k/farhad/2021/22dec/chromatic-number-iso-bfs-pw/main-script/job-generation/../../program-outputs/19318066.txt, 
Wed Dec 22 18:15:16 CET 2021,22 18:33:58 CET 2021,4728357,1,3,"Conjecture: Satisfied
",,5214,1,19318071,5508K,/cluster/projects/nn9535k/farhad/2021/22dec/chromatic-number-iso-bfs-pw/main-script/job-generation/../../jobs/19318071.sh,00:18:43,65,DONE,41, pw = 4,14-00:00:00,1,IsomorphismBreadthFirstSearch, -pl -pdbgn ,NN9535K,../../inputs/ChromaticNumber_3,,2G,/cluster/home/farhadvadiee/2021/22dec/chromatic-number-iso-bfs/Build/./treewidzard -search   pw = 4  -pl -pdbgn  -premise IsomorphismBreadthFirstSearch ../../inputs/ChromaticNumber_3.txt > /cluster/projects/nn9535k/farhad/2021/22dec/chromatic-number-iso-bfs-pw/main-script/job-generation/../../program-outputs/19318071.txt,-premise
Wed Dec 22 18:15:16 CET 2021,5 18:53:52 CET 2022,4728358,1,3,Not Finished,Error,474443,1,19318076,471036K,/cluster/projects/nn9535k/farhad/2021/22dec/chromatic-number-iso-bfs-pw/main-script/job-generation/../../jobs/19318076.sh,14-00:00:0,32,DONE,122, pw = 5,14-00:00:00,1,IsomorphismBreadthFirstSearch, -pl -pdbgn ,NN9535K,../../inputs/ChromaticNumber_3,"slurmstepd: error: *** JOB 4728358 ON c3-54 CANCELLED AT 2022-01-05T18:53:49 DUE TO TIME LIMIT ***
",2G,/cluster/home/farhadvadiee/2021/22dec/chromatic-number-iso-bfs/Build/./treewidzard -search   pw = 5  -pl -pdbgn    IsomorphismBreadthFirstSearch ../../inputs/ChromaticNumber_3.txt > /cluster/projects/nn9535k/farhad/2021/22dec/chromatic-number-iso-bfs-pw/main-script/job-generation/../../program-outputs/19318076.txt, 
Wed Dec 22 18:15:16 CET 2021,5 18:53:52 CET 2022,4728359,1,3,Not Finished,Error,474436,1,19318080,474032K,/cluster/projects/nn9535k/farhad/2021/22dec/chromatic-number-iso-bfs-pw/main-script/job-generation/../../jobs/19318080.sh,14-00:00:0,32,DONE,122, pw = 5,14-00:00:00,1,IsomorphismBreadthFirstSearch, -pl -pdbgn ,NN9535K,../../inputs/ChromaticNumber_3,"slurmstepd: error: *** JOB 4728359 ON c3-54 CANCELLED AT 2022-01-05T18:53:49 DUE TO TIME LIMIT ***
",2G,/cluster/home/farhadvadiee/2021/22dec/chromatic-number-iso-bfs/Build/./treewidzard -search   pw = 5  -pl -pdbgn  -premise IsomorphismBreadthFirstSearch ../../inputs/ChromaticNumber_3.txt > /cluster/projects/nn9535k/farhad/2021/22dec/chromatic-number-iso-bfs-pw/main-script/job-generation/../../program-outputs/19318080.txt,-premise
Wed Dec 22 18:15:16 CET 2021,5 18:53:52 CET 2022,4728360,1,3,Not Finished,Error,24238,1,19318085,43940K,/cluster/projects/nn9535k/farhad/2021/22dec/chromatic-number-iso-bfs-pw/main-script/job-generation/../../jobs/19318085.sh,14-00:00:0,22,DONE,365, pw = 6,14-00:00:00,1,IsomorphismBreadthFirstSearch, -pl -pdbgn ,NN9535K,../../inputs/ChromaticNumber_3,"slurmstepd: error: *** JOB 4728360 ON c3-54 CANCELLED AT 2022-01-05T18:53:49 DUE TO TIME LIMIT ***
",2G,/cluster/home/farhadvadiee/2021/22dec/chromatic-number-iso-bfs/Build/./treewidzard -search   pw = 6  -pl -pdbgn    IsomorphismBreadthFirstSearch ../../inputs/ChromaticNumber_3.txt > /cluster/projects/nn9535k/farhad/2021/22dec/chromatic-number-iso-bfs-pw/main-script/job-generation/../../program-outputs/19318085.txt, 
Wed Dec 22 18:15:16 CET 2021,5 18:53:51 CET 2022,4728361,1,3,Not Finished,Error,24230,1,19318090,43932K,/cluster/projects/nn9535k/farhad/2021/22dec/chromatic-number-iso-bfs-pw/main-script/job-generation/../../jobs/19318090.sh,14-00:00:0,22,DONE,365, pw = 6,14-00:00:00,1,IsomorphismBreadthFirstSearch, -pl -pdbgn ,NN9535K,../../inputs/ChromaticNumber_3,"slurmstepd: error: *** JOB 4728361 ON c3-54 CANCELLED AT 2022-01-05T18:53:49 DUE TO TIME LIMIT ***
",2G,/cluster/home/farhadvadiee/2021/22dec/chromatic-number-iso-bfs/Build/./treewidzard -search   pw = 6  -pl -pdbgn  -premise IsomorphismBreadthFirstSearch ../../inputs/ChromaticNumber_3.txt > /cluster/projects/nn9535k/farhad/2021/22dec/chromatic-number-iso-bfs-pw/main-script/job-generation/../../program-outputs/19318090.txt,-premise
Wed Dec 22 18:15:16 CET 2021,5 18:53:52 CET 2022,4728362,1,3,Not Finished,Error,1632,1,19318094,8428K,/cluster/projects/nn9535k/farhad/2021/22dec/chromatic-number-iso-bfs-pw/main-script/job-generation/../../jobs/19318094.sh,14-00:00:0,16,DONE,1094, pw = 7,14-00:00:00,1,IsomorphismBreadthFirstSearch, -pl -pdbgn ,NN9535K,../../inputs/ChromaticNumber_3,"slurmstepd: error: *** JOB 4728362 ON c3-54 CANCELLED AT 2022-01-05T18:53:49 DUE TO TIME LIMIT ***
",2G,/cluster/home/farhadvadiee/2021/22dec/chromatic-number-iso-bfs/Build/./treewidzard -search   pw = 7  -pl -pdbgn    IsomorphismBreadthFirstSearch ../../inputs/ChromaticNumber_3.txt > /cluster/projects/nn9535k/farhad/2021/22dec/chromatic-number-iso-bfs-pw/main-script/job-generation/../../program-outputs/19318094.txt, 
Wed Dec 22 18:15:16 CET 2021,5 18:53:52 CET 2022,4728363,1,3,Not Finished,Error,1623,1,19318099,8424K,/cluster/projects/nn9535k/farhad/2021/22dec/chromatic-number-iso-bfs-pw/main-script/job-generation/../../jobs/19318099.sh,14-00:00:0,16,DONE,1094, pw = 7,14-00:00:00,1,IsomorphismBreadthFirstSearch, -pl -pdbgn ,NN9535K,../../inputs/ChromaticNumber_3,"slurmstepd: error: *** JOB 4728363 ON c3-54 CANCELLED AT 2022-01-05T18:53:49 DUE TO TIME LIMIT ***
",2G,/cluster/home/farhadvadiee/2021/22dec/chromatic-number-iso-bfs/Build/./treewidzard -search   pw = 7  -pl -pdbgn  -premise IsomorphismBreadthFirstSearch ../../inputs/ChromaticNumber_3.txt > /cluster/projects/nn9535k/farhad/2021/22dec/chromatic-number-iso-bfs-pw/main-script/job-generation/../../program-outputs/19318099.txt,-premise
Wed Dec 22 18:15:16 CET 2021,22 18:15:19 CET 2021,4728364,1,4,"Conjecture: Satisfied
",,4,1,19318104,0,/cluster/projects/nn9535k/farhad/2021/22dec/chromatic-number-iso-bfs-pw/main-script/job-generation/../../jobs/19318104.sh,00:00:02,4,DONE,2, pw = 1,14-00:00:00,1,IsomorphismBreadthFirstSearch, -pl -pdbgn ,NN9535K,../../inputs/ChromaticNumber_4,,2G,/cluster/home/farhadvadiee/2021/22dec/chromatic-number-iso-bfs/Build/./treewidzard -search   pw = 1  -pl -pdbgn    IsomorphismBreadthFirstSearch ../../inputs/ChromaticNumber_4.txt > /cluster/projects/nn9535k/farhad/2021/22dec/chromatic-number-iso-bfs-pw/main-script/job-generation/../../program-outputs/19318104.txt, 
Wed Dec 22 18:15:16 CET 2021,22 18:15:20 CET 2021,4728365,1,4,"Conjecture: Satisfied
",,4,1,19318109,0,/cluster/projects/nn9535k/farhad/2021/22dec/chromatic-number-iso-bfs-pw/main-script/job-generation/../../jobs/19318109.sh,00:00:03,4,DONE,2, pw = 1,14-00:00:00,1,IsomorphismBreadthFirstSearch, -pl -pdbgn ,NN9535K,../../inputs/ChromaticNumber_4,,2G,/cluster/home/farhadvadiee/2021/22dec/chromatic-number-iso-bfs/Build/./treewidzard -search   pw = 1  -pl -pdbgn  -premise IsomorphismBreadthFirstSearch ../../inputs/ChromaticNumber_4.txt > /cluster/projects/nn9535k/farhad/2021/22dec/chromatic-number-iso-bfs-pw/main-script/job-generation/../../program-outputs/19318109.txt,-premise
Wed Dec 22 18:15:16 CET 2021,22 18:15:20 CET 2021,4728366,1,4,"Conjecture: Satisfied
",,8,1,19318114,0,/cluster/projects/nn9535k/farhad/2021/22dec/chromatic-number-iso-bfs-pw/main-script/job-generation/../../jobs/19318114.sh,00:00:03,7,DONE,5, pw = 2,14-00:00:00,1,IsomorphismBreadthFirstSearch, -pl -pdbgn ,NN9535K,../../inputs/ChromaticNumber_4,,2G,/cluster/home/farhadvadiee/2021/22dec/chromatic-number-iso-bfs/Build/./treewidzard -search   pw = 2  -pl -pdbgn    IsomorphismBreadthFirstSearch ../../inputs/ChromaticNumber_4.txt > /cluster/projects/nn9535k/farhad/2021/22dec/chromatic-number-iso-bfs-pw/main-script/job-generation/../../program-outputs/19318114.txt, 
Wed Dec 22 18:15:17 CET 2021,22 18:15:19 CET 2021,4728367,1,4,"Conjecture: Satisfied
",,8,1,19318119,0,/cluster/projects/nn9535k/farhad/2021/22dec/chromatic-number-iso-bfs-pw/main-script/job-generation/../../jobs/19318119.sh,00:00:03,7,DONE,5, pw = 2,14-00:00:00,1,IsomorphismBreadthFirstSearch, -pl -pdbgn ,NN9535K,../../inputs/ChromaticNumber_4,,2G,/cluster/home/farhadvadiee/2021/22dec/chromatic-number-iso-bfs/Build/./treewidzard -search   pw = 2  -pl -pdbgn  -premise IsomorphismBreadthFirstSearch ../../inputs/ChromaticNumber_4.txt > /cluster/projects/nn9535k/farhad/2021/22dec/chromatic-number-iso-bfs-pw/main-script/job-generation/../../program-outputs/19318119.txt,-premise
Wed Dec 22 18:15:17 CET 2021,22 18:15:19 CET 2021,4728368,1,4,"Conjecture: Satisfied
",,19,1,19318123,0,/cluster/projects/nn9535k/farhad/2021/22dec/chromatic-number-iso-bfs-pw/main-script/job-generation/../../jobs/19318123.sh,00:00:03,11,DONE,15, pw = 3,14-00:00:00,1,IsomorphismBreadthFirstSearch, -pl -pdbgn ,NN9535K,../../inputs/ChromaticNumber_4,,2G,/cluster/home/farhadvadiee/2021/22dec/chromatic-number-iso-bfs/Build/./treewidzard -search   pw = 3  -pl -pdbgn    IsomorphismBreadthFirstSearch ../../inputs/ChromaticNumber_4.txt > /cluster/projects/nn9535k/farhad/2021/22dec/chromatic-number-iso-bfs-pw/main-script/job-generation/../../program-outputs/19318123.txt, 
Wed Dec 22 18:15:17 CET 2021,22 18:15:20 CET 2021,4728369,1,4,"Conjecture: Satisfied
",,19,1,19318128,0,/cluster/projects/nn9535k/farhad/2021/22dec/chromatic-number-iso-bfs-pw/main-script/job-generation/../../jobs/19318128.sh,00:00:04,11,DONE,15, pw = 3,14-00:00:00,1,IsomorphismBreadthFirstSearch, -pl -pdbgn ,NN9535K,../../inputs/ChromaticNumber_4,,2G,/cluster/home/farhadvadiee/2021/22dec/chromatic-number-iso-bfs/Build/./treewidzard -search   pw = 3  -pl -pdbgn  -premise IsomorphismBreadthFirstSearch ../../inputs/ChromaticNumber_4.txt > /cluster/projects/nn9535k/farhad/2021/22dec/chromatic-number-iso-bfs-pw/main-script/job-generation/../../program-outputs/19318128.txt,-premise
Wed Dec 22 18:15:17 CET 2021,22 18:21:09 CET 2021,4728370,1,4,"Conjecture: Satisfied
",,1271,1,19318133,2140K,/cluster/projects/nn9535k/farhad/2021/22dec/chromatic-number-iso-bfs-pw/main-script/job-generation/../../jobs/19318133.sh,00:05:54,43,DONE,51, pw = 4,14-00:00:00,1,IsomorphismBreadthFirstSearch, -pl -pdbgn ,NN9535K,../../inputs/ChromaticNumber_4,,2G,/cluster/home/farhadvadiee/2021/22dec/chromatic-number-iso-bfs/Build/./treewidzard -search   pw = 4  -pl -pdbgn    IsomorphismBreadthFirstSearch ../../inputs/ChromaticNumber_4.txt > /cluster/projects/nn9535k/farhad/2021/22dec/chromatic-number-iso-bfs-pw/main-script/job-generation/../../program-outputs/19318133.txt, 
Wed Dec 22 18:15:17 CET 2021,22 18:21:11 CET 2021,4728371,1,4,"Conjecture: Satisfied
",,1265,1,19318138,2124K,/cluster/projects/nn9535k/farhad/2021/22dec/chromatic-number-iso-bfs-pw/main-script/job-generation/../../jobs/19318138.sh,00:05:56,43,DONE,51, pw = 4,14-00:00:00,1,IsomorphismBreadthFirstSearch, -pl -pdbgn ,NN9535K,../../inputs/ChromaticNumber_4,,2G,/cluster/home/farhadvadiee/2021/22dec/chromatic-number-iso-bfs/Build/./treewidzard -search   pw = 4  -pl -pdbgn  -premise IsomorphismBreadthFirstSearch ../../inputs/ChromaticNumber_4.txt > /cluster/projects/nn9535k/farhad/2021/22dec/chromatic-number-iso-bfs-pw/main-script/job-generation/../../program-outputs/19318138.txt,-premise
Wed Dec 22 18:15:45 CET 2021,5 18:54:25 CET 2022,4728372,1,4,Not Finished,Error,229147,1,19318142,225584K,/cluster/projects/nn9535k/farhad/2021/22dec/chromatic-number-iso-bfs-pw/main-script/job-generation/../../jobs/19318142.sh,14-00:00:0,32,DONE,187, pw = 5,14-00:00:00,1,IsomorphismBreadthFirstSearch, -pl -pdbgn ,NN9535K,../../inputs/ChromaticNumber_4,"slurmstepd: error: *** JOB 4728372 ON c3-56 CANCELLED AT 2022-01-05T18:54:19 DUE TO TIME LIMIT ***
",2G,/cluster/home/farhadvadiee/2021/22dec/chromatic-number-iso-bfs/Build/./treewidzard -search   pw = 5  -pl -pdbgn    IsomorphismBreadthFirstSearch ../../inputs/ChromaticNumber_4.txt > /cluster/projects/nn9535k/farhad/2021/22dec/chromatic-number-iso-bfs-pw/main-script/job-generation/../../program-outputs/19318142.txt, 
Wed Dec 22 18:15:46 CET 2021,5 18:54:23 CET 2022,4728373,1,4,Not Finished,Error,229140,1,19318147,224796K,/cluster/projects/nn9535k/farhad/2021/22dec/chromatic-number-iso-bfs-pw/main-script/job-generation/../../jobs/19318147.sh,14-00:00:0,32,DONE,187, pw = 5,14-00:00:00,1,IsomorphismBreadthFirstSearch, -pl -pdbgn ,NN9535K,../../inputs/ChromaticNumber_4,"slurmstepd: error: *** JOB 4728373 ON c3-56 CANCELLED AT 2022-01-05T18:54:19 DUE TO TIME LIMIT ***
",2G,/cluster/home/farhadvadiee/2021/22dec/chromatic-number-iso-bfs/Build/./treewidzard -search   pw = 5  -pl -pdbgn  -premise IsomorphismBreadthFirstSearch ../../inputs/ChromaticNumber_4.txt > /cluster/projects/nn9535k/farhad/2021/22dec/chromatic-number-iso-bfs-pw/main-script/job-generation/../../program-outputs/19318147.txt,-premise
Wed Dec 22 18:15:46 CET 2021,5 18:54:24 CET 2022,4728374,1,4,Not Finished,Error,10521,1,19318152,20304K,/cluster/projects/nn9535k/farhad/2021/22dec/chromatic-number-iso-bfs-pw/main-script/job-generation/../../jobs/19318152.sh,14-00:00:0,21,DONE,715, pw = 6,14-00:00:00,1,IsomorphismBreadthFirstSearch, -pl -pdbgn ,NN9535K,../../inputs/ChromaticNumber_4,"slurmstepd: error: *** JOB 4728374 ON c3-56 CANCELLED AT 2022-01-05T18:54:19 DUE TO TIME LIMIT ***
",2G,/cluster/home/farhadvadiee/2021/22dec/chromatic-number-iso-bfs/Build/./treewidzard -search   pw = 6  -pl -pdbgn    IsomorphismBreadthFirstSearch ../../inputs/ChromaticNumber_4.txt > /cluster/projects/nn9535k/farhad/2021/22dec/chromatic-number-iso-bfs-pw/main-script/job-generation/../../program-outputs/19318152.txt, 
Wed Dec 22 18:15:46 CET 2021,5 18:54:22 CET 2022,4728375,1,4,Not Finished,Error,10513,1,19318157,20304K,/cluster/projects/nn9535k/farhad/2021/22dec/chromatic-number-iso-bfs-pw/main-script/job-generation/../../jobs/19318157.sh,14-00:00:0,21,DONE,715, pw = 6,14-00:00:00,1,IsomorphismBreadthFirstSearch, -pl -pdbgn ,NN9535K,../../inputs/ChromaticNumber_4,"slurmstepd: error: *** JOB 4728375 ON c3-56 CANCELLED AT 2022-01-05T18:54:19 DUE TO TIME LIMIT ***
",2G,/cluster/home/farhadvadiee/2021/22dec/chromatic-number-iso-bfs/Build/./treewidzard -search   pw = 6  -pl -pdbgn  -premise IsomorphismBreadthFirstSearch ../../inputs/ChromaticNumber_4.txt > /cluster/projects/nn9535k/farhad/2021/22dec/chromatic-number-iso-bfs-pw/main-script/job-generation/../../program-outputs/19318157.txt,-premise
Wed Dec 22 18:15:46 CET 2021,5 18:54:24 CET 2022,4728376,1,4,Not Finished,Error,277,1,19318161,10436K,/cluster/projects/nn9535k/farhad/2021/22dec/chromatic-number-iso-bfs-pw/main-script/job-generation/../../jobs/19318161.sh,14-00:00:0,13,DONE,2795, pw = 7,14-00:00:00,1,IsomorphismBreadthFirstSearch, -pl -pdbgn ,NN9535K,../../inputs/ChromaticNumber_4,"slurmstepd: error: *** JOB 4728376 ON c3-56 CANCELLED AT 2022-01-05T18:54:19 DUE TO TIME LIMIT ***
",2G,/cluster/home/farhadvadiee/2021/22dec/chromatic-number-iso-bfs/Build/./treewidzard -search   pw = 7  -pl -pdbgn    IsomorphismBreadthFirstSearch ../../inputs/ChromaticNumber_4.txt > /cluster/projects/nn9535k/farhad/2021/22dec/chromatic-number-iso-bfs-pw/main-script/job-generation/../../program-outputs/19318161.txt, 
Wed Dec 22 18:15:46 CET 2021,5 18:54:23 CET 2022,4728377,1,4,Not Finished,Error,277,1,19318166,10436K,/cluster/projects/nn9535k/farhad/2021/22dec/chromatic-number-iso-bfs-pw/main-script/job-generation/../../jobs/19318166.sh,14-00:00:0,13,DONE,2795, pw = 7,14-00:00:00,1,IsomorphismBreadthFirstSearch, -pl -pdbgn ,NN9535K,../../inputs/ChromaticNumber_4,"slurmstepd: error: *** JOB 4728377 ON c3-56 CANCELLED AT 2022-01-05T18:54:19 DUE TO TIME LIMIT ***
",2G,/cluster/home/farhadvadiee/2021/22dec/chromatic-number-iso-bfs/Build/./treewidzard -search   pw = 7  -pl -pdbgn  -premise IsomorphismBreadthFirstSearch ../../inputs/ChromaticNumber_4.txt > /cluster/projects/nn9535k/farhad/2021/22dec/chromatic-number-iso-bfs-pw/main-script/job-generation/../../program-outputs/19318166.txt,-premise
Wed Dec 22 18:15:46 CET 2021,22 18:15:50 CET 2021,4728378,1,5,"Conjecture: Satisfied
",,4,1,19318171,0,/cluster/projects/nn9535k/farhad/2021/22dec/chromatic-number-iso-bfs-pw/main-script/job-generation/../../jobs/19318171.sh,00:00:01,4,DONE,2, pw = 1,14-00:00:00,1,IsomorphismBreadthFirstSearch, -pl -pdbgn ,NN9535K,../../inputs/ChromaticNumber_5,,2G,/cluster/home/farhadvadiee/2021/22dec/chromatic-number-iso-bfs/Build/./treewidzard -search   pw = 1  -pl -pdbgn    IsomorphismBreadthFirstSearch ../../inputs/ChromaticNumber_5.txt > /cluster/projects/nn9535k/farhad/2021/22dec/chromatic-number-iso-bfs-pw/main-script/job-generation/../../program-outputs/19318171.txt, 
Wed Dec 22 18:15:46 CET 2021,22 18:15:50 CET 2021,4728379,1,5,"Conjecture: Satisfied
",,4,1,19318176,0,/cluster/projects/nn9535k/farhad/2021/22dec/chromatic-number-iso-bfs-pw/main-script/job-generation/../../jobs/19318176.sh,00:00:03,4,DONE,2, pw = 1,14-00:00:00,1,IsomorphismBreadthFirstSearch, -pl -pdbgn ,NN9535K,../../inputs/ChromaticNumber_5,,2G,/cluster/home/farhadvadiee/2021/22dec/chromatic-number-iso-bfs/Build/./treewidzard -search   pw = 1  -pl -pdbgn  -premise IsomorphismBreadthFirstSearch ../../inputs/ChromaticNumber_5.txt > /cluster/projects/nn9535k/farhad/2021/22dec/chromatic-number-iso-bfs-pw/main-script/job-generation/../../program-outputs/19318176.txt,-premise
Wed Dec 22 18:15:46 CET 2021,22 18:15:48 CET 2021,4728380,1,5,"Conjecture: Satisfied
",,8,1,19318181,0,/cluster/projects/nn9535k/farhad/2021/22dec/chromatic-number-iso-bfs-pw/main-script/job-generation/../../jobs/19318181.sh,00:00:02,7,DONE,5, pw = 2,14-00:00:00,1,IsomorphismBreadthFirstSearch, -pl -pdbgn ,NN9535K,../../inputs/ChromaticNumber_5,,2G,/cluster/home/farhadvadiee/2021/22dec/chromatic-number-iso-bfs/Build/./treewidzard -search   pw = 2  -pl -pdbgn    IsomorphismBreadthFirstSearch ../../inputs/ChromaticNumber_5.txt > /cluster/projects/nn9535k/farhad/2021/22dec/chromatic-number-iso-bfs-pw/main-script/job-generation/../../program-outputs/19318181.txt, 
Wed Dec 22 18:15:46 CET 2021,22 18:15:49 CET 2021,4728381,1,5,"Conjecture: Satisfied
",,8,1,19318186,0,/cluster/projects/nn9535k/farhad/2021/22dec/chromatic-number-iso-bfs-pw/main-script/job-generation/../../jobs/19318186.sh,00:00:03,7,DONE,5, pw = 2,14-00:00:00,1,IsomorphismBreadthFirstSearch, -pl -pdbgn ,NN9535K,../../inputs/ChromaticNumber_5,,2G,/cluster/home/farhadvadiee/2021/22dec/chromatic-number-iso-bfs/Build/./treewidzard -search   pw = 2  -pl -pdbgn  -premise IsomorphismBreadthFirstSearch ../../inputs/ChromaticNumber_5.txt > /cluster/projects/nn9535k/farhad/2021/22dec/chromatic-number-iso-bfs-pw/main-script/job-generation/../../program-outputs/19318186.txt,-premise
Wed Dec 22 18:15:46 CET 2021,22 18:15:49 CET 2021,4728382,1,5,"Conjecture: Satisfied
",,19,1,19318190,0,/cluster/projects/nn9535k/farhad/2021/22dec/chromatic-number-iso-bfs-pw/main-script/job-generation/../../jobs/19318190.sh,00:00:03,11,DONE,15, pw = 3,14-00:00:00,1,IsomorphismBreadthFirstSearch, -pl -pdbgn ,NN9535K,../../inputs/ChromaticNumber_5,,2G,/cluster/home/farhadvadiee/2021/22dec/chromatic-number-iso-bfs/Build/./treewidzard -search   pw = 3  -pl -pdbgn    IsomorphismBreadthFirstSearch ../../inputs/ChromaticNumber_5.txt > /cluster/projects/nn9535k/farhad/2021/22dec/chromatic-number-iso-bfs-pw/main-script/job-generation/../../program-outputs/19318190.txt, 
Wed Dec 22 18:15:46 CET 2021,22 18:15:50 CET 2021,4728383,1,5,"Conjecture: Satisfied
",,19,1,19318195,0,/cluster/projects/nn9535k/farhad/2021/22dec/chromatic-number-iso-bfs-pw/main-script/job-generation/../../jobs/19318195.sh,00:00:03,11,DONE,15, pw = 3,14-00:00:00,1,IsomorphismBreadthFirstSearch, -pl -pdbgn ,NN9535K,../../inputs/ChromaticNumber_5,,2G,/cluster/home/farhadvadiee/2021/22dec/chromatic-number-iso-bfs/Build/./treewidzard -search   pw = 3  -pl -pdbgn  -premise IsomorphismBreadthFirstSearch ../../inputs/ChromaticNumber_5.txt > /cluster/projects/nn9535k/farhad/2021/22dec/chromatic-number-iso-bfs-pw/main-script/job-generation/../../program-outputs/19318195.txt,-premise
Wed Dec 22 18:15:46 CET 2021,22 18:16:00 CET 2021,4728384,1,5,"Conjecture: Satisfied
",,53,1,19318200,0,/cluster/projects/nn9535k/farhad/2021/22dec/chromatic-number-iso-bfs-pw/main-script/job-generation/../../jobs/19318200.sh,00:00:15,16,DONE,52, pw = 4,14-00:00:00,1,IsomorphismBreadthFirstSearch, -pl -pdbgn ,NN9535K,../../inputs/ChromaticNumber_5,,2G,/cluster/home/farhadvadiee/2021/22dec/chromatic-number-iso-bfs/Build/./treewidzard -search   pw = 4  -pl -pdbgn    IsomorphismBreadthFirstSearch ../../inputs/ChromaticNumber_5.txt > /cluster/projects/nn9535k/farhad/2021/22dec/chromatic-number-iso-bfs-pw/main-script/job-generation/../../program-outputs/19318200.txt, 
Wed Dec 22 18:15:47 CET 2021,22 18:16:01 CET 2021,4728385,1,5,"Conjecture: Satisfied
",,53,1,19318205,0,/cluster/projects/nn9535k/farhad/2021/22dec/chromatic-number-iso-bfs-pw/main-script/job-generation/../../jobs/19318205.sh,00:00:15,16,DONE,52, pw = 4,14-00:00:00,1,IsomorphismBreadthFirstSearch, -pl -pdbgn ,NN9535K,../../inputs/ChromaticNumber_5,,2G,/cluster/home/farhadvadiee/2021/22dec/chromatic-number-iso-bfs/Build/./treewidzard -search   pw = 4  -pl -pdbgn  -premise IsomorphismBreadthFirstSearch ../../inputs/ChromaticNumber_5.txt > /cluster/projects/nn9535k/farhad/2021/22dec/chromatic-number-iso-bfs-pw/main-script/job-generation/../../program-outputs/19318205.txt,-premise
Wed Dec 22 18:15:47 CET 2021,5 18:54:23 CET 2022,4728386,1,5,Not Finished,Error,134674,1,19318210,129248K,/cluster/projects/nn9535k/farhad/2021/22dec/chromatic-number-iso-bfs-pw/main-script/job-generation/../../jobs/19318210.sh,14-00:00:0,61,DONE,202, pw = 5,14-00:00:00,1,IsomorphismBreadthFirstSearch, -pl -pdbgn ,NN9535K,../../inputs/ChromaticNumber_5,"slurmstepd: error: *** JOB 4728386 ON c3-56 CANCELLED AT 2022-01-05T18:54:19 DUE TO TIME LIMIT ***
",2G,/cluster/home/farhadvadiee/2021/22dec/chromatic-number-iso-bfs/Build/./treewidzard -search   pw = 5  -pl -pdbgn    IsomorphismBreadthFirstSearch ../../inputs/ChromaticNumber_5.txt > /cluster/projects/nn9535k/farhad/2021/22dec/chromatic-number-iso-bfs-pw/main-script/job-generation/../../program-outputs/19318210.txt, 
Wed Dec 22 18:15:47 CET 2021,5 18:54:23 CET 2022,4728387,1,5,Not Finished,Error,134667,1,19318214,129256K,/cluster/projects/nn9535k/farhad/2021/22dec/chromatic-number-iso-bfs-pw/main-script/job-generation/../../jobs/19318214.sh,14-00:00:0,61,DONE,202, pw = 5,14-00:00:00,1,IsomorphismBreadthFirstSearch, -pl -pdbgn ,NN9535K,../../inputs/ChromaticNumber_5,"slurmstepd: error: *** JOB 4728387 ON c3-56 CANCELLED AT 2022-01-05T18:54:19 DUE TO TIME LIMIT ***
",2G,/cluster/home/farhadvadiee/2021/22dec/chromatic-number-iso-bfs/Build/./treewidzard -search   pw = 5  -pl -pdbgn  -premise IsomorphismBreadthFirstSearch ../../inputs/ChromaticNumber_5.txt > /cluster/projects/nn9535k/farhad/2021/22dec/chromatic-number-iso-bfs-pw/main-script/job-generation/../../program-outputs/19318214.txt,-premise
Wed Dec 22 18:15:47 CET 2021,5 18:54:24 CET 2022,4728388,1,5,Not Finished,Error,5545,1,19318219,11464K,/cluster/projects/nn9535k/farhad/2021/22dec/chromatic-number-iso-bfs-pw/main-script/job-generation/../../jobs/19318219.sh,14-00:00:0,22,DONE,855, pw = 6,14-00:00:00,1,IsomorphismBreadthFirstSearch, -pl -pdbgn ,NN9535K,../../inputs/ChromaticNumber_5,"slurmstepd: error: *** JOB 4728388 ON c3-56 CANCELLED AT 2022-01-05T18:54:19 DUE TO TIME LIMIT ***
",2G,/cluster/home/farhadvadiee/2021/22dec/chromatic-number-iso-bfs/Build/./treewidzard -search   pw = 6  -pl -pdbgn    IsomorphismBreadthFirstSearch ../../inputs/ChromaticNumber_5.txt > /cluster/projects/nn9535k/farhad/2021/22dec/chromatic-number-iso-bfs-pw/main-script/job-generation/../../program-outputs/19318219.txt, 
Wed Dec 22 18:15:47 CET 2021,5 18:54:24 CET 2022,4728389,1,5,Not Finished,Error,5542,1,19318224,11436K,/cluster/projects/nn9535k/farhad/2021/22dec/chromatic-number-iso-bfs-pw/main-script/job-generation/../../jobs/19318224.sh,14-00:00:0,22,DONE,855, pw = 6,14-00:00:00,1,IsomorphismBreadthFirstSearch, -pl -pdbgn ,NN9535K,../../inputs/ChromaticNumber_5,"slurmstepd: error: *** JOB 4728389 ON c3-56 CANCELLED AT 2022-01-05T18:54:19 DUE TO TIME LIMIT ***
",2G,/cluster/home/farhadvadiee/2021/22dec/chromatic-number-iso-bfs/Build/./treewidzard -search   pw = 6  -pl -pdbgn  -premise IsomorphismBreadthFirstSearch ../../inputs/ChromaticNumber_5.txt > /cluster/projects/nn9535k/farhad/2021/22dec/chromatic-number-iso-bfs-pw/main-script/job-generation/../../program-outputs/19318224.txt,-premise
Wed Dec 22 18:15:47 CET 2021,5 18:54:23 CET 2022,4728390,1,5,Not Finished,Error,164,1,19318229,12504K,/cluster/projects/nn9535k/farhad/2021/22dec/chromatic-number-iso-bfs-pw/main-script/job-generation/../../jobs/19318229.sh,14-00:00:0,12,DONE,3845, pw = 7,14-00:00:00,1,IsomorphismBreadthFirstSearch, -pl -pdbgn ,NN9535K,../../inputs/ChromaticNumber_5,"slurmstepd: error: *** JOB 4728390 ON c3-56 CANCELLED AT 2022-01-05T18:54:19 DUE TO TIME LIMIT ***
",2G,/cluster/home/farhadvadiee/2021/22dec/chromatic-number-iso-bfs/Build/./treewidzard -search   pw = 7  -pl -pdbgn    IsomorphismBreadthFirstSearch ../../inputs/ChromaticNumber_5.txt > /cluster/projects/nn9535k/farhad/2021/22dec/chromatic-number-iso-bfs-pw/main-script/job-generation/../../program-outputs/19318229.txt, 
Wed Dec 22 18:15:47 CET 2021,5 18:54:25 CET 2022,4728391,1,5,Not Finished,Error,164,1,19318234,12504K,/cluster/projects/nn9535k/farhad/2021/22dec/chromatic-number-iso-bfs-pw/main-script/job-generation/../../jobs/19318234.sh,14-00:00:0,12,DONE,3845, pw = 7,14-00:00:00,1,IsomorphismBreadthFirstSearch, -pl -pdbgn ,NN9535K,../../inputs/ChromaticNumber_5,"slurmstepd: error: *** JOB 4728391 ON c3-56 CANCELLED AT 2022-01-05T18:54:19 DUE TO TIME LIMIT ***
",2G,/cluster/home/farhadvadiee/2021/22dec/chromatic-number-iso-bfs/Build/./treewidzard -search   pw = 7  -pl -pdbgn  -premise IsomorphismBreadthFirstSearch ../../inputs/ChromaticNumber_5.txt > /cluster/projects/nn9535k/farhad/2021/22dec/chromatic-number-iso-bfs-pw/main-script/job-generation/../../program-outputs/19318234.txt,-premise
Wed Dec 22 18:15:47 CET 2021,22 18:15:50 CET 2021,4728392,1,6,"Conjecture: Satisfied
",,4,1,19318238,0,/cluster/projects/nn9535k/farhad/2021/22dec/chromatic-number-iso-bfs-pw/main-script/job-generation/../../jobs/19318238.sh,00:00:03,4,DONE,2, pw = 1,14-00:00:00,1,IsomorphismBreadthFirstSearch, -pl -pdbgn ,NN9535K,../../inputs/ChromaticNumber_6,,2G,/cluster/home/farhadvadiee/2021/22dec/chromatic-number-iso-bfs/Build/./treewidzard -search   pw = 1  -pl -pdbgn    IsomorphismBreadthFirstSearch ../../inputs/ChromaticNumber_6.txt > /cluster/projects/nn9535k/farhad/2021/22dec/chromatic-number-iso-bfs-pw/main-script/job-generation/../../program-outputs/19318238.txt, 
Wed Dec 22 18:15:45 CET 2021,22 18:15:47 CET 2021,4728393,1,6,"Conjecture: Satisfied
",,4,1,19318243,0,/cluster/projects/nn9535k/farhad/2021/22dec/chromatic-number-iso-bfs-pw/main-script/job-generation/../../jobs/19318243.sh,00:00:01,4,DONE,2, pw = 1,14-00:00:00,1,IsomorphismBreadthFirstSearch, -pl -pdbgn ,NN9535K,../../inputs/ChromaticNumber_6,,2G,/cluster/home/farhadvadiee/2021/22dec/chromatic-number-iso-bfs/Build/./treewidzard -search   pw = 1  -pl -pdbgn  -premise IsomorphismBreadthFirstSearch ../../inputs/ChromaticNumber_6.txt > /cluster/projects/nn9535k/farhad/2021/22dec/chromatic-number-iso-bfs-pw/main-script/job-generation/../../program-outputs/19318243.txt,-premise
Wed Dec 22 18:15:46 CET 2021,22 18:15:47 CET 2021,4728394,1,6,"Conjecture: Satisfied
",,8,1,19318248,0,/cluster/projects/nn9535k/farhad/2021/22dec/chromatic-number-iso-bfs-pw/main-script/job-generation/../../jobs/19318248.sh,00:00:02,7,DONE,5, pw = 2,14-00:00:00,1,IsomorphismBreadthFirstSearch, -pl -pdbgn ,NN9535K,../../inputs/ChromaticNumber_6,,2G,/cluster/home/farhadvadiee/2021/22dec/chromatic-number-iso-bfs/Build/./treewidzard -search   pw = 2  -pl -pdbgn    IsomorphismBreadthFirstSearch ../../inputs/ChromaticNumber_6.txt > /cluster/projects/nn9535k/farhad/2021/22dec/chromatic-number-iso-bfs-pw/main-script/job-generation/../../program-outputs/19318248.txt, 
Wed Dec 22 18:15:46 CET 2021,22 18:15:47 CET 2021,4728395,1,6,"Conjecture: Satisfied
",,8,1,19318253,0,/cluster/projects/nn9535k/farhad/2021/22dec/chromatic-number-iso-bfs-pw/main-script/job-generation/../../jobs/19318253.sh,00:00:02,7,DONE,5, pw = 2,14-00:00:00,1,IsomorphismBreadthFirstSearch, -pl -pdbgn ,NN9535K,../../inputs/ChromaticNumber_6,,2G,/cluster/home/farhadvadiee/2021/22dec/chromatic-number-iso-bfs/Build/./treewidzard -search   pw = 2  -pl -pdbgn  -premise IsomorphismBreadthFirstSearch ../../inputs/ChromaticNumber_6.txt > /cluster/projects/nn9535k/farhad/2021/22dec/chromatic-number-iso-bfs-pw/main-script/job-generation/../../program-outputs/19318253.txt,-premise
Wed Dec 22 18:15:46 CET 2021,22 18:15:48 CET 2021,4728396,1,6,"Conjecture: Satisfied
",,19,1,19318257,0,/cluster/projects/nn9535k/farhad/2021/22dec/chromatic-number-iso-bfs-pw/main-script/job-generation/../../jobs/19318257.sh,00:00:02,11,DONE,15, pw = 3,14-00:00:00,1,IsomorphismBreadthFirstSearch, -pl -pdbgn ,NN9535K,../../inputs/ChromaticNumber_6,,2G,/cluster/home/farhadvadiee/2021/22dec/chromatic-number-iso-bfs/Build/./treewidzard -search   pw = 3  -pl -pdbgn    IsomorphismBreadthFirstSearch ../../inputs/ChromaticNumber_6.txt > /cluster/projects/nn9535k/farhad/2021/22dec/chromatic-number-iso-bfs-pw/main-script/job-generation/../../program-outputs/19318257.txt, 
Wed Dec 22 18:15:46 CET 2021,22 18:15:48 CET 2021,4728397,1,6,"Conjecture: Satisfied
",,19,1,19318262,0,/cluster/projects/nn9535k/farhad/2021/22dec/chromatic-number-iso-bfs-pw/main-script/job-generation/../../jobs/19318262.sh,00:00:02,11,DONE,15, pw = 3,14-00:00:00,1,IsomorphismBreadthFirstSearch, -pl -pdbgn ,NN9535K,../../inputs/ChromaticNumber_6,,2G,/cluster/home/farhadvadiee/2021/22dec/chromatic-number-iso-bfs/Build/./treewidzard -search   pw = 3  -pl -pdbgn  -premise IsomorphismBreadthFirstSearch ../../inputs/ChromaticNumber_6.txt > /cluster/projects/nn9535k/farhad/2021/22dec/chromatic-number-iso-bfs-pw/main-script/job-generation/../../program-outputs/19318262.txt,-premise
Wed Dec 22 18:15:45 CET 2021,22 18:16:01 CET 2021,4728398,1,6,"Conjecture: Satisfied
",,53,1,19318267,0,/cluster/projects/nn9535k/farhad/2021/22dec/chromatic-number-iso-bfs-pw/main-script/job-generation/../../jobs/19318267.sh,00:00:15,16,DONE,52, pw = 4,14-00:00:00,1,IsomorphismBreadthFirstSearch, -pl -pdbgn ,NN9535K,../../inputs/ChromaticNumber_6,,2G,/cluster/home/farhadvadiee/2021/22dec/chromatic-number-iso-bfs/Build/./treewidzard -search   pw = 4  -pl -pdbgn    IsomorphismBreadthFirstSearch ../../inputs/ChromaticNumber_6.txt > /cluster/projects/nn9535k/farhad/2021/22dec/chromatic-number-iso-bfs-pw/main-script/job-generation/../../program-outputs/19318267.txt, 
Wed Dec 22 18:15:46 CET 2021,22 18:16:01 CET 2021,4728399,1,6,"Conjecture: Satisfied
",,53,1,19318271,0,/cluster/projects/nn9535k/farhad/2021/22dec/chromatic-number-iso-bfs-pw/main-script/job-generation/../../jobs/19318271.sh,00:00:13,16,DONE,52, pw = 4,14-00:00:00,1,IsomorphismBreadthFirstSearch, -pl -pdbgn ,NN9535K,../../inputs/ChromaticNumber_6,,2G,/cluster/home/farhadvadiee/2021/22dec/chromatic-number-iso-bfs/Build/./treewidzard -search   pw = 4  -pl -pdbgn  -premise IsomorphismBreadthFirstSearch ../../inputs/ChromaticNumber_6.txt > /cluster/projects/nn9535k/farhad/2021/22dec/chromatic-number-iso-bfs-pw/main-script/job-generation/../../program-outputs/19318271.txt,-premise
Wed Dec 22 18:15:46 CET 2021,22 18:38:00 CET 2021,4728400,1,6,"Conjecture: Satisfied
",,209,1,19318276,1644K,/cluster/projects/nn9535k/farhad/2021/22dec/chromatic-number-iso-bfs-pw/main-script/job-generation/../../jobs/19318276.sh,00:22:14,22,DONE,203, pw = 5,14-00:00:00,1,IsomorphismBreadthFirstSearch, -pl -pdbgn ,NN9535K,../../inputs/ChromaticNumber_6,,2G,/cluster/home/farhadvadiee/2021/22dec/chromatic-number-iso-bfs/Build/./treewidzard -search   pw = 5  -pl -pdbgn    IsomorphismBreadthFirstSearch ../../inputs/ChromaticNumber_6.txt > /cluster/projects/nn9535k/farhad/2021/22dec/chromatic-number-iso-bfs-pw/main-script/job-generation/../../program-outputs/19318276.txt, 
Wed Dec 22 18:15:46 CET 2021,22 18:37:51 CET 2021,4728401,1,6,"Conjecture: Satisfied
",,209,1,19318281,1644K,/cluster/projects/nn9535k/farhad/2021/22dec/chromatic-number-iso-bfs-pw/main-script/job-generation/../../jobs/19318281.sh,00:22:06,22,DONE,203, pw = 5,14-00:00:00,1,IsomorphismBreadthFirstSearch, -pl -pdbgn ,NN9535K,../../inputs/ChromaticNumber_6,,2G,/cluster/home/farhadvadiee/2021/22dec/chromatic-number-iso-bfs/Build/./treewidzard -search   pw = 5  -pl -pdbgn  -premise IsomorphismBreadthFirstSearch ../../inputs/ChromaticNumber_6.txt > /cluster/projects/nn9535k/farhad/2021/22dec/chromatic-number-iso-bfs-pw/main-script/job-generation/../../program-outputs/19318281.txt,-premise
Wed Dec 22 18:15:46 CET 2021,5 18:54:22 CET 2022,4728402,1,6,Not Finished,Error,4187,1,19318286,8920K,/cluster/projects/nn9535k/farhad/2021/22dec/chromatic-number-iso-bfs-pw/main-script/job-generation/../../jobs/19318286.sh,14-00:00:0,25,DONE,876, pw = 6,14-00:00:00,1,IsomorphismBreadthFirstSearch, -pl -pdbgn ,NN9535K,../../inputs/ChromaticNumber_6,"slurmstepd: error: *** JOB 4728402 ON c3-54 CANCELLED AT 2022-01-05T18:54:19 DUE TO TIME LIMIT ***
",2G,/cluster/home/farhadvadiee/2021/22dec/chromatic-number-iso-bfs/Build/./treewidzard -search   pw = 6  -pl -pdbgn    IsomorphismBreadthFirstSearch ../../inputs/ChromaticNumber_6.txt > /cluster/projects/nn9535k/farhad/2021/22dec/chromatic-number-iso-bfs-pw/main-script/job-generation/../../program-outputs/19318286.txt, 
Wed Dec 22 18:15:46 CET 2021,5 18:54:22 CET 2022,4728403,1,6,Not Finished,Error,4187,1,19318290,8892K,/cluster/projects/nn9535k/farhad/2021/22dec/chromatic-number-iso-bfs-pw/main-script/job-generation/../../jobs/19318290.sh,14-00:00:0,25,DONE,876, pw = 6,14-00:00:00,1,IsomorphismBreadthFirstSearch, -pl -pdbgn ,NN9535K,../../inputs/ChromaticNumber_6,"slurmstepd: error: *** JOB 4728403 ON c3-54 CANCELLED AT 2022-01-05T18:54:19 DUE TO TIME LIMIT ***
",2G,/cluster/home/farhadvadiee/2021/22dec/chromatic-number-iso-bfs/Build/./treewidzard -search   pw = 6  -pl -pdbgn  -premise IsomorphismBreadthFirstSearch ../../inputs/ChromaticNumber_6.txt > /cluster/projects/nn9535k/farhad/2021/22dec/chromatic-number-iso-bfs-pw/main-script/job-generation/../../program-outputs/19318290.txt,-premise
Wed Dec 22 18:15:46 CET 2021,5 18:54:21 CET 2022,4728404,1,6,Not Finished,Error,163,1,19318295,12992K,/cluster/projects/nn9535k/farhad/2021/22dec/chromatic-number-iso-bfs-pw/main-script/job-generation/../../jobs/19318295.sh,14-00:00:0,12,DONE,4111, pw = 7,14-00:00:00,1,IsomorphismBreadthFirstSearch, -pl -pdbgn ,NN9535K,../../inputs/ChromaticNumber_6,"slurmstepd: error: *** JOB 4728404 ON c3-54 CANCELLED AT 2022-01-05T18:54:19 DUE TO TIME LIMIT ***
",2G,/cluster/home/farhadvadiee/2021/22dec/chromatic-number-iso-bfs/Build/./treewidzard -search   pw = 7  -pl -pdbgn    IsomorphismBreadthFirstSearch ../../inputs/ChromaticNumber_6.txt > /cluster/projects/nn9535k/farhad/2021/22dec/chromatic-number-iso-bfs-pw/main-script/job-generation/../../program-outputs/19318295.txt, 
Wed Dec 22 18:15:46 CET 2021,5 18:54:22 CET 2022,4728405,1,6,Not Finished,Error,163,1,19318300,12992K,/cluster/projects/nn9535k/farhad/2021/22dec/chromatic-number-iso-bfs-pw/main-script/job-generation/../../jobs/19318300.sh,14-00:00:0,12,DONE,4111, pw = 7,14-00:00:00,1,IsomorphismBreadthFirstSearch, -pl -pdbgn ,NN9535K,../../inputs/ChromaticNumber_6,"slurmstepd: error: *** JOB 4728405 ON c3-54 CANCELLED AT 2022-01-05T18:54:19 DUE TO TIME LIMIT ***
",2G,/cluster/home/farhadvadiee/2021/22dec/chromatic-number-iso-bfs/Build/./treewidzard -search   pw = 7  -pl -pdbgn  -premise IsomorphismBreadthFirstSearch ../../inputs/ChromaticNumber_6.txt > /cluster/projects/nn9535k/farhad/2021/22dec/chromatic-number-iso-bfs-pw/main-script/job-generation/../../program-outputs/19318300.txt,-premise
Wed Dec 22 18:15:46 CET 2021,22 18:15:49 CET 2021,4728406,1,7,"Conjecture: Satisfied
",,4,1,19318305,0,/cluster/projects/nn9535k/farhad/2021/22dec/chromatic-number-iso-bfs-pw/main-script/job-generation/../../jobs/19318305.sh,00:00:03,4,DONE,2, pw = 1,14-00:00:00,1,IsomorphismBreadthFirstSearch, -pl -pdbgn ,NN9535K,../../inputs/ChromaticNumber_7,,2G,/cluster/home/farhadvadiee/2021/22dec/chromatic-number-iso-bfs/Build/./treewidzard -search   pw = 1  -pl -pdbgn    IsomorphismBreadthFirstSearch ../../inputs/ChromaticNumber_7.txt > /cluster/projects/nn9535k/farhad/2021/22dec/chromatic-number-iso-bfs-pw/main-script/job-generation/../../program-outputs/19318305.txt, 
Wed Dec 22 18:15:46 CET 2021,22 18:15:49 CET 2021,4728407,1,7,"Conjecture: Satisfied
",,4,1,19318309,0,/cluster/projects/nn9535k/farhad/2021/22dec/chromatic-number-iso-bfs-pw/main-script/job-generation/../../jobs/19318309.sh,00:00:02,4,DONE,2, pw = 1,14-00:00:00,1,IsomorphismBreadthFirstSearch, -pl -pdbgn ,NN9535K,../../inputs/ChromaticNumber_7,,2G,/cluster/home/farhadvadiee/2021/22dec/chromatic-number-iso-bfs/Build/./treewidzard -search   pw = 1  -pl -pdbgn  -premise IsomorphismBreadthFirstSearch ../../inputs/ChromaticNumber_7.txt > /cluster/projects/nn9535k/farhad/2021/22dec/chromatic-number-iso-bfs-pw/main-script/job-generation/../../program-outputs/19318309.txt,-premise
Wed Dec 22 18:15:46 CET 2021,22 18:15:49 CET 2021,4728408,1,7,"Conjecture: Satisfied
",,8,1,19318314,0,/cluster/projects/nn9535k/farhad/2021/22dec/chromatic-number-iso-bfs-pw/main-script/job-generation/../../jobs/19318314.sh,00:00:03,7,DONE,5, pw = 2,14-00:00:00,1,IsomorphismBreadthFirstSearch, -pl -pdbgn ,NN9535K,../../inputs/ChromaticNumber_7,,2G,/cluster/home/farhadvadiee/2021/22dec/chromatic-number-iso-bfs/Build/./treewidzard -search   pw = 2  -pl -pdbgn    IsomorphismBreadthFirstSearch ../../inputs/ChromaticNumber_7.txt > /cluster/projects/nn9535k/farhad/2021/22dec/chromatic-number-iso-bfs-pw/main-script/job-generation/../../program-outputs/19318314.txt, 
Wed Dec 22 18:15:46 CET 2021,22 18:15:50 CET 2021,4728409,1,7,"Conjecture: Satisfied
",,8,1,19318319,0,/cluster/projects/nn9535k/farhad/2021/22dec/chromatic-number-iso-bfs-pw/main-script/job-generation/../../jobs/19318319.sh,00:00:02,7,DONE,5, pw = 2,14-00:00:00,1,IsomorphismBreadthFirstSearch, -pl -pdbgn ,NN9535K,../../inputs/ChromaticNumber_7,,2G,/cluster/home/farhadvadiee/2021/22dec/chromatic-number-iso-bfs/Build/./treewidzard -search   pw = 2  -pl -pdbgn  -premise IsomorphismBreadthFirstSearch ../../inputs/ChromaticNumber_7.txt > /cluster/projects/nn9535k/farhad/2021/22dec/chromatic-number-iso-bfs-pw/main-script/job-generation/../../program-outputs/19318319.txt,-premise
Wed Dec 22 18:15:46 CET 2021,22 18:15:49 CET 2021,4728410,1,7,"Conjecture: Satisfied
",,19,1,19318324,0,/cluster/projects/nn9535k/farhad/2021/22dec/chromatic-number-iso-bfs-pw/main-script/job-generation/../../jobs/19318324.sh,00:00:03,11,DONE,15, pw = 3,14-00:00:00,1,IsomorphismBreadthFirstSearch, -pl -pdbgn ,NN9535K,../../inputs/ChromaticNumber_7,,2G,/cluster/home/farhadvadiee/2021/22dec/chromatic-number-iso-bfs/Build/./treewidzard -search   pw = 3  -pl -pdbgn    IsomorphismBreadthFirstSearch ../../inputs/ChromaticNumber_7.txt > /cluster/projects/nn9535k/farhad/2021/22dec/chromatic-number-iso-bfs-pw/main-script/job-generation/../../program-outputs/19318324.txt, 
Wed Dec 22 18:15:46 CET 2021,22 18:15:49 CET 2021,4728411,1,7,"Conjecture: Satisfied
",,19,1,19318328,0,/cluster/projects/nn9535k/farhad/2021/22dec/chromatic-number-iso-bfs-pw/main-script/job-generation/../../jobs/19318328.sh,00:00:03,11,DONE,15, pw = 3,14-00:00:00,1,IsomorphismBreadthFirstSearch, -pl -pdbgn ,NN9535K,../../inputs/ChromaticNumber_7,,2G,/cluster/home/farhadvadiee/2021/22dec/chromatic-number-iso-bfs/Build/./treewidzard -search   pw = 3  -pl -pdbgn  -premise IsomorphismBreadthFirstSearch ../../inputs/ChromaticNumber_7.txt > /cluster/projects/nn9535k/farhad/2021/22dec/chromatic-number-iso-bfs-pw/main-script/job-generation/../../program-outputs/19318328.txt,-premise
Wed Dec 22 18:15:46 CET 2021,22 18:16:01 CET 2021,4728412,1,7,"Conjecture: Satisfied
",,53,1,19318333,0,/cluster/projects/nn9535k/farhad/2021/22dec/chromatic-number-iso-bfs-pw/main-script/job-generation/../../jobs/19318333.sh,00:00:15,16,DONE,52, pw = 4,14-00:00:00,1,IsomorphismBreadthFirstSearch, -pl -pdbgn ,NN9535K,../../inputs/ChromaticNumber_7,,2G,/cluster/home/farhadvadiee/2021/22dec/chromatic-number-iso-bfs/Build/./treewidzard -search   pw = 4  -pl -pdbgn    IsomorphismBreadthFirstSearch ../../inputs/ChromaticNumber_7.txt > /cluster/projects/nn9535k/farhad/2021/22dec/chromatic-number-iso-bfs-pw/main-script/job-generation/../../program-outputs/19318333.txt, 
Wed Dec 22 18:15:46 CET 2021,22 18:16:02 CET 2021,4728413,1,7,"Conjecture: Satisfied
",,53,1,19318338,0,/cluster/projects/nn9535k/farhad/2021/22dec/chromatic-number-iso-bfs-pw/main-script/job-generation/../../jobs/19318338.sh,00:00:15,16,DONE,52, pw = 4,14-00:00:00,1,IsomorphismBreadthFirstSearch, -pl -pdbgn ,NN9535K,../../inputs/ChromaticNumber_7,,2G,/cluster/home/farhadvadiee/2021/22dec/chromatic-number-iso-bfs/Build/./treewidzard -search   pw = 4  -pl -pdbgn  -premise IsomorphismBreadthFirstSearch ../../inputs/ChromaticNumber_7.txt > /cluster/projects/nn9535k/farhad/2021/22dec/chromatic-number-iso-bfs-pw/main-script/job-generation/../../program-outputs/19318338.txt,-premise
Wed Dec 22 18:15:46 CET 2021,22 18:36:30 CET 2021,4728414,1,7,"Conjecture: Satisfied
",,209,1,19318343,1644K,/cluster/projects/nn9535k/farhad/2021/22dec/chromatic-number-iso-bfs-pw/main-script/job-generation/../../jobs/19318343.sh,00:20:45,22,DONE,203, pw = 5,14-00:00:00,1,IsomorphismBreadthFirstSearch, -pl -pdbgn ,NN9535K,../../inputs/ChromaticNumber_7,,2G,/cluster/home/farhadvadiee/2021/22dec/chromatic-number-iso-bfs/Build/./treewidzard -search   pw = 5  -pl -pdbgn    IsomorphismBreadthFirstSearch ../../inputs/ChromaticNumber_7.txt > /cluster/projects/nn9535k/farhad/2021/22dec/chromatic-number-iso-bfs-pw/main-script/job-generation/../../program-outputs/19318343.txt, 
Wed Dec 22 18:15:47 CET 2021,22 18:36:29 CET 2021,4728415,1,7,"Conjecture: Satisfied
",,209,1,19318347,1644K,/cluster/projects/nn9535k/farhad/2021/22dec/chromatic-number-iso-bfs-pw/main-script/job-generation/../../jobs/19318347.sh,00:20:43,22,DONE,203, pw = 5,14-00:00:00,1,IsomorphismBreadthFirstSearch, -pl -pdbgn ,NN9535K,../../inputs/ChromaticNumber_7,,2G,/cluster/home/farhadvadiee/2021/22dec/chromatic-number-iso-bfs/Build/./treewidzard -search   pw = 5  -pl -pdbgn  -premise IsomorphismBreadthFirstSearch ../../inputs/ChromaticNumber_7.txt > /cluster/projects/nn9535k/farhad/2021/22dec/chromatic-number-iso-bfs-pw/main-script/job-generation/../../program-outputs/19318347.txt,-premise
Wed Dec 22 18:15:47 CET 2021,25 17:19:23 CET 2021,4728416,1,7,"Conjecture: Satisfied
",,1253,1,19318352,4672K,/cluster/projects/nn9535k/farhad/2021/22dec/chromatic-number-iso-bfs-pw/main-script/job-generation/../../jobs/19318352.sh,2-23:03:38,29,DONE,877, pw = 6,14-00:00:00,1,IsomorphismBreadthFirstSearch, -pl -pdbgn ,NN9535K,../../inputs/ChromaticNumber_7,,2G,/cluster/home/farhadvadiee/2021/22dec/chromatic-number-iso-bfs/Build/./treewidzard -search   pw = 6  -pl -pdbgn    IsomorphismBreadthFirstSearch ../../inputs/ChromaticNumber_7.txt > /cluster/projects/nn9535k/farhad/2021/22dec/chromatic-number-iso-bfs-pw/main-script/job-generation/../../program-outputs/19318352.txt, 
Wed Dec 22 18:15:47 CET 2021,25 17:24:58 CET 2021,4728417,1,7,"Conjecture: Satisfied
",,1253,1,19318357,4660K,/cluster/projects/nn9535k/farhad/2021/22dec/chromatic-number-iso-bfs-pw/main-script/job-generation/../../jobs/19318357.sh,2-23:09:12,29,DONE,877, pw = 6,14-00:00:00,1,IsomorphismBreadthFirstSearch, -pl -pdbgn ,NN9535K,../../inputs/ChromaticNumber_7,,2G,/cluster/home/farhadvadiee/2021/22dec/chromatic-number-iso-bfs/Build/./treewidzard -search   pw = 6  -pl -pdbgn  -premise IsomorphismBreadthFirstSearch ../../inputs/ChromaticNumber_7.txt > /cluster/projects/nn9535k/farhad/2021/22dec/chromatic-number-iso-bfs-pw/main-script/job-generation/../../program-outputs/19318357.txt,-premise
Wed Dec 22 18:15:47 CET 2021,5 18:54:22 CET 2022,4728418,1,7,Not Finished,Error,163,1,19318362,13032K,/cluster/projects/nn9535k/farhad/2021/22dec/chromatic-number-iso-bfs-pw/main-script/job-generation/../../jobs/19318362.sh,14-00:00:0,12,DONE,4139, pw = 7,14-00:00:00,1,IsomorphismBreadthFirstSearch, -pl -pdbgn ,NN9535K,../../inputs/ChromaticNumber_7,"slurmstepd: error: *** JOB 4728418 ON c3-54 CANCELLED AT 2022-01-05T18:54:19 DUE TO TIME LIMIT ***
",2G,/cluster/home/farhadvadiee/2021/22dec/chromatic-number-iso-bfs/Build/./treewidzard -search   pw = 7  -pl -pdbgn    IsomorphismBreadthFirstSearch ../../inputs/ChromaticNumber_7.txt > /cluster/projects/nn9535k/farhad/2021/22dec/chromatic-number-iso-bfs-pw/main-script/job-generation/../../program-outputs/19318362.txt, 
Wed Dec 22 18:16:16 CET 2021,5 18:54:50 CET 2022,4728419,1,7,Not Finished,Error,163,1,19318366,13032K,/cluster/projects/nn9535k/farhad/2021/22dec/chromatic-number-iso-bfs-pw/main-script/job-generation/../../jobs/19318366.sh,14-00:00:0,12,DONE,4139, pw = 7,14-00:00:00,1,IsomorphismBreadthFirstSearch, -pl -pdbgn ,NN9535K,../../inputs/ChromaticNumber_7,"slurmstepd: error: *** JOB 4728419 ON c3-56 CANCELLED AT 2022-01-05T18:54:49 DUE TO TIME LIMIT ***
",2G,/cluster/home/farhadvadiee/2021/22dec/chromatic-number-iso-bfs/Build/./treewidzard -search   pw = 7  -pl -pdbgn  -premise IsomorphismBreadthFirstSearch ../../inputs/ChromaticNumber_7.txt > /cluster/projects/nn9535k/farhad/2021/22dec/chromatic-number-iso-bfs-pw/main-script/job-generation/../../program-outputs/19318366.txt,-premise
