max-witness-size,max-rss,width,ChromaticNumber,iteration,command,HasMultipleEdges,conjecture-status,error,input,time,Flags,ntasks-per-node,job-name, Search Type,error-output,Search Options,finish,ntasks,account,elapsed,MaxDegree,script-file,mem-per-cpu,job-id,CliqueNumberSimpleGraphs,all-states,status,cpus-per-task,start
"2,1,4,1",0, pw = 1,2,13,/cluster/home/farhadvadiee/2021/22dec/reed-conjecture-minus-one/Build/./treewidzard -search   pw = 1  -pl -pdbgn    IsomorphismBreadthFirstSearch ../../inputs/MaxDegree_2_CliqueNumberSimpleGraphs_2_HasMultipleEdges__ChromaticNumber_2.txt > /cluster/projects/nn9535k/farhad/2021/22dec/reed-conjecture-minus-one-pw/main-script/job-generation/../../program-outputs/19912380.txt,,"Conjecture: Satisfied
",,../../inputs/MaxDegree_2_CliqueNumberSimpleGraphs_2_HasMultipleEdges__ChromaticNumber_2,14-00:00:00, -pl -pdbgn ,1,19912380,IsomorphismBreadthFirstSearch,, ,22 19:53:41 CET 2021,1,NN9535K,00:00:01,2,/cluster/projects/nn9535k/farhad/2021/22dec/reed-conjecture-minus-one-pw/main-script/job-generation/../../jobs/19912380.sh,4G,4728553,2,29,DONE,1,Wed Dec 22 19:53:40 CET 2021
"2,1,4,1",0, pw = 1,2,9,/cluster/home/farhadvadiee/2021/22dec/reed-conjecture-minus-one/Build/./treewidzard -search   pw = 1  -pl -pdbgn  -premise IsomorphismBreadthFirstSearch ../../inputs/MaxDegree_2_CliqueNumberSimpleGraphs_2_HasMultipleEdges__ChromaticNumber_2.txt > /cluster/projects/nn9535k/farhad/2021/22dec/reed-conjecture-minus-one-pw/main-script/job-generation/../../program-outputs/19912385.txt,,"Conjecture: Satisfied
",,../../inputs/MaxDegree_2_CliqueNumberSimpleGraphs_2_HasMultipleEdges__ChromaticNumber_2,14-00:00:00, -pl -pdbgn ,1,19912385,IsomorphismBreadthFirstSearch,,-premise,22 19:53:41 CET 2021,1,NN9535K,00:00:00,2,/cluster/projects/nn9535k/farhad/2021/22dec/reed-conjecture-minus-one-pw/main-script/job-generation/../../jobs/19912385.sh,4G,4728554,2,9,DONE,1,Wed Dec 22 19:53:40 CET 2021
"4,1,10,1",0, pw = 2,2,11,/cluster/home/farhadvadiee/2021/22dec/reed-conjecture-minus-one/Build/./treewidzard -search   pw = 2  -pl -pdbgn    IsomorphismBreadthFirstSearch ../../inputs/MaxDegree_2_CliqueNumberSimpleGraphs_2_HasMultipleEdges__ChromaticNumber_2.txt > /cluster/projects/nn9535k/farhad/2021/22dec/reed-conjecture-minus-one-pw/main-script/job-generation/../../program-outputs/19912390.txt,,"Conjecture: Not Satisfied
",,../../inputs/MaxDegree_2_CliqueNumberSimpleGraphs_2_HasMultipleEdges__ChromaticNumber_2,14-00:00:00, -pl -pdbgn ,1,19912390,IsomorphismBreadthFirstSearch,, ,22 19:54:13 CET 2021,1,NN9535K,00:00:02,2,/cluster/projects/nn9535k/farhad/2021/22dec/reed-conjecture-minus-one-pw/main-script/job-generation/../../jobs/19912390.sh,4G,4728555,2,197,DONE,1,Wed Dec 22 19:54:10 CET 2021
"4,1,9,1",0, pw = 2,2,11,/cluster/home/farhadvadiee/2021/22dec/reed-conjecture-minus-one/Build/./treewidzard -search   pw = 2  -pl -pdbgn  -premise IsomorphismBreadthFirstSearch ../../inputs/MaxDegree_2_CliqueNumberSimpleGraphs_2_HasMultipleEdges__ChromaticNumber_2.txt > /cluster/projects/nn9535k/farhad/2021/22dec/reed-conjecture-minus-one-pw/main-script/job-generation/../../program-outputs/19912395.txt,,"Conjecture: Not Satisfied
",,../../inputs/MaxDegree_2_CliqueNumberSimpleGraphs_2_HasMultipleEdges__ChromaticNumber_2,14-00:00:00, -pl -pdbgn ,1,19912395,IsomorphismBreadthFirstSearch,,-premise,22 19:54:13 CET 2021,1,NN9535K,00:00:02,2,/cluster/projects/nn9535k/farhad/2021/22dec/reed-conjecture-minus-one-pw/main-script/job-generation/../../jobs/19912395.sh,4G,4728556,2,37,DONE,1,Wed Dec 22 19:54:10 CET 2021
"8,1,18,1",0, pw = 3,2,10,/cluster/home/farhadvadiee/2021/22dec/reed-conjecture-minus-one/Build/./treewidzard -search   pw = 3  -pl -pdbgn    IsomorphismBreadthFirstSearch ../../inputs/MaxDegree_2_CliqueNumberSimpleGraphs_2_HasMultipleEdges__ChromaticNumber_2.txt > /cluster/projects/nn9535k/farhad/2021/22dec/reed-conjecture-minus-one-pw/main-script/job-generation/../../program-outputs/19912400.txt,,"Conjecture: Not Satisfied
",,../../inputs/MaxDegree_2_CliqueNumberSimpleGraphs_2_HasMultipleEdges__ChromaticNumber_2,14-00:00:00, -pl -pdbgn ,1,19912400,IsomorphismBreadthFirstSearch,, ,22 19:54:17 CET 2021,1,NN9535K,00:00:07,2,/cluster/projects/nn9535k/farhad/2021/22dec/reed-conjecture-minus-one-pw/main-script/job-generation/../../jobs/19912400.sh,16G,4728557,2,314,DONE,1,Wed Dec 22 19:54:10 CET 2021
"8,1,16,1",0, pw = 3,2,10,/cluster/home/farhadvadiee/2021/22dec/reed-conjecture-minus-one/Build/./treewidzard -search   pw = 3  -pl -pdbgn  -premise IsomorphismBreadthFirstSearch ../../inputs/MaxDegree_2_CliqueNumberSimpleGraphs_2_HasMultipleEdges__ChromaticNumber_2.txt > /cluster/projects/nn9535k/farhad/2021/22dec/reed-conjecture-minus-one-pw/main-script/job-generation/../../program-outputs/19912405.txt,,"Conjecture: Not Satisfied
",,../../inputs/MaxDegree_2_CliqueNumberSimpleGraphs_2_HasMultipleEdges__ChromaticNumber_2,14-00:00:00, -pl -pdbgn ,1,19912405,IsomorphismBreadthFirstSearch,,-premise,22 19:54:13 CET 2021,1,NN9535K,00:00:02,2,/cluster/projects/nn9535k/farhad/2021/22dec/reed-conjecture-minus-one-pw/main-script/job-generation/../../jobs/19912405.sh,16G,4728558,2,54,DONE,1,Wed Dec 22 19:54:10 CET 2021
"16,1,29,1",0, pw = 4,2,9,/cluster/home/farhadvadiee/2021/22dec/reed-conjecture-minus-one/Build/./treewidzard -search   pw = 4  -pl -pdbgn    IsomorphismBreadthFirstSearch ../../inputs/MaxDegree_2_CliqueNumberSimpleGraphs_2_HasMultipleEdges__ChromaticNumber_2.txt > /cluster/projects/nn9535k/farhad/2021/22dec/reed-conjecture-minus-one-pw/main-script/job-generation/../../program-outputs/19912410.txt,,"Conjecture: Not Satisfied
",,../../inputs/MaxDegree_2_CliqueNumberSimpleGraphs_2_HasMultipleEdges__ChromaticNumber_2,14-00:00:00, -pl -pdbgn ,1,19912410,IsomorphismBreadthFirstSearch,, ,22 19:54:30 CET 2021,1,NN9535K,00:00:20,2,/cluster/projects/nn9535k/farhad/2021/22dec/reed-conjecture-minus-one-pw/main-script/job-generation/../../jobs/19912410.sh,32G,4728559,2,217,DONE,1,Wed Dec 22 19:54:10 CET 2021
"16,1,27,1",0, pw = 4,2,9,/cluster/home/farhadvadiee/2021/22dec/reed-conjecture-minus-one/Build/./treewidzard -search   pw = 4  -pl -pdbgn  -premise IsomorphismBreadthFirstSearch ../../inputs/MaxDegree_2_CliqueNumberSimpleGraphs_2_HasMultipleEdges__ChromaticNumber_2.txt > /cluster/projects/nn9535k/farhad/2021/22dec/reed-conjecture-minus-one-pw/main-script/job-generation/../../program-outputs/19912415.txt,,"Conjecture: Not Satisfied
",,../../inputs/MaxDegree_2_CliqueNumberSimpleGraphs_2_HasMultipleEdges__ChromaticNumber_2,14-00:00:00, -pl -pdbgn ,1,19912415,IsomorphismBreadthFirstSearch,,-premise,22 19:54:18 CET 2021,1,NN9535K,00:00:08,2,/cluster/projects/nn9535k/farhad/2021/22dec/reed-conjecture-minus-one-pw/main-script/job-generation/../../jobs/19912415.sh,32G,4728560,2,53,DONE,1,Wed Dec 22 19:54:11 CET 2021
"32,1,42,1",3028K, pw = 5,2,9,/cluster/home/farhadvadiee/2021/22dec/reed-conjecture-minus-one/Build/./treewidzard -search   pw = 5  -pl -pdbgn    IsomorphismBreadthFirstSearch ../../inputs/MaxDegree_2_CliqueNumberSimpleGraphs_2_HasMultipleEdges__ChromaticNumber_2.txt > /cluster/projects/nn9535k/farhad/2021/22dec/reed-conjecture-minus-one-pw/main-script/job-generation/../../program-outputs/19912420.txt,,"Conjecture: Not Satisfied
",,../../inputs/MaxDegree_2_CliqueNumberSimpleGraphs_2_HasMultipleEdges__ChromaticNumber_2,14-00:00:00, -pl -pdbgn ,1,19912420,IsomorphismBreadthFirstSearch,, ,22 19:56:00 CET 2021,1,NN9535K,00:01:50,2,/cluster/projects/nn9535k/farhad/2021/22dec/reed-conjecture-minus-one-pw/main-script/job-generation/../../jobs/19912420.sh,32G,4728561,2,232,DONE,1,Wed Dec 22 19:54:11 CET 2021
"32,1,42,1",1856K, pw = 5,2,9,/cluster/home/farhadvadiee/2021/22dec/reed-conjecture-minus-one/Build/./treewidzard -search   pw = 5  -pl -pdbgn  -premise IsomorphismBreadthFirstSearch ../../inputs/MaxDegree_2_CliqueNumberSimpleGraphs_2_HasMultipleEdges__ChromaticNumber_2.txt > /cluster/projects/nn9535k/farhad/2021/22dec/reed-conjecture-minus-one-pw/main-script/job-generation/../../program-outputs/19912425.txt,,"Conjecture: Not Satisfied
",,../../inputs/MaxDegree_2_CliqueNumberSimpleGraphs_2_HasMultipleEdges__ChromaticNumber_2,14-00:00:00, -pl -pdbgn ,1,19912425,IsomorphismBreadthFirstSearch,,-premise,22 19:55:09 CET 2021,1,NN9535K,00:00:59,2,/cluster/projects/nn9535k/farhad/2021/22dec/reed-conjecture-minus-one-pw/main-script/job-generation/../../jobs/19912425.sh,32G,4728562,2,61,DONE,1,Wed Dec 22 19:54:11 CET 2021
"2,1,4,1",0, pw = 1,2,15,/cluster/home/farhadvadiee/2021/22dec/reed-conjecture-minus-one/Build/./treewidzard -search   pw = 1  -pl -pdbgn    IsomorphismBreadthFirstSearch ../../inputs/MaxDegree_3_CliqueNumberSimpleGraphs_2_HasMultipleEdges__ChromaticNumber_2.txt > /cluster/projects/nn9535k/farhad/2021/22dec/reed-conjecture-minus-one-pw/main-script/job-generation/../../program-outputs/19912430.txt,,"Conjecture: Satisfied
",,../../inputs/MaxDegree_3_CliqueNumberSimpleGraphs_2_HasMultipleEdges__ChromaticNumber_2,14-00:00:00, -pl -pdbgn ,1,19912430,IsomorphismBreadthFirstSearch,, ,22 19:54:12 CET 2021,1,NN9535K,00:00:01,3,/cluster/projects/nn9535k/farhad/2021/22dec/reed-conjecture-minus-one-pw/main-script/job-generation/../../jobs/19912430.sh,4G,4728563,2,37,DONE,1,Wed Dec 22 19:54:10 CET 2021
"2,1,4,1",0, pw = 1,2,12,/cluster/home/farhadvadiee/2021/22dec/reed-conjecture-minus-one/Build/./treewidzard -search   pw = 1  -pl -pdbgn  -premise IsomorphismBreadthFirstSearch ../../inputs/MaxDegree_3_CliqueNumberSimpleGraphs_2_HasMultipleEdges__ChromaticNumber_2.txt > /cluster/projects/nn9535k/farhad/2021/22dec/reed-conjecture-minus-one-pw/main-script/job-generation/../../program-outputs/19912435.txt,,"Conjecture: Satisfied
",,../../inputs/MaxDegree_3_CliqueNumberSimpleGraphs_2_HasMultipleEdges__ChromaticNumber_2,14-00:00:00, -pl -pdbgn ,1,19912435,IsomorphismBreadthFirstSearch,,-premise,22 19:54:12 CET 2021,1,NN9535K,00:00:01,3,/cluster/projects/nn9535k/farhad/2021/22dec/reed-conjecture-minus-one-pw/main-script/job-generation/../../jobs/19912435.sh,4G,4728564,2,12,DONE,1,Wed Dec 22 19:54:11 CET 2021
"4,1,10,1",0, pw = 2,2,11,/cluster/home/farhadvadiee/2021/22dec/reed-conjecture-minus-one/Build/./treewidzard -search   pw = 2  -pl -pdbgn    IsomorphismBreadthFirstSearch ../../inputs/MaxDegree_3_CliqueNumberSimpleGraphs_2_HasMultipleEdges__ChromaticNumber_2.txt > /cluster/projects/nn9535k/farhad/2021/22dec/reed-conjecture-minus-one-pw/main-script/job-generation/../../program-outputs/19912441.txt,,"Conjecture: Not Satisfied
",,../../inputs/MaxDegree_3_CliqueNumberSimpleGraphs_2_HasMultipleEdges__ChromaticNumber_2,14-00:00:00, -pl -pdbgn ,1,19912441,IsomorphismBreadthFirstSearch,, ,22 19:54:15 CET 2021,1,NN9535K,00:00:03,3,/cluster/projects/nn9535k/farhad/2021/22dec/reed-conjecture-minus-one-pw/main-script/job-generation/../../jobs/19912441.sh,4G,4728565,2,299,DONE,1,Wed Dec 22 19:54:11 CET 2021
"4,1,9,1",0, pw = 2,2,11,/cluster/home/farhadvadiee/2021/22dec/reed-conjecture-minus-one/Build/./treewidzard -search   pw = 2  -pl -pdbgn  -premise IsomorphismBreadthFirstSearch ../../inputs/MaxDegree_3_CliqueNumberSimpleGraphs_2_HasMultipleEdges__ChromaticNumber_2.txt > /cluster/projects/nn9535k/farhad/2021/22dec/reed-conjecture-minus-one-pw/main-script/job-generation/../../program-outputs/19912446.txt,,"Conjecture: Not Satisfied
",,../../inputs/MaxDegree_3_CliqueNumberSimpleGraphs_2_HasMultipleEdges__ChromaticNumber_2,14-00:00:00, -pl -pdbgn ,1,19912446,IsomorphismBreadthFirstSearch,,-premise,22 19:54:12 CET 2021,1,NN9535K,00:00:02,3,/cluster/projects/nn9535k/farhad/2021/22dec/reed-conjecture-minus-one-pw/main-script/job-generation/../../jobs/19912446.sh,4G,4728566,2,45,DONE,1,Wed Dec 22 19:54:11 CET 2021
"8,1,18,1",0, pw = 3,2,10,/cluster/home/farhadvadiee/2021/22dec/reed-conjecture-minus-one/Build/./treewidzard -search   pw = 3  -pl -pdbgn    IsomorphismBreadthFirstSearch ../../inputs/MaxDegree_3_CliqueNumberSimpleGraphs_2_HasMultipleEdges__ChromaticNumber_2.txt > /cluster/projects/nn9535k/farhad/2021/22dec/reed-conjecture-minus-one-pw/main-script/job-generation/../../program-outputs/19912451.txt,,"Conjecture: Not Satisfied
",,../../inputs/MaxDegree_3_CliqueNumberSimpleGraphs_2_HasMultipleEdges__ChromaticNumber_2,14-00:00:00, -pl -pdbgn ,1,19912451,IsomorphismBreadthFirstSearch,, ,22 19:54:19 CET 2021,1,NN9535K,00:00:08,3,/cluster/projects/nn9535k/farhad/2021/22dec/reed-conjecture-minus-one-pw/main-script/job-generation/../../jobs/19912451.sh,16G,4728567,2,393,DONE,1,Wed Dec 22 19:54:11 CET 2021
"8,1,18,1",0, pw = 3,2,10,/cluster/home/farhadvadiee/2021/22dec/reed-conjecture-minus-one/Build/./treewidzard -search   pw = 3  -pl -pdbgn  -premise IsomorphismBreadthFirstSearch ../../inputs/MaxDegree_3_CliqueNumberSimpleGraphs_2_HasMultipleEdges__ChromaticNumber_2.txt > /cluster/projects/nn9535k/farhad/2021/22dec/reed-conjecture-minus-one-pw/main-script/job-generation/../../program-outputs/19912457.txt,,"Conjecture: Not Satisfied
",,../../inputs/MaxDegree_3_CliqueNumberSimpleGraphs_2_HasMultipleEdges__ChromaticNumber_2,14-00:00:00, -pl -pdbgn ,1,19912457,IsomorphismBreadthFirstSearch,,-premise,22 19:54:14 CET 2021,1,NN9535K,00:00:04,3,/cluster/projects/nn9535k/farhad/2021/22dec/reed-conjecture-minus-one-pw/main-script/job-generation/../../jobs/19912457.sh,16G,4728568,2,66,DONE,1,Wed Dec 22 19:54:11 CET 2021
"16,1,29,1",0, pw = 4,2,9,/cluster/home/farhadvadiee/2021/22dec/reed-conjecture-minus-one/Build/./treewidzard -search   pw = 4  -pl -pdbgn    IsomorphismBreadthFirstSearch ../../inputs/MaxDegree_3_CliqueNumberSimpleGraphs_2_HasMultipleEdges__ChromaticNumber_2.txt > /cluster/projects/nn9535k/farhad/2021/22dec/reed-conjecture-minus-one-pw/main-script/job-generation/../../program-outputs/19912464.txt,,"Conjecture: Not Satisfied
",,../../inputs/MaxDegree_3_CliqueNumberSimpleGraphs_2_HasMultipleEdges__ChromaticNumber_2,14-00:00:00, -pl -pdbgn ,1,19912464,IsomorphismBreadthFirstSearch,, ,22 19:54:33 CET 2021,1,NN9535K,00:00:23,3,/cluster/projects/nn9535k/farhad/2021/22dec/reed-conjecture-minus-one-pw/main-script/job-generation/../../jobs/19912464.sh,32G,4728569,2,250,DONE,1,Wed Dec 22 19:54:11 CET 2021
"16,1,27,1",0, pw = 4,2,9,/cluster/home/farhadvadiee/2021/22dec/reed-conjecture-minus-one/Build/./treewidzard -search   pw = 4  -pl -pdbgn  -premise IsomorphismBreadthFirstSearch ../../inputs/MaxDegree_3_CliqueNumberSimpleGraphs_2_HasMultipleEdges__ChromaticNumber_2.txt > /cluster/projects/nn9535k/farhad/2021/22dec/reed-conjecture-minus-one-pw/main-script/job-generation/../../program-outputs/19912468.txt,,"Conjecture: Not Satisfied
",,../../inputs/MaxDegree_3_CliqueNumberSimpleGraphs_2_HasMultipleEdges__ChromaticNumber_2,14-00:00:00, -pl -pdbgn ,1,19912468,IsomorphismBreadthFirstSearch,,-premise,22 19:54:20 CET 2021,1,NN9535K,00:00:10,3,/cluster/projects/nn9535k/farhad/2021/22dec/reed-conjecture-minus-one-pw/main-script/job-generation/../../jobs/19912468.sh,32G,4728570,2,61,DONE,1,Wed Dec 22 19:54:11 CET 2021
"32,1,42,1",3796K, pw = 5,2,9,/cluster/home/farhadvadiee/2021/22dec/reed-conjecture-minus-one/Build/./treewidzard -search   pw = 5  -pl -pdbgn    IsomorphismBreadthFirstSearch ../../inputs/MaxDegree_3_CliqueNumberSimpleGraphs_2_HasMultipleEdges__ChromaticNumber_2.txt > /cluster/projects/nn9535k/farhad/2021/22dec/reed-conjecture-minus-one-pw/main-script/job-generation/../../program-outputs/19912473.txt,,"Conjecture: Not Satisfied
",,../../inputs/MaxDegree_3_CliqueNumberSimpleGraphs_2_HasMultipleEdges__ChromaticNumber_2,14-00:00:00, -pl -pdbgn ,1,19912473,IsomorphismBreadthFirstSearch,, ,22 19:56:15 CET 2021,1,NN9535K,00:02:05,3,/cluster/projects/nn9535k/farhad/2021/22dec/reed-conjecture-minus-one-pw/main-script/job-generation/../../jobs/19912473.sh,32G,4728571,2,265,DONE,1,Wed Dec 22 19:54:10 CET 2021
"32,1,42,1",3076K, pw = 5,2,9,/cluster/home/farhadvadiee/2021/22dec/reed-conjecture-minus-one/Build/./treewidzard -search   pw = 5  -pl -pdbgn  -premise IsomorphismBreadthFirstSearch ../../inputs/MaxDegree_3_CliqueNumberSimpleGraphs_2_HasMultipleEdges__ChromaticNumber_2.txt > /cluster/projects/nn9535k/farhad/2021/22dec/reed-conjecture-minus-one-pw/main-script/job-generation/../../program-outputs/19912478.txt,,"Conjecture: Not Satisfied
",,../../inputs/MaxDegree_3_CliqueNumberSimpleGraphs_2_HasMultipleEdges__ChromaticNumber_2,14-00:00:00, -pl -pdbgn ,1,19912478,IsomorphismBreadthFirstSearch,,-premise,22 19:55:20 CET 2021,1,NN9535K,00:01:10,3,/cluster/projects/nn9535k/farhad/2021/22dec/reed-conjecture-minus-one-pw/main-script/job-generation/../../jobs/19912478.sh,32G,4728572,2,70,DONE,1,Wed Dec 22 19:54:10 CET 2021
"2,1,4,1",0, pw = 1,3,18,/cluster/home/farhadvadiee/2021/22dec/reed-conjecture-minus-one/Build/./treewidzard -search   pw = 1  -pl -pdbgn    IsomorphismBreadthFirstSearch ../../inputs/MaxDegree_4_CliqueNumberSimpleGraphs_2_HasMultipleEdges__ChromaticNumber_3.txt > /cluster/projects/nn9535k/farhad/2021/22dec/reed-conjecture-minus-one-pw/main-script/job-generation/../../program-outputs/19912484.txt,,"Conjecture: Satisfied
",,../../inputs/MaxDegree_4_CliqueNumberSimpleGraphs_2_HasMultipleEdges__ChromaticNumber_3,14-00:00:00, -pl -pdbgn ,1,19912484,IsomorphismBreadthFirstSearch,, ,22 19:54:14 CET 2021,1,NN9535K,00:00:04,4,/cluster/projects/nn9535k/farhad/2021/22dec/reed-conjecture-minus-one-pw/main-script/job-generation/../../jobs/19912484.sh,4G,4728573,2,46,DONE,1,Wed Dec 22 19:54:11 CET 2021
"2,1,4,1",0, pw = 1,3,15,/cluster/home/farhadvadiee/2021/22dec/reed-conjecture-minus-one/Build/./treewidzard -search   pw = 1  -pl -pdbgn  -premise IsomorphismBreadthFirstSearch ../../inputs/MaxDegree_4_CliqueNumberSimpleGraphs_2_HasMultipleEdges__ChromaticNumber_3.txt > /cluster/projects/nn9535k/farhad/2021/22dec/reed-conjecture-minus-one-pw/main-script/job-generation/../../program-outputs/19912489.txt,,"Conjecture: Satisfied
",,../../inputs/MaxDegree_4_CliqueNumberSimpleGraphs_2_HasMultipleEdges__ChromaticNumber_3,14-00:00:00, -pl -pdbgn ,1,19912489,IsomorphismBreadthFirstSearch,,-premise,22 19:54:15 CET 2021,1,NN9535K,00:00:03,4,/cluster/projects/nn9535k/farhad/2021/22dec/reed-conjecture-minus-one-pw/main-script/job-generation/../../jobs/19912489.sh,4G,4728574,2,15,DONE,1,Wed Dec 22 19:54:11 CET 2021
"5,1,12,1",0, pw = 2,3,28,/cluster/home/farhadvadiee/2021/22dec/reed-conjecture-minus-one/Build/./treewidzard -search   pw = 2  -pl -pdbgn    IsomorphismBreadthFirstSearch ../../inputs/MaxDegree_4_CliqueNumberSimpleGraphs_2_HasMultipleEdges__ChromaticNumber_3.txt > /cluster/projects/nn9535k/farhad/2021/22dec/reed-conjecture-minus-one-pw/main-script/job-generation/../../program-outputs/19912494.txt,,"Conjecture: Satisfied
",,../../inputs/MaxDegree_4_CliqueNumberSimpleGraphs_2_HasMultipleEdges__ChromaticNumber_3,14-00:00:00, -pl -pdbgn ,1,19912494,IsomorphismBreadthFirstSearch,, ,22 19:54:28 CET 2021,1,NN9535K,00:00:17,4,/cluster/projects/nn9535k/farhad/2021/22dec/reed-conjecture-minus-one-pw/main-script/job-generation/../../jobs/19912494.sh,4G,4728575,2,1843,DONE,1,Wed Dec 22 19:54:12 CET 2021
"5,1,9,1",0, pw = 2,3,28,/cluster/home/farhadvadiee/2021/22dec/reed-conjecture-minus-one/Build/./treewidzard -search   pw = 2  -pl -pdbgn  -premise IsomorphismBreadthFirstSearch ../../inputs/MaxDegree_4_CliqueNumberSimpleGraphs_2_HasMultipleEdges__ChromaticNumber_3.txt > /cluster/projects/nn9535k/farhad/2021/22dec/reed-conjecture-minus-one-pw/main-script/job-generation/../../program-outputs/19912499.txt,,"Conjecture: Satisfied
",,../../inputs/MaxDegree_4_CliqueNumberSimpleGraphs_2_HasMultipleEdges__ChromaticNumber_3,14-00:00:00, -pl -pdbgn ,1,19912499,IsomorphismBreadthFirstSearch,,-premise,22 19:54:14 CET 2021,1,NN9535K,00:00:03,4,/cluster/projects/nn9535k/farhad/2021/22dec/reed-conjecture-minus-one-pw/main-script/job-generation/../../jobs/19912499.sh,4G,4728576,2,128,DONE,1,Wed Dec 22 19:54:11 CET 2021
"14,1,26,1",1922120K, pw = 3,3,62,/cluster/home/farhadvadiee/2021/22dec/reed-conjecture-minus-one/Build/./treewidzard -search   pw = 3  -pl -pdbgn    IsomorphismBreadthFirstSearch ../../inputs/MaxDegree_4_CliqueNumberSimpleGraphs_2_HasMultipleEdges__ChromaticNumber_3.txt > /cluster/projects/nn9535k/farhad/2021/22dec/reed-conjecture-minus-one-pw/main-script/job-generation/../../program-outputs/19912504.txt,,"Conjecture: Satisfied
",,../../inputs/MaxDegree_4_CliqueNumberSimpleGraphs_2_HasMultipleEdges__ChromaticNumber_3,14-00:00:00, -pl -pdbgn ,1,19912504,IsomorphismBreadthFirstSearch,, ,23 20:20:49 CET 2021,1,NN9535K,1-00:26:39,4,/cluster/projects/nn9535k/farhad/2021/22dec/reed-conjecture-minus-one-pw/main-script/job-generation/../../jobs/19912504.sh,16G,4728577,2,1575307,DONE,1,Wed Dec 22 19:54:11 CET 2021
"14,1,18,1",3244K, pw = 3,3,41,/cluster/home/farhadvadiee/2021/22dec/reed-conjecture-minus-one/Build/./treewidzard -search   pw = 3  -pl -pdbgn  -premise IsomorphismBreadthFirstSearch ../../inputs/MaxDegree_4_CliqueNumberSimpleGraphs_2_HasMultipleEdges__ChromaticNumber_3.txt > /cluster/projects/nn9535k/farhad/2021/22dec/reed-conjecture-minus-one-pw/main-script/job-generation/../../program-outputs/19912509.txt,,"Conjecture: Satisfied
",,../../inputs/MaxDegree_4_CliqueNumberSimpleGraphs_2_HasMultipleEdges__ChromaticNumber_3,14-00:00:00, -pl -pdbgn ,1,19912509,IsomorphismBreadthFirstSearch,,-premise,22 19:55:22 CET 2021,1,NN9535K,00:01:11,4,/cluster/projects/nn9535k/farhad/2021/22dec/reed-conjecture-minus-one-pw/main-script/job-generation/../../jobs/19912509.sh,16G,4728578,2,1492,DONE,1,Wed Dec 22 19:54:11 CET 2021
"41,1,39,1",6619948K, pw = 4,3,22,/cluster/home/farhadvadiee/2021/22dec/reed-conjecture-minus-one/Build/./treewidzard -search   pw = 4  -pl -pdbgn    IsomorphismBreadthFirstSearch ../../inputs/MaxDegree_4_CliqueNumberSimpleGraphs_2_HasMultipleEdges__ChromaticNumber_3.txt > /cluster/projects/nn9535k/farhad/2021/22dec/reed-conjecture-minus-one-pw/main-script/job-generation/../../program-outputs/19912514.txt,,Not Finished,"slurmstepd: error: *** JOB 4728579 ON c3-53 CANCELLED AT 2022-01-05T20:32:50 DUE TO TIME LIMIT ***
",../../inputs/MaxDegree_4_CliqueNumberSimpleGraphs_2_HasMultipleEdges__ChromaticNumber_3,14-00:00:00, -pl -pdbgn ,1,19912514,IsomorphismBreadthFirstSearch,Error, ,5 20:32:52 CET 2022,1,NN9535K,14-00:00:1,4,/cluster/projects/nn9535k/farhad/2021/22dec/reed-conjecture-minus-one-pw/main-script/job-generation/../../jobs/19912514.sh,32G,4728579,2,2622338,DONE,1,Wed Dec 22 19:54:11 CET 2021
"41,1,32,1",2965580K, pw = 4,3,78,/cluster/home/farhadvadiee/2021/22dec/reed-conjecture-minus-one/Build/./treewidzard -search   pw = 4  -pl -pdbgn  -premise IsomorphismBreadthFirstSearch ../../inputs/MaxDegree_4_CliqueNumberSimpleGraphs_2_HasMultipleEdges__ChromaticNumber_3.txt > /cluster/projects/nn9535k/farhad/2021/22dec/reed-conjecture-minus-one-pw/main-script/job-generation/../../program-outputs/19912519.txt,,"Conjecture: Not Satisfied
",,../../inputs/MaxDegree_4_CliqueNumberSimpleGraphs_2_HasMultipleEdges__ChromaticNumber_3,14-00:00:00, -pl -pdbgn ,1,19912519,IsomorphismBreadthFirstSearch,,-premise,1 16:41:21 CET 2022,1,NN9535K,9-20:47:10,4,/cluster/projects/nn9535k/farhad/2021/22dec/reed-conjecture-minus-one-pw/main-script/job-generation/../../jobs/19912519.sh,32G,4728580,2,1560019,DONE,1,Wed Dec 22 19:54:11 CET 2021
"122,1,56,1",1680932K, pw = 5,3,18,/cluster/home/farhadvadiee/2021/22dec/reed-conjecture-minus-one/Build/./treewidzard -search   pw = 5  -pl -pdbgn    IsomorphismBreadthFirstSearch ../../inputs/MaxDegree_4_CliqueNumberSimpleGraphs_2_HasMultipleEdges__ChromaticNumber_3.txt > /cluster/projects/nn9535k/farhad/2021/22dec/reed-conjecture-minus-one-pw/main-script/job-generation/../../program-outputs/19912524.txt,,Not Finished,"slurmstepd: error: *** JOB 4728581 ON c3-52 CANCELLED AT 2022-01-05T20:32:50 DUE TO TIME LIMIT ***
",../../inputs/MaxDegree_4_CliqueNumberSimpleGraphs_2_HasMultipleEdges__ChromaticNumber_3,14-00:00:00, -pl -pdbgn ,1,19912524,IsomorphismBreadthFirstSearch,Error, ,5 20:32:53 CET 2022,1,NN9535K,14-00:00:1,4,/cluster/projects/nn9535k/farhad/2021/22dec/reed-conjecture-minus-one-pw/main-script/job-generation/../../jobs/19912524.sh,32G,4728581,2,500540,DONE,1,Wed Dec 22 19:54:10 CET 2021
"122,1,52,1",757348K, pw = 5,3,27,/cluster/home/farhadvadiee/2021/22dec/reed-conjecture-minus-one/Build/./treewidzard -search   pw = 5  -pl -pdbgn  -premise IsomorphismBreadthFirstSearch ../../inputs/MaxDegree_4_CliqueNumberSimpleGraphs_2_HasMultipleEdges__ChromaticNumber_3.txt > /cluster/projects/nn9535k/farhad/2021/22dec/reed-conjecture-minus-one-pw/main-script/job-generation/../../program-outputs/19912529.txt,,Not Finished,"slurmstepd: error: *** JOB 4728582 ON c3-52 CANCELLED AT 2022-01-05T20:32:50 DUE TO TIME LIMIT ***
",../../inputs/MaxDegree_4_CliqueNumberSimpleGraphs_2_HasMultipleEdges__ChromaticNumber_3,14-00:00:00, -pl -pdbgn ,1,19912529,IsomorphismBreadthFirstSearch,Error,-premise,5 20:32:54 CET 2022,1,NN9535K,14-00:00:1,4,/cluster/projects/nn9535k/farhad/2021/22dec/reed-conjecture-minus-one-pw/main-script/job-generation/../../jobs/19912529.sh,32G,4728582,2,174560,DONE,1,Wed Dec 22 19:54:11 CET 2021
"2,1,4,1",0, pw = 1,3,21,/cluster/home/farhadvadiee/2021/22dec/reed-conjecture-minus-one/Build/./treewidzard -search   pw = 1  -pl -pdbgn    IsomorphismBreadthFirstSearch ../../inputs/MaxDegree_5_CliqueNumberSimpleGraphs_2_HasMultipleEdges__ChromaticNumber_3.txt > /cluster/projects/nn9535k/farhad/2021/22dec/reed-conjecture-minus-one-pw/main-script/job-generation/../../program-outputs/19912534.txt,,"Conjecture: Satisfied
",,../../inputs/MaxDegree_5_CliqueNumberSimpleGraphs_2_HasMultipleEdges__ChromaticNumber_3,14-00:00:00, -pl -pdbgn ,1,19912534,IsomorphismBreadthFirstSearch,, ,22 19:54:13 CET 2021,1,NN9535K,00:00:03,5,/cluster/projects/nn9535k/farhad/2021/22dec/reed-conjecture-minus-one-pw/main-script/job-generation/../../jobs/19912534.sh,4G,4728583,2,56,DONE,1,Wed Dec 22 19:54:11 CET 2021
"2,1,4,1",0, pw = 1,3,18,/cluster/home/farhadvadiee/2021/22dec/reed-conjecture-minus-one/Build/./treewidzard -search   pw = 1  -pl -pdbgn  -premise IsomorphismBreadthFirstSearch ../../inputs/MaxDegree_5_CliqueNumberSimpleGraphs_2_HasMultipleEdges__ChromaticNumber_3.txt > /cluster/projects/nn9535k/farhad/2021/22dec/reed-conjecture-minus-one-pw/main-script/job-generation/../../program-outputs/19912539.txt,,"Conjecture: Satisfied
",,../../inputs/MaxDegree_5_CliqueNumberSimpleGraphs_2_HasMultipleEdges__ChromaticNumber_3,14-00:00:00, -pl -pdbgn ,1,19912539,IsomorphismBreadthFirstSearch,,-premise,22 19:54:12 CET 2021,1,NN9535K,00:00:02,5,/cluster/projects/nn9535k/farhad/2021/22dec/reed-conjecture-minus-one-pw/main-script/job-generation/../../jobs/19912539.sh,4G,4728584,2,18,DONE,1,Wed Dec 22 19:54:11 CET 2021
"5,1,12,1",5064K, pw = 2,3,34,/cluster/home/farhadvadiee/2021/22dec/reed-conjecture-minus-one/Build/./treewidzard -search   pw = 2  -pl -pdbgn    IsomorphismBreadthFirstSearch ../../inputs/MaxDegree_5_CliqueNumberSimpleGraphs_2_HasMultipleEdges__ChromaticNumber_3.txt > /cluster/projects/nn9535k/farhad/2021/22dec/reed-conjecture-minus-one-pw/main-script/job-generation/../../program-outputs/19912544.txt,,"Conjecture: Satisfied
",,../../inputs/MaxDegree_5_CliqueNumberSimpleGraphs_2_HasMultipleEdges__ChromaticNumber_3,14-00:00:00, -pl -pdbgn ,1,19912544,IsomorphismBreadthFirstSearch,, ,22 19:54:47 CET 2021,1,NN9535K,00:00:37,5,/cluster/projects/nn9535k/farhad/2021/22dec/reed-conjecture-minus-one-pw/main-script/job-generation/../../jobs/19912544.sh,4G,4728585,2,3504,DONE,1,Wed Dec 22 19:54:11 CET 2021
"5,1,9,1",0, pw = 2,3,34,/cluster/home/farhadvadiee/2021/22dec/reed-conjecture-minus-one/Build/./treewidzard -search   pw = 2  -pl -pdbgn  -premise IsomorphismBreadthFirstSearch ../../inputs/MaxDegree_5_CliqueNumberSimpleGraphs_2_HasMultipleEdges__ChromaticNumber_3.txt > /cluster/projects/nn9535k/farhad/2021/22dec/reed-conjecture-minus-one-pw/main-script/job-generation/../../program-outputs/19912549.txt,,"Conjecture: Satisfied
",,../../inputs/MaxDegree_5_CliqueNumberSimpleGraphs_2_HasMultipleEdges__ChromaticNumber_3,14-00:00:00, -pl -pdbgn ,1,19912549,IsomorphismBreadthFirstSearch,,-premise,22 19:54:14 CET 2021,1,NN9535K,00:00:04,5,/cluster/projects/nn9535k/farhad/2021/22dec/reed-conjecture-minus-one-pw/main-script/job-generation/../../jobs/19912549.sh,4G,4728586,2,194,DONE,1,Wed Dec 22 19:54:11 CET 2021
"14,1,26,1",6284628K, pw = 3,3,58,/cluster/home/farhadvadiee/2021/22dec/reed-conjecture-minus-one/Build/./treewidzard -search   pw = 3  -pl -pdbgn    IsomorphismBreadthFirstSearch ../../inputs/MaxDegree_5_CliqueNumberSimpleGraphs_2_HasMultipleEdges__ChromaticNumber_3.txt > /cluster/projects/nn9535k/farhad/2021/22dec/reed-conjecture-minus-one-pw/main-script/job-generation/../../program-outputs/19912554.txt,,"Conjecture: Satisfied
",,../../inputs/MaxDegree_5_CliqueNumberSimpleGraphs_2_HasMultipleEdges__ChromaticNumber_3,14-00:00:00, -pl -pdbgn ,1,19912554,IsomorphismBreadthFirstSearch,, ,27 04:10:56 CET 2021,1,NN9535K,4-08:16:46,5,/cluster/projects/nn9535k/farhad/2021/22dec/reed-conjecture-minus-one-pw/main-script/job-generation/../../jobs/19912554.sh,16G,4728587,2,4571402,DONE,1,Wed Dec 22 19:54:11 CET 2021
"14,1,18,1",5932K, pw = 3,3,50,/cluster/home/farhadvadiee/2021/22dec/reed-conjecture-minus-one/Build/./treewidzard -search   pw = 3  -pl -pdbgn  -premise IsomorphismBreadthFirstSearch ../../inputs/MaxDegree_5_CliqueNumberSimpleGraphs_2_HasMultipleEdges__ChromaticNumber_3.txt > /cluster/projects/nn9535k/farhad/2021/22dec/reed-conjecture-minus-one-pw/main-script/job-generation/../../program-outputs/19912559.txt,,"Conjecture: Satisfied
",,../../inputs/MaxDegree_5_CliqueNumberSimpleGraphs_2_HasMultipleEdges__ChromaticNumber_3,14-00:00:00, -pl -pdbgn ,1,19912559,IsomorphismBreadthFirstSearch,,-premise,22 19:56:57 CET 2021,1,NN9535K,00:02:47,5,/cluster/projects/nn9535k/farhad/2021/22dec/reed-conjecture-minus-one-pw/main-script/job-generation/../../jobs/19912559.sh,16G,4728588,2,3096,DONE,1,Wed Dec 22 19:54:11 CET 2021
"41,1,39,1",8152444K, pw = 4,3,21,/cluster/home/farhadvadiee/2021/22dec/reed-conjecture-minus-one/Build/./treewidzard -search   pw = 4  -pl -pdbgn    IsomorphismBreadthFirstSearch ../../inputs/MaxDegree_5_CliqueNumberSimpleGraphs_2_HasMultipleEdges__ChromaticNumber_3.txt > /cluster/projects/nn9535k/farhad/2021/22dec/reed-conjecture-minus-one-pw/main-script/job-generation/../../program-outputs/19912564.txt,,Not Finished,"slurmstepd: error: *** JOB 4728589 ON c3-52 CANCELLED AT 2022-01-05T20:32:50 DUE TO TIME LIMIT ***
",../../inputs/MaxDegree_5_CliqueNumberSimpleGraphs_2_HasMultipleEdges__ChromaticNumber_3,14-00:00:00, -pl -pdbgn ,1,19912564,IsomorphismBreadthFirstSearch,Error, ,5 20:32:53 CET 2022,1,NN9535K,14-00:00:1,5,/cluster/projects/nn9535k/farhad/2021/22dec/reed-conjecture-minus-one-pw/main-script/job-generation/../../jobs/19912564.sh,32G,4728589,2,2379023,DONE,1,Wed Dec 22 19:54:11 CET 2021
"41,1,32,1",5257400K, pw = 4,3,47,/cluster/home/farhadvadiee/2021/22dec/reed-conjecture-minus-one/Build/./treewidzard -search   pw = 4  -pl -pdbgn  -premise IsomorphismBreadthFirstSearch ../../inputs/MaxDegree_5_CliqueNumberSimpleGraphs_2_HasMultipleEdges__ChromaticNumber_3.txt > /cluster/projects/nn9535k/farhad/2021/22dec/reed-conjecture-minus-one-pw/main-script/job-generation/../../program-outputs/19912570.txt,,Not Finished,"slurmstepd: error: *** JOB 4728590 ON c3-52 CANCELLED AT 2022-01-05T20:32:50 DUE TO TIME LIMIT ***
",../../inputs/MaxDegree_5_CliqueNumberSimpleGraphs_2_HasMultipleEdges__ChromaticNumber_3,14-00:00:00, -pl -pdbgn ,1,19912570,IsomorphismBreadthFirstSearch,Error,-premise,5 20:32:52 CET 2022,1,NN9535K,14-00:00:1,5,/cluster/projects/nn9535k/farhad/2021/22dec/reed-conjecture-minus-one-pw/main-script/job-generation/../../jobs/19912570.sh,32G,4728590,2,1908225,DONE,1,Wed Dec 22 19:54:11 CET 2021
"122,1,56,1",2602200K, pw = 5,3,17,/cluster/home/farhadvadiee/2021/22dec/reed-conjecture-minus-one/Build/./treewidzard -search   pw = 5  -pl -pdbgn    IsomorphismBreadthFirstSearch ../../inputs/MaxDegree_5_CliqueNumberSimpleGraphs_2_HasMultipleEdges__ChromaticNumber_3.txt > /cluster/projects/nn9535k/farhad/2021/22dec/reed-conjecture-minus-one-pw/main-script/job-generation/../../program-outputs/19912574.txt,,Not Finished,"slurmstepd: error: *** JOB 4728591 ON c3-51 CANCELLED AT 2022-01-05T20:32:50 DUE TO TIME LIMIT ***
",../../inputs/MaxDegree_5_CliqueNumberSimpleGraphs_2_HasMultipleEdges__ChromaticNumber_3,14-00:00:00, -pl -pdbgn ,1,19912574,IsomorphismBreadthFirstSearch,Error, ,5 20:32:52 CET 2022,1,NN9535K,14-00:00:1,5,/cluster/projects/nn9535k/farhad/2021/22dec/reed-conjecture-minus-one-pw/main-script/job-generation/../../jobs/19912574.sh,32G,4728591,2,265828,DONE,1,Wed Dec 22 19:54:11 CET 2021
"122,1,52,1",855424K, pw = 5,3,26,/cluster/home/farhadvadiee/2021/22dec/reed-conjecture-minus-one/Build/./treewidzard -search   pw = 5  -pl -pdbgn  -premise IsomorphismBreadthFirstSearch ../../inputs/MaxDegree_5_CliqueNumberSimpleGraphs_2_HasMultipleEdges__ChromaticNumber_3.txt > /cluster/projects/nn9535k/farhad/2021/22dec/reed-conjecture-minus-one-pw/main-script/job-generation/../../program-outputs/19912579.txt,,Not Finished,"slurmstepd: error: *** JOB 4728592 ON c3-51 CANCELLED AT 2022-01-05T20:32:50 DUE TO TIME LIMIT ***
",../../inputs/MaxDegree_5_CliqueNumberSimpleGraphs_2_HasMultipleEdges__ChromaticNumber_3,14-00:00:00, -pl -pdbgn ,1,19912579,IsomorphismBreadthFirstSearch,Error,-premise,5 20:32:53 CET 2022,1,NN9535K,14-00:00:1,5,/cluster/projects/nn9535k/farhad/2021/22dec/reed-conjecture-minus-one-pw/main-script/job-generation/../../jobs/19912579.sh,32G,4728592,2,143777,DONE,1,Wed Dec 22 19:54:11 CET 2021
"2,1,4,1",0, pw = 1,4,24,/cluster/home/farhadvadiee/2021/22dec/reed-conjecture-minus-one/Build/./treewidzard -search   pw = 1  -pl -pdbgn    IsomorphismBreadthFirstSearch ../../inputs/MaxDegree_6_CliqueNumberSimpleGraphs_2_HasMultipleEdges__ChromaticNumber_4.txt > /cluster/projects/nn9535k/farhad/2021/22dec/reed-conjecture-minus-one-pw/main-script/job-generation/../../program-outputs/19912584.txt,,"Conjecture: Satisfied
",,../../inputs/MaxDegree_6_CliqueNumberSimpleGraphs_2_HasMultipleEdges__ChromaticNumber_4,14-00:00:00, -pl -pdbgn ,1,19912584,IsomorphismBreadthFirstSearch,, ,22 19:54:14 CET 2021,1,NN9535K,00:00:03,6,/cluster/projects/nn9535k/farhad/2021/22dec/reed-conjecture-minus-one-pw/main-script/job-generation/../../jobs/19912584.sh,4G,4728593,2,67,DONE,1,Wed Dec 22 19:54:11 CET 2021
"2,1,4,1",0, pw = 1,4,21,/cluster/home/farhadvadiee/2021/22dec/reed-conjecture-minus-one/Build/./treewidzard -search   pw = 1  -pl -pdbgn  -premise IsomorphismBreadthFirstSearch ../../inputs/MaxDegree_6_CliqueNumberSimpleGraphs_2_HasMultipleEdges__ChromaticNumber_4.txt > /cluster/projects/nn9535k/farhad/2021/22dec/reed-conjecture-minus-one-pw/main-script/job-generation/../../program-outputs/19912589.txt,,"Conjecture: Satisfied
",,../../inputs/MaxDegree_6_CliqueNumberSimpleGraphs_2_HasMultipleEdges__ChromaticNumber_4,14-00:00:00, -pl -pdbgn ,1,19912589,IsomorphismBreadthFirstSearch,,-premise,22 19:54:12 CET 2021,1,NN9535K,00:00:01,6,/cluster/projects/nn9535k/farhad/2021/22dec/reed-conjecture-minus-one-pw/main-script/job-generation/../../jobs/19912589.sh,4G,4728594,2,21,DONE,1,Wed Dec 22 19:54:11 CET 2021
"5,1,12,1",8104K, pw = 2,4,40,/cluster/home/farhadvadiee/2021/22dec/reed-conjecture-minus-one/Build/./treewidzard -search   pw = 2  -pl -pdbgn    IsomorphismBreadthFirstSearch ../../inputs/MaxDegree_6_CliqueNumberSimpleGraphs_2_HasMultipleEdges__ChromaticNumber_4.txt > /cluster/projects/nn9535k/farhad/2021/22dec/reed-conjecture-minus-one-pw/main-script/job-generation/../../program-outputs/19912595.txt,,"Conjecture: Satisfied
",,../../inputs/MaxDegree_6_CliqueNumberSimpleGraphs_2_HasMultipleEdges__ChromaticNumber_4,14-00:00:00, -pl -pdbgn ,1,19912595,IsomorphismBreadthFirstSearch,, ,22 19:55:30 CET 2021,1,NN9535K,00:01:19,6,/cluster/projects/nn9535k/farhad/2021/22dec/reed-conjecture-minus-one-pw/main-script/job-generation/../../jobs/19912595.sh,4G,4728595,2,6317,DONE,1,Wed Dec 22 19:54:11 CET 2021
"5,1,9,1",0, pw = 2,4,40,/cluster/home/farhadvadiee/2021/22dec/reed-conjecture-minus-one/Build/./treewidzard -search   pw = 2  -pl -pdbgn  -premise IsomorphismBreadthFirstSearch ../../inputs/MaxDegree_6_CliqueNumberSimpleGraphs_2_HasMultipleEdges__ChromaticNumber_4.txt > /cluster/projects/nn9535k/farhad/2021/22dec/reed-conjecture-minus-one-pw/main-script/job-generation/../../program-outputs/19912599.txt,,"Conjecture: Satisfied
",,../../inputs/MaxDegree_6_CliqueNumberSimpleGraphs_2_HasMultipleEdges__ChromaticNumber_4,14-00:00:00, -pl -pdbgn ,1,19912599,IsomorphismBreadthFirstSearch,,-premise,22 19:54:14 CET 2021,1,NN9535K,00:00:04,6,/cluster/projects/nn9535k/farhad/2021/22dec/reed-conjecture-minus-one-pw/main-script/job-generation/../../jobs/19912599.sh,4G,4728596,2,274,DONE,1,Wed Dec 22 19:54:11 CET 2021
"15,1,26,1",3412140K, pw = 3,4,59,/cluster/home/farhadvadiee/2021/22dec/reed-conjecture-minus-one/Build/./treewidzard -search   pw = 3  -pl -pdbgn    IsomorphismBreadthFirstSearch ../../inputs/MaxDegree_6_CliqueNumberSimpleGraphs_2_HasMultipleEdges__ChromaticNumber_4.txt > /cluster/projects/nn9535k/farhad/2021/22dec/reed-conjecture-minus-one-pw/main-script/job-generation/../../program-outputs/19912605.txt,,"Conjecture: Satisfied
",,../../inputs/MaxDegree_6_CliqueNumberSimpleGraphs_2_HasMultipleEdges__ChromaticNumber_4,14-00:00:00, -pl -pdbgn ,1,19912605,IsomorphismBreadthFirstSearch,, ,26 05:11:57 CET 2021,1,NN9535K,3-09:17:47,6,/cluster/projects/nn9535k/farhad/2021/22dec/reed-conjecture-minus-one-pw/main-script/job-generation/../../jobs/19912605.sh,16G,4728597,2,2125693,DONE,1,Wed Dec 22 19:54:11 CET 2021
"15,1,18,1",10324K, pw = 3,4,59,/cluster/home/farhadvadiee/2021/22dec/reed-conjecture-minus-one/Build/./treewidzard -search   pw = 3  -pl -pdbgn  -premise IsomorphismBreadthFirstSearch ../../inputs/MaxDegree_6_CliqueNumberSimpleGraphs_2_HasMultipleEdges__ChromaticNumber_4.txt > /cluster/projects/nn9535k/farhad/2021/22dec/reed-conjecture-minus-one-pw/main-script/job-generation/../../program-outputs/19912610.txt,,"Conjecture: Satisfied
",,../../inputs/MaxDegree_6_CliqueNumberSimpleGraphs_2_HasMultipleEdges__ChromaticNumber_4,14-00:00:00, -pl -pdbgn ,1,19912610,IsomorphismBreadthFirstSearch,,-premise,22 20:00:44 CET 2021,1,NN9535K,00:06:34,6,/cluster/projects/nn9535k/farhad/2021/22dec/reed-conjecture-minus-one-pw/main-script/job-generation/../../jobs/19912610.sh,16G,4728598,2,5411,DONE,1,Wed Dec 22 19:54:11 CET 2021
"51,1,38,1",7288548K, pw = 4,4,20,/cluster/home/farhadvadiee/2021/22dec/reed-conjecture-minus-one/Build/./treewidzard -search   pw = 4  -pl -pdbgn    IsomorphismBreadthFirstSearch ../../inputs/MaxDegree_6_CliqueNumberSimpleGraphs_2_HasMultipleEdges__ChromaticNumber_4.txt > /cluster/projects/nn9535k/farhad/2021/22dec/reed-conjecture-minus-one-pw/main-script/job-generation/../../program-outputs/19912615.txt,,Not Finished,"slurmstepd: error: *** JOB 4728599 ON c3-51 CANCELLED AT 2022-01-05T20:32:50 DUE TO TIME LIMIT ***
",../../inputs/MaxDegree_6_CliqueNumberSimpleGraphs_2_HasMultipleEdges__ChromaticNumber_4,14-00:00:00, -pl -pdbgn ,1,19912615,IsomorphismBreadthFirstSearch,Error, ,5 20:32:53 CET 2022,1,NN9535K,14-00:00:1,6,/cluster/projects/nn9535k/farhad/2021/22dec/reed-conjecture-minus-one-pw/main-script/job-generation/../../jobs/19912615.sh,32G,4728599,2,1315781,DONE,1,Wed Dec 22 19:54:11 CET 2021
"51,1,32,1",686300K, pw = 4,4,78,/cluster/home/farhadvadiee/2021/22dec/reed-conjecture-minus-one/Build/./treewidzard -search   pw = 4  -pl -pdbgn  -premise IsomorphismBreadthFirstSearch ../../inputs/MaxDegree_6_CliqueNumberSimpleGraphs_2_HasMultipleEdges__ChromaticNumber_4.txt > /cluster/projects/nn9535k/farhad/2021/22dec/reed-conjecture-minus-one-pw/main-script/job-generation/../../program-outputs/19912620.txt,,"Conjecture: Satisfied
",,../../inputs/MaxDegree_6_CliqueNumberSimpleGraphs_2_HasMultipleEdges__ChromaticNumber_4,14-00:00:00, -pl -pdbgn ,1,19912620,IsomorphismBreadthFirstSearch,,-premise,25 08:17:08 CET 2021,1,NN9535K,2-12:22:58,6,/cluster/projects/nn9535k/farhad/2021/22dec/reed-conjecture-minus-one-pw/main-script/job-generation/../../jobs/19912620.sh,32G,4728600,2,184790,DONE,1,Wed Dec 22 19:54:11 CET 2021
"187,1,52,1",1903112K, pw = 5,4,16,/cluster/home/farhadvadiee/2021/22dec/reed-conjecture-minus-one/Build/./treewidzard -search   pw = 5  -pl -pdbgn    IsomorphismBreadthFirstSearch ../../inputs/MaxDegree_6_CliqueNumberSimpleGraphs_2_HasMultipleEdges__ChromaticNumber_4.txt > /cluster/projects/nn9535k/farhad/2021/22dec/reed-conjecture-minus-one-pw/main-script/job-generation/../../program-outputs/19912625.txt,,Not Finished,"slurmstepd: error: *** JOB 4728601 ON c3-51 CANCELLED AT 2022-01-05T20:32:50 DUE TO TIME LIMIT ***
",../../inputs/MaxDegree_6_CliqueNumberSimpleGraphs_2_HasMultipleEdges__ChromaticNumber_4,14-00:00:00, -pl -pdbgn ,1,19912625,IsomorphismBreadthFirstSearch,Error, ,5 20:32:52 CET 2022,1,NN9535K,14-00:00:1,6,/cluster/projects/nn9535k/farhad/2021/22dec/reed-conjecture-minus-one-pw/main-script/job-generation/../../jobs/19912625.sh,32G,4728601,2,115099,DONE,1,Wed Dec 22 19:54:11 CET 2021
"187,1,52,1",540332K, pw = 5,4,25,/cluster/home/farhadvadiee/2021/22dec/reed-conjecture-minus-one/Build/./treewidzard -search   pw = 5  -pl -pdbgn  -premise IsomorphismBreadthFirstSearch ../../inputs/MaxDegree_6_CliqueNumberSimpleGraphs_2_HasMultipleEdges__ChromaticNumber_4.txt > /cluster/projects/nn9535k/farhad/2021/22dec/reed-conjecture-minus-one-pw/main-script/job-generation/../../program-outputs/19912630.txt,,Not Finished,"slurmstepd: error: *** JOB 4728602 ON c3-51 CANCELLED AT 2022-01-05T20:32:50 DUE TO TIME LIMIT ***
",../../inputs/MaxDegree_6_CliqueNumberSimpleGraphs_2_HasMultipleEdges__ChromaticNumber_4,14-00:00:00, -pl -pdbgn ,1,19912630,IsomorphismBreadthFirstSearch,Error,-premise,5 20:32:53 CET 2022,1,NN9535K,14-00:00:1,6,/cluster/projects/nn9535k/farhad/2021/22dec/reed-conjecture-minus-one-pw/main-script/job-generation/../../jobs/19912630.sh,32G,4728602,2,79508,DONE,1,Wed Dec 22 19:54:11 CET 2021
